set,ident,smiles,label,vina_kcal,status,seconds
egfr_panel,C60168639,c1cc(oc1)/C=C/[C@@H]2Nc3cc(c(cc3S(=O)(=O)N2)S(=O)(=O)N)Cl,0,-7.5950,ok,40.4
egfr_panel,C21660736,Cc1c2c(n(n1)c3[nH]c4ccccc4n3)NC(=O)C[C@H]2c5ccc(cc5)C(F)(F)F,0,-9.2330,ok,56.9
egfr_panel,C31874448,Cc1ccc(cc1NC(=O)c2cn(nn2)c3ccccc3Br)S(=O)(=O)N(C)C,0,-7.9640,ok,69.8
egfr_panel,C48820255,Cc1cccc2c1NC(=O)[C@@H]2[NH2+]Cc3ccccc3Br,0,-7.8570,ok,42.3
egfr_panel,C59516497,COc1ccc(c(c1)/C=N/c2cc(ccc2Oc3ccc(c(c3)Cl)Cl)C(F)(F)F)O,0,-8.8850,ok,106.4
egfr_panel,C11004399,Cc1ccc(cc1)n2c(=O)c3c4c(sc3nc2S[C@H](C)C(=O)Nc5cc(no5)C)CCC4,0,-9.1360,ok,118.5
egfr_panel,C15675588,Cc1ccc(cc1)CN2Cc3c([nH]c[nH+]3)C[C@H]2c4nc(no4)c5ccc(cc5)OC(F)(F)F,0,-9.4890,ok,119.6
egfr_panel,C14479336,Cc1ccc(c(c1)C)NS(=O)(=O)c2ccc3c(c2)[C@@H]4C=CC[C@H]4[C@@H](N3)c5ccc(c(c5)OC)OC,0,-9.2660,ok,126.9
egfr_panel,C20593947,c1cc(ccc1n2c(c(cn2)Br)C(F)(F)F)[N+](=O)[O-],0,-7.1600,ok,32.3
egfr_panel,C20683096,CN(C1CCCCC1)S(=O)(=O)c2ccc3c(c2)[C@@H]4C=CC[C@H]4[C@@H](N3)c5cc(c(c(c5)OC)OC)OC,0,-7.5000,ok,142.3
egfr_panel,C39037776,c1ccc2c(c1)c(c[nH]2)C[C@H](C(=O)NCCCO)N3[C@@H](Nc4ccccc4C3=O)O,0,-7.9250,ok,171.6
egfr_panel,C39687190,C[C@@H](Cc1ccccc1F)NC(=O)[C@@H]2CN(CC23CC[NH2+]CC3)C(=O)c4ccc5ccccc5n4,0,-8.9310,ok,180.2
egfr_panel,C49605872,C[C@@H](c1ccc(cc1)S(=O)(=O)N)[NH2+]CC(=O)N(Cc2ccco2)[C@H]3CCS(=O)(=O)C3,0,-7.2030,ok,199.4
egfr_panel,CHEMBL162622,Brc4cccc(Nc2ncnc3cnc(NCCN1CCOCC1)cc23)c4,1,-7.9530,ok,129.8
egfr_panel,CHEMBL490496,Fc4ccc(Cc2ncnc3cc(\C=C\CCN1CCOCC1)c(NC(=O)C=C)nc23)cc4Cl,1,-8.4140,ok,189.6
egfr_panel,C13722516,CC1(CC(CC([NH2+]1)(C)C)N2Cc3c(ccc4c3occ(c4=O)c5ccccc5OC)OC2)C,0,-8.9990,ok,94.7
egfr_panel,C43313972,CC[C@H](CO)NC(=O)/N=c/1\[nH]c2ccc(cc2s1)C,0,-7.0710,ok,45.0
egfr_panel,C39973384,CC(C)(C)[C@@H]1CCCC[C@@H]1NS(=O)(=O)c2cccc3c2nsn3,0,-7.4450,ok,61.3
egfr_panel,C02457860,CCc1ccc(cc1)N2C(=O)Nc3ccc(cc3[C@]2(C(=O)N[C@@H](C)CC)O)Br,0,-7.7460,ok,79.3
egfr_panel,C64202776,CCCNC(=O)C1CCN(CC1)C(=O)NC[C@@H]([C@H]2CC=CS2)C3=c4ccccc4=[NH+]C3,0,-7.9940,ok,123.9
egfr_panel,C09033500,Cc1cc(c(c(c1CC[C@@](C)(C#C[C@@H]2c3c(cc4c(c3OC)OCO4)CC[NH+]2C)O)C)C)OC,0,-8.0240,ok,144.3
egfr_panel,C50001328,c1ccc(c(c1)CNC(=O)c2ccc(c(c2)[N+](=O)[O-])N3CCCC3)N4CCCC4,0,-8.0290,ok,83.8
egfr_panel,C18230170,Cc1cccc([nH+]1)N/C=C/2\c3ccccc3C(=O)N(C2=O)c4cccc(c4)S(=O)(=O)NCc5ccco5,0,-9.1620,ok,161.9
egfr_panel,CHEMBL76444,CN(c1cccc(Cl)c1)c2[nH]cnc3nc(C)c(C)c23,1,-7.8400,ok,31.4
egfr_panel,C64760757,Cc1ccc(c(c1)C)NC(=O)c2cc(n3c(n2)ccn3)C(C)C,0,-7.8290,ok,37.3
egfr_panel,C08916583,CCCOc1ccc(cc1OCC)[C@H]2c3ccc(cc3OC(=C2C#N)N)O,0,-7.0470,ok,87.7
egfr_panel,C34618050,c1cc(ccc1[C@@H](C(F)(F)F)O)[N+](=O)[O-],0,-6.1010,ok,20.2
egfr_panel,C37442681,CCn1c2cccc(c2nc1c3ccc(c(c3)N)C)F,0,-8.2640,ok,25.5
egfr_panel,C60751483,Cc1ccc(c(c1)C)OC(=O)CN2CCCC2=O,0,-6.8310,ok,28.7
egfr_panel,C09843463,CCCn1c2cccnc2c(=O)n(c1=O)Cc3ccc(cc3)C,0,-7.4700,ok,37.7
egfr_panel,C37289618,CC[C@@H](C)NC(=O)[C@@H](C)Oc1ccc(cc1C(=O)[O-])N,0,-6.6150,ok,52.1
egfr_panel,CHEMBL132466,COc4cc3cc2ncc(C#N)c(Nc1ccc(F)c(Cl)c1)c2cc3cc4OC,1,-8.8790,ok,56.9
egfr_panel,C40376889,CCC[C@H](/C(=N/O)/N)NS(=O)(=O)c1cc(cc(c1)Cl)Cl,0,-6.6220,ok,57.8
egfr_panel,C45074574,CC(=CC[C@](C)(COC(=O)[C@@]12CC[C@@H](C1(C)C)CC2=O)c3ccccc3)C,0,-7.4020,ok,78.3
egfr_panel,C63426904,C[C@H]1C/C(=C\c2cc(c(c(c2)OC)OC)OC)/C3=C(C1)[C@H](NC(=S)N3)c4cc(c(c(c4)OC)OC)OC,0,-7.9230,ok,116.3
egfr_panel,C58444582,c1ccc(c(c1)C#N)Sc2ccccc2C(=O)NNC(=O)c3ccc4c(c3)OCCO4,0,-8.6990,ok,92.7
egfr_panel,C19225938,C[C@]1(C(=O)N(C(=O)N1)Cc2ccc(cc2)F)C3CCN(CC3)C(=O)CCc4c[nH]c5c4cccc5,0,-8.9950,ok,134.6
egfr_panel,C27662939,Cc1ccc2c(c1)sc(c2Cl)C(=O)Nc3c4c(no3)CCCC4,0,-9.2090,ok,28.4
egfr_panel,C45830135,C[C@H](C(=O)Nc1ccc(cc1[N+](=O)[O-])Cl)Sc2nnc(n2c3ccccc3)C[NH+]4CCCC4,0,-7.8530,ok,147.0
egfr_panel,C40762777,c1cc(ccc1c2ccc3c(c2)cnn(c3=O)c4ccc([nH+]c4)N5CC[C@H](C5)NN6CCOCC6)Cl,0,-8.9640,ok,91.0
egfr_panel,C62198656,CC(C)(C)n1c(cc(n1)C(=O)N2CCc3ccccc3C2)N,0,-7.4450,ok,36.1
egfr_panel,C38659794,COc1ccc(c(c1)[C@H]2c3ccc(cc3OC(=C2C#N)N)OC(=O)c4cc(c(c(c4)OC)OC)OC)OC,0,-7.0060,ok,169.0
egfr_panel,C04814180,c1ccc(c(c1)[C@@H]2C3=C(C[C@@H](CC3=O)c4cccc(c4)Cl)Nc5n2ncn5)F,0,-9.5300,ok,37.0
egfr_panel,C38702817,CCc1ccc2c(c1)c(=O)c3c(o2)C(=O)N[C@H]3c4ccc(c(c4)Cl)Cl,0,-8.1990,ok,28.3
egfr_panel,C13098034,CCN(CC)S(=O)(=O)c1ccc(c(c1)NC(=O)C[NH2+]Cc2ccc3c(c2)OCO3)N4CCCCC4,0,-7.0000,ok,197.0
egfr_panel,C33371017,Cc1c(sc(n1)N2[C@@H](C(=C(C2=O)[O-])C(=O)c3ccncc3)c4cccc(c4)OCC=C)C(=O)OCC=C,0,-7.2620,ok,181.6
egfr_panel,C53457964,CC(C)(C(=O)N(C)Cc1ccc(cc1)C#N)NC(=O)NC,0,-6.5750,ok,48.3
egfr_panel,C17982574,COCCCN(c1c(n(c(=O)[nH]c1=O)Cc2ccccc2)N)C(=O)CSc3ccc(c(c3)F)F,0,-7.6160,ok,184.1
egfr_panel,C63752779,Cc1ccc2=[NH+][C@H](C(=c2c1)NC(=O)c3ccc(cc3)F)C(=O)NCc4c(nn(c4C)C)C,0,-8.8960,ok,97.5
egfr_panel,C56953484,C[C@@H]1c2ccsc2CCN1C(=O)NCc3ccccc3N4CCCC4,0,-7.7470,ok,51.6
egfr_panel,C06464479,CCOc1cc(ccc1O)/C=C\2/C(=N/C(=N\c3cccc(c3C)C)/S2)O,0,-7.3990,ok,60.2
egfr_panel,C05444699,CCOc1ccc2ccc(c(c2c1)[C@@H]3c4c(n[nH]c4OC(=C3C#N)N)C)OCC,0,-6.9410,ok,83.1
egfr_panel,C31159791,C/C=C/c1ccc2c(c1)cc(o2)c3ccc(cc3O)O,0,-8.5690,ok,29.6
egfr_panel,C35705805,c1ccc2c(c1)c(c[nH]2)CC[NH+](Cc3ccc4c(c3)OCO4)Cc5nc(co5)C(=O)NCC6CC6,0,-8.9640,ok,186.3
egfr_panel,C06601583,CCOc1ccc(cc1)[C@H](C(=O)NC2CCCCC2)N(C(=O)Cn3nc(nn3)c4ccc(cc4)C)C(C)(C)C,0,-7.4900,ok,248.8
egfr_panel,C06409198,Cc1ccc2c(c1)cc(c(=O)[nH]2)[C@H](c3nnnn3C[C@@H]4CCCO4)[NH+](Cc5ccccc5)Cc6cccs6,0,-7.9720,ok,203.1
egfr_panel,C58491756,Cc1ccc(cc1)n2c(nnn2)SCCC(=O)N[C@@H](c3ccccc3)c4cccs4,0,-7.5580,ok,131.7
egfr_panel,CHEMBL319620,OC(=O)c2cc(NCc1cc(O)ccc1O)ccc2O,1,-8.0160,ok,54.6
egfr_panel,C49201328,c1ccc(cc1)[C@@H]2CC(=NN2c3ccccc3)/C(=C(/C#N)\C(=O)c4ccco4)/[O-],0,-8.1120,ok,80.1
egfr_panel,CHEMBL522134,Cc3cccc(Cc1ncnc2ccc(NC(=O)C=C)cc12)c3,1,-8.6310,ok,38.4
egfr_panel,C17156186,c1cc(ccc1NC(=O)CSc2ncc(c(n2)N)S(=O)(=O)c3ccc(s3)Cl)Cl,0,-7.0210,ok,93.3
egfr_panel,C02107585,c1ccc2c(c1)cccc2n3c(=O)c(c([nH]c3=S)O)[C@@H]4c5c(c6ccccc6[nH]5)CC[NH2+]4,0,-9.4590,ok,73.2
egfr_panel,C14731859,c1cc(ccc1c2cnc(o2)CCC(=O)Nc3ccc(cc3)S(=O)(=O)Nc4nccs4)Cl,0,-7.9310,ok,134.2
egfr_panel,C43119707,C[C@H]([C@@H](c1ccsc1)[NH+](C)Cc2ccccc2Br)[NH3+],0,-6.3710,ok,40.6
egfr_panel,C63613218,Cc1ccc2=[NH+]CC(=c2c1)CCNC(=O)c3ccc4c(c3)NC(=O)/C(=C/c5ccccc5OC)/O4,0,-8.9460,ok,107.4
egfr_panel,C33270923,Cc1ccc(cc1)c2nc([nH]n2)SCc3nc(on3)CCC(=O)Nc4cc(ccc4C)Cl,0,-7.6920,ok,150.8
egfr_panel,C46833892,Cc1ccc(c(c1)NC(=O)[C@@H](C)Nc2ccc3c(c2)nc(o3)C4CC4)C,0,-8.1400,ok,55.8
egfr_panel,C49763116,C[C@H](c1ccccc1Cl)[NH2+]CC(=O)/N=c\2/[nH]c(cs2)c3ccc(cc3)OC,0,-7.2810,ok,77.3
egfr_panel,CHEMBL204268,COc4cc(OC1CCOC1)c3c(Nc2ccc(F)c(Cl)c2)ncnc3c4,1,-8.8110,ok,58.1
egfr_panel,C20876866,CCCCCC[NH2+]Cc1cc(c(c(c1)Br)OCc2ccc3c(c2)OCCO3)OC,0,-6.7740,ok,151.7
egfr_panel,C39686601,C[C@H](Cc1ccccc1OC)NC(=O)[C@H]2CN(CC23CC[NH2+]CC3)C(=O)c4cccn4C,0,-7.5660,ok,112.0
egfr_panel,C40744525,CCOc1cc(cc(c1OCc2ccccc2C)Br)C[NH2+]CCNC(=O)c3c(non3)N,0,-8.3500,ok,184.7
egfr_panel,C39227614,CC1CCC(CC1)NC(=O)c2cccc(c2)c3ccc4c(c3)CCC5(O4)CC[NH+](CC5)C,0,-9.5600,ok,48.1
egfr_panel,C21263926,CC1(CC(CC([NH2+]1)(C)C)NC(=S)N(Cc2ccncc2)C3CC([NH2+]C(C3)(C)C)(C)C)C,0,-7.3910,ok,92.7
egfr_panel,C39532318,CCc1ccc(cc1)[C@H](CNc2ccccc2O)N3CCN[C@@H](C3)Cl,0,-8.1060,ok,68.8
egfr_panel,C24640142,CCOC(=O)c1c(c(c(s1)N)C#N)CSc2nc3c(c(c(s3)C)C)c(=O)n2C,0,-7.5580,ok,85.6
egfr_panel,C20732819,C[NH+](CCCNC(=O)C[C@@H]1C(=O)Nc2ccccc2N1)C3CCCCC3,0,-7.1240,ok,88.8
egfr_panel,C62856352,Cc1c(cccc1S(=O)(=O)N)NC(=O)[C@@]2(CCC[NH2+]C2)C,0,-7.0650,ok,35.7
egfr_panel,C39669190,c1ccc(cc1)c2ccc(o2)C(=O)N3C[C@@H](C4(C3)CC[NH2+]CC4)C(=O)NC[C@H]5c6ccccc6CCO5,0,-9.6080,ok,146.8
egfr_panel,CHEMBL589588,COc2ccc(NC(=O)c1ccc(N(CCCl)CCCl)cc1)cc2,1,-6.5800,ok,52.3
egfr_panel,C25643312,Cc1c(sc(c1C(=O)OCc2cc(oc-3cc(=[NH+]C(=O)C)ccc23)O)NC(=O)C(C)(C)C)C,0,-8.4420,ok,136.2
egfr_panel,CHEMBL179164,CCOc5cc4ncc(C#N)c(Nc3ccc2n(S(=O)(=O)c1ccccc1)ccc2c3)c4cc5NC(=O)\C=C\CN(C)C,1,-8.8460,ok,239.2
egfr_panel,C38597749,c1ccc(c(c1)C(=O)NC[C@@H](c2ccco2)[NH+]3CCN(CC3)c4ccc(cc4)F)I,0,-8.4900,ok,86.2
egfr_panel,C62516477,CC(C)(C)c1nc(c2n1cccc2)C(=O)N3CCC[C@H](C3)CO,0,-7.1400,ok,44.9
egfr_panel,C38672870,C[NH+]1CCN(CC1)[C@H](CNC(=O)c2cc(=O)c3ccccc3o2)c4ccc5c(c4)CCCN5C,0,-9.2890,ok,95.4
egfr_panel,C14365638,c1ccc(cc1)S(=O)(=O)C2(CCCC2)C(=O)OCC(=O)NC3(CCCCC3)C#N,0,-7.8960,ok,100.7
egfr_panel,C62613763,CS(=O)(=O)c1ccc(c(c1)[N+](=O)[O-])NCCNC(=O)C23C[C@@H]4C[C@H](C2)CC(C4)(C3)c5ccccc5,0,-8.9490,ok,147.4
generated_analog,analog_051,C=C(Nc1c(C)ncnc1C)n1ccc(Cc2cc(C)cc(C3CNC(CCC)CN3)c2)c1,-1,-8.6860,ok,131.8
egfr_panel,C36313702,CCCCOC[C@H](C[NH+](Cc1c(nn(c1Oc2cccc(c2)F)c3ccccc3)CC)C[C@@H]4CCCO4)O,0,-7.4990,ok,335.5
egfr_panel,CHEMBL93386,Brc4cccc(Nc2ncnc3ccc(NC(=O)C#CCN1CCOCC1)cc23)c4,1,-8.3390,ok,69.8
egfr_panel,C17749652,C[C@H](C(=O)Nc1cc(ccc1Cl)[N+](=O)[O-])Sc2[nH]c(cn2)c3ccc(cc3)F,0,-8.3980,ok,83.8
egfr_panel,C12605593,Cc1ccc(cc1S(=O)(=O)N2CCCCCC2)NS(=O)(=O)c3ccc4c(c3)ccc(=O)o4,0,-6.4360,ok,273.2
egfr_panel,C11867433,Cc1c(oc2c1cc3c(c(c(=O)oc3c2C)CC(=O)NCc4cccc(c4)Cl)C)C,0,-8.8210,ok,66.5
egfr_panel,C48261991,c1cc(ccc1CNC(=O)NCc2cc[nH]n2)N3CCSCC3,0,-6.7860,ok,52.5
egfr_panel,C39933409,C[C@@H](C(=O)Nc1ccc(cc1)NC(=O)C)S[C@@H]2NN=C(N2c3ccccc3)C4=c5ccccc5=[NH+]C4,0,-8.4370,ok,165.8
egfr_panel,C03841359,CC(=O)Nc1ccc(cc1)S(=O)(=O)Nc2ccc3n(c2=O)C[C@H]4C[C@@H]3C[NH+](C4)CCCc5ccccc5,0,-8.2220,ok,171.0
egfr_panel,C14263171,C[NH+](C)[C@@H](CNC(=O)[C@@H]1CCCN(C1)S(=O)(=O)c2ccc(cc2)Br)c3ccccc3,0,-7.3110,ok,107.4
egfr_panel,C05106536,CCn1c(=O)c2c(c3ccccc3[nH]2)nc1SCC(=O)Nc4nc(cs4)C,0,-7.4980,ok,69.6
generated_analog,analog_059,Cc1cc(Cn2ccc(C(=N)Cc3c(N)cccc3O)c2)cc(N2CCC(OCO)CC2)c1,-1,-8.7720,ok,167.8
egfr_panel,C17157288,Cc1ccc(cc1C)S(=O)(=O)N2CCC(CC2)C(=O)NNC(=O)C34CC5CC(C3)CC(C5)C4,0,-9.1930,ok,102.6
egfr_panel,C08343761,COc1ccc(cc1)[C@@H](CNC(=O)C[C@H]2c3ccccc3C(=O)O2)[NH+]4CCOCC4,0,-8.1590,ok,113.9
egfr_panel,C63229077,CC(=O)N[C@@H](CC1=c2ccccc2=[NH+]C1)C(=O)Nc3cccc(c3)S(=O)(=O)/N=C\4/CCCN4,0,-9.1560,ok,138.2
egfr_panel,C67382827,CCc1ccc(cc1)[C@@H](CNC(=O)NNC(=O)c2c(ccs2)C)[NH+](C)C,0,-7.3480,ok,79.2
egfr_panel,C15401521,C[C@@H]1C[C@@H](CN(C1)C(=O)Nc2c[nH]c3c2cccc3)C,0,-8.3020,ok,23.0
egfr_panel,C39688730,C[C@@H](Cc1ccc(cc1)F)NC(=O)[C@@H]2CN(CC23CC[NH2+]CC3)C(=O)c4ccc(o4)c5ccccc5F,0,-9.4430,ok,181.4
egfr_panel,C06282670,COc1ccc2c(c1)cc(c(=O)[nH]2)[C@H](c3nnnn3C4CCCC4)[NH+]5CCC(CC5)Cc6ccccc6,0,-9.4300,ok,152.5
egfr_panel,C40426493,CC(C)C[C@@H](C(=O)NC1CC[NH+](CC1)C)N2CC3=C(C2=O)[C@@H](NC(=O)N3C)c4ccccc4C(F)(F)F,0,-7.9940,ok,163.2
egfr_panel,C35354262,c1ccc(c(c1)NN)S(=O)(=O)N2CCCCCCC2,0,-4.5540,ok,130.3
egfr_panel,C63744051,Cc1cc(nc(n1)N/C(=N\C(=O)c2ccc(cc2)OC)/[N-]CCC3=c4ccccc4=[NH+]C3)C,0,-8.3450,ok,155.9
egfr_panel,CHEMBL179310,CCOc5cc4ncc(C#N)c(Nc3ccc2N(Cc1ccccc1)CCc2c3)c4cc5NC(=O)\C=C\CN(C)C,1,-9.0840,ok,218.4
egfr_panel,C09135672,Cc1cc(c2ccccc2n1)NC(=O)C(=O)NC[C@@H](c3ccc4c(c3)CCCN4C)[NH+]5CCCC5,0,-9.2840,ok,130.9
egfr_panel,C59368086,CCCc1c(c([nH]c1C(=O)N(C)CC(=O)N2c3ccccc3NC(=O)C[C@@H]2C)C)C(=O)OC,0,-5.9620,ok,372.5
egfr_panel,C48081283,c1cc(ccc1CNC(=O)Nc2ccc(nc2)OCC(F)(F)F)[N+](=O)[O-],0,-7.7420,ok,68.0
egfr_panel,C08909085,CCOc1ccccc1NC(=O)CSc2nnc(s2)NC(=O)[C@H]3CC(=O)N(C3)c4ccc(c(c4)C)C,0,-8.0600,ok,209.9
egfr_panel,C04571588,C[C@@H]1CCc2c(sc3c2C(=N[C@H](N3)c4cccn4C)O)C1,0,-7.1280,ok,23.5
egfr_panel,C58282003,CC(C)NC(=O)c1ccc(cc1NC(=O)CN2C(=O)[C@]3(CCc4c3cccc4)NC2=O)Cl,0,-8.2960,ok,111.7
egfr_panel,C41006249,CCc1ccc(cc1)[C@@H]2[C@H](C(=O)C[C@@]([C@@H]2C(=O)Nc3ccccc3OC)(C)O)C(=O)Nc4ccccc4OC,0,-8.5500,ok,199.3
egfr_panel,C43078846,CC(C)(C)OC(=O)NNC(=O)NC[C@@H](c1ccccc1)c2c[nH]c3c2cccc3,0,-8.5550,ok,102.1
egfr_panel,C17670479,C[C@@H](c1nnc(o1)c2ccc(cc2)[N+](=O)[O-])Sc3nc4cc(ccc4c(=O)n3CCC(C)C)Cl,0,-8.0830,ok,134.6
egfr_panel,C01017574,Cc1c(c(=O)n(n1C)c2ccccc2)NC(=O)CSc3c4c5c(sc4ncn3)C[C@H](CC5)C,0,-8.2720,ok,101.8
egfr_panel,C06703835,CC(C)(C)c1ccc(cc1)c2nnc(o2)c3ccc(cc3)N,0,-7.4970,ok,31.4
egfr_panel,C00759064,c1cc(c(c(c1)Cl)COc2ccc(cc2)[C@H]3c4c(n[nH]c4OC(=C3C#N)N)c5ccncc5)F,0,-9.1810,ok,111.7
egfr_panel,C39762619,C[C@@H](c1nnc(n1CC(C)C)SCC(=O)Nc2ccccc2C(C)C)NC(=O)c3ccc(cc3)Cl,0,-7.3320,ok,186.9
egfr_panel,C19450342,CC(C)Nc1ncc(c(n1)C2CC[NH+](CC2)Cc3ccccc3OCC#C)c4cccnc4,0,-8.5760,ok,132.0
egfr_panel,C13064445,CC[C@@H](c1nnnn1C2CCCC2)[NH+](Cc3ccc(cc3)C)Cc4cc5cc6c(cc5[nH]c4=O)OCCO6,0,-8.8830,ok,183.1
egfr_panel,C25677458,Cc1ccc(c(c1)C)S(=O)(=O)N2CC[NH+](CC2)[C@@H](C)C(=O)Nc3c(ccs3)C(=O)N,0,-7.3840,ok,97.3
egfr_panel,C46817376,Cc1ccc(c(c1)Cl)NC(=O)[C@@H](C)Nc2cccc(c2)N3CCOC3=O,0,-8.2350,ok,62.5
egfr_panel,C13064513,CC[C@@H](c1nnnn1CCOC)[NH+](Cc2ccc(cc2)C)Cc3cc4cc(c(cc4[nH]c3=O)OC)OC,0,-7.4830,ok,235.8
egfr_panel,C09403374,C[C@H]1Cc2cc(ccc2O1)C(=O)C3=C(C(=O)N([C@H]3c4ccc(cc4)OC)CCC[NH+](C)C)[O-],0,-7.3050,ok,136.5
egfr_panel,C60371525,CC1CC[NH+](CC1)[C@@H](CNC(=O)CCNC(=O)c2c3ccccc3[nH]n2)C(C)C,0,-8.1950,ok,119.8
egfr_panel,C39325229,Cc1ccc(c2=[NH+]C(=O)[C@@H](C=c12)CN(Cc3ccccc3)S(=O)(=O)c4ccc(cc4)Br)C,0,-7.3720,ok,110.3
egfr_panel,C09187729,CC/C(=N\[C@@H](Cc1c[nH]c2c1cccc2)C(=O)OC)/C3C(=O)NC(=O)N(C3=O)Cc4ccccc4,0,-7.8160,ok,159.5
egfr_panel,C35361452,CC(=O)[C@]1(CC[C@H]2[C@@]1(CC[C@H]3[C@@H]2CCC4=C/C(=N\OCC(=O)NCCc5c[nH]c[nH+]5)/CC[C@]34C)C)O,0,-8.0400,ok,168.1
egfr_panel,C00305800,CCC(=O)NC1=C(C2(CCCCC2)Cc3c1cccc3)C#N,0,-7.9400,ok,22.4
egfr_panel,C57933411,c1c2c(cc(c1F)F)N(C(=O)CN2)CC(=O)NC3CCCCC3,0,-7.0730,ok,38.2
egfr_panel,CHEMBL53898,Oc2ccc(\C=C(/C#N)C(=O)NCCCc1ccccc1)cc2O,1,-7.9110,ok,65.6
egfr_panel,C36013993,CCN1C(=C([C@@H](NC1=O)c2ccc(cc2)Cl)C(=O)OCC)CN3CCN([C@@H](C3)C)C(=O)NC(C)(C)C,0,-6.9710,ok,171.7
egfr_panel,C21397278,Cc1ccc(cc1)c2nnc(n2c3ccc(cc3)Cl)SCC(=O)NC(=O)NCc4ccco4,0,-8.3400,ok,131.7
egfr_panel,C22626081,Cc1cccc(c1)[C@@H](c2c(n3c(s2)nc(n3)C)[O-])[NH+]4CCC[C@@H](C4)C,0,-7.7790,ok,39.2
egfr_panel,C10210893,CC(C)[C@H](C(=O)NC(=O)N)OC(=O)c1ccccc1NS(=O)(=O)c2ccc3c(c2)OCCO3,0,-7.7230,ok,168.5
egfr_panel,C19955132,CC1=C([C@@H](C2=C(N1)C[C@H](CC2=O)c3cccs3)c4coc5ccccc5c4=O)C(=O)OC[C@H]6CCCO6,0,-8.9510,ok,132.3
egfr_panel,C63135279,CCCCC1=[NH+][C@H](ON1)[C@H](C)Sc2nnc(n2C[C@@H]3CCCO3)C4=c5ccccc5=[NH+]C4,0,-7.3320,ok,174.3
egfr_panel,C21808570,CC1CCC(CC1)NC(=O)[C@]2(Cn3c4ccsc4cc3C(=O)N2CCc5ccccc5)C,0,-8.5240,ok,79.0
egfr_panel,C06193801,CC[NH+](Cc1ccccc1)[C@H](c2cc3cccc(c3[nH]c2=O)C)c4nnnn4Cc5ccc(cc5)OC,0,-8.0570,ok,186.9
egfr_panel,C10338932,Cc1c(c2[nH]c(cc(=O)n2n1)CSc3nnc(s3)N)c4ccc(cc4)Br,0,-8.1800,ok,63.3
egfr_panel,C39696863,CN1CCO[C@H](C1)CNC(=O)[C@@H]2CN(CC23CC[NH2+]CC3)C(=O)c4ccc(o4)c5ccc(cc5)F,0,-8.5250,ok,130.7
egfr_panel,C08020942,CC1([C@@H](N2[C@@H](S1)[C@@H](C2=O)Nc3cc(nc(n3)SC)c4ccccc4)C(=O)[O-])C,0,-7.9960,ok,61.2
egfr_panel,C36442627,Cc1c(c(n(n1)c2ccccc2)C)NC(=O)CN3CCc4c(ccs4)[C@@H]3c5cccs5,0,-8.4220,ok,75.8
egfr_panel,C66925113,Cc1cc2c(o1)CC(C[C@@H]2NC(=O)NNC(=O)Cc3ccccc3F)(C)C,0,-8.4250,ok,54.2
egfr_panel,C00678549,CC[C@@H](C)Sc1nc2c(n1C[C@@H](COc3ccc(cc3)Cl)O)c(=O)[nH]c(=O)n2C,0,-7.6180,ok,109.6
egfr_panel,C04276755,c1cc(ccc1[N+](=O)[O-])Oc2c(cc(cc2Cl)S(=O)(=O)NC(=[NH2+])CCl)Cl,0,-7.3990,ok,64.5
egfr_panel,C14546623,Cc1cc(cc2c1N[C@H]([C@@H]3[C@@H]2C=CC3)c4c(cccc4Cl)Cl)[N+](=O)[O-],0,-8.2940,ok,29.2
egfr_panel,C20413336,Cc1c2c(ccc3c2[C@H](CC4(O3)CCCCC4)O)oc1C(=O)N[C@@H](C)CCc5ccccc5,0,-9.1970,ok,77.6
egfr_panel,C38663887,CC(C)(C)OC(=O)N[C@@H](Cc1c[nH]c2c1cccc2)[C@H]3N=N[C@H](O3)SCc4ccc(c(c4)Cl)Cl,0,-8.5090,ok,171.0
egfr_panel,C20895461,Cc1cc2c(cc(=O)oc2cc1C)CN3C(=O)[C@@]4(CCCCc5c4cccc5)NC3=O,0,-7.6050,ok,169.5
egfr_panel,C03227169,c1ccc(cc1)[C@]2(C(=C3N(c4ccccc4S3)C(=O)N2)C#N)C(F)(F)F,0,-8.0500,ok,29.2
egfr_panel,C32603007,CC1(OC[C@H](O1)[C@H]2[C@H]([C@H]3[C@@H](O2)OC(O3)(C)C)OC(=O)c4ccc(cc4)/N=N/c5ccc(cc5)N(C)C)C,0,-8.0780,ok,130.6
egfr_panel,C15606069,COCCCN(c1c(n(c(=O)[nH]c1=O)Cc2ccccc2)N)C(=O)[C@@H]3Cc4cc(ccc4OC3)Cl,0,-8.1930,ok,187.7
egfr_panel,CHEMBL168915,Oc4ccc(O)c(CNc3ccc(O)c(C(=O)Oc1cccc2ccccc12)c3)c4,1,-9.5700,ok,124.3
egfr_panel,C67231210,c1ccc(cc1)OS(=O)(=O)CC[NH+]2CCC[C@H]2c3cccc4c3OCCO4,0,-7.5280,ok,85.7
egfr_panel,C12887088,COCCN1C(=O)[C@@H]2[C@H]([NH2+][C@@]3([C@@H]2C1=O)c4cc(ccc4NC3=O)Cl)Cc5c[nH]c6c5cccc6,0,-8.9620,ok,94.4
egfr_panel,C09227607,CC[C@@H]1CCCC[NH+]1Cc2ccc(o2)CNC(=O)Nc3cn(c(=O)c4c3cccc4)CC(C)C,0,-8.6710,ok,119.1
egfr_panel,C33279540,Cc1ccc(cc1NC(=O)CNS(=O)(=O)c2cc(cs2)c3nc(on3)C4CCC4)Cl,0,-7.6190,ok,109.6
egfr_panel,C39426586,CCc1ccc(cc1)c2c(c(nc(c2C#N)S[C@@H](C)C(=O)Nc3cc(on3)C)N)C#N,0,-8.2310,ok,99.8
egfr_panel,C28864152,Cc1c2ccccc2sc1C[NH+]3CCc4c(c(=O)n(c(n4)[O-])CC[NH+](C)CCc5ccccn5)C3,0,-7.3550,ok,159.4
egfr_panel,C38667066,Cc1ccc(cc1NC(=O)C(=O)NC[C@@H](c2ccc(cc2)N(C)C)N3CCc4ccccc4C3)[N+](=O)[O-],0,-8.6810,ok,150.4
egfr_panel,C09777225,CCCCN1[C@H]([C@@]23C=C[C@@H](O2)[C@@H]([C@@H]3C1=O)C(=O)Nc4ccc(cc4)OC)C(=O)N[C@@H]5CCC[C@@H]([C@@H]5C)C,0,-8.0660,ok,136.1
egfr_panel,C19790685,C[C@@H]1CC[C@H]([C@H](C1)OC[C@H](CN2CC[NH+](CC2)CCN3C(=O)c4cccc5c4c(ccc5)C3=O)O)C(C)C,0,-8.5200,ok,229.6
egfr_panel,C57956057,Cc1c(c([nH]c1C(=O)[C@@H](C)OC(=O)c2cc(c(cc2NC(=O)[C@H]3C[C@@H]3C)OC)OC)C)C(=O)C,0,-7.8020,ok,174.5
egfr_panel,C18024420,CN(C)c1ccc(cc1)/C=N/NC(=[NH2+])S[C@H]2CC(=O)N(C2=O)c3ccc(cc3)Br,0,-7.5410,ok,80.9
egfr_panel,C39757541,C=CCn1c(nnc1SCC(=O)c2ccc(c(c2)[N+](=O)[O-])Cl)CCNC(=O)c3ccccc3F,0,-7.8420,ok,183.9
egfr_panel,C36654293,c1cc(ccc1[C@H](C(=O)N)N2CCN(CC2)c3ccc(cc3[N+](=O)[O-])C(F)(F)F)Cl,0,-7.8750,ok,72.6
egfr_panel,C42334069,Cc1ccc(cc1NC(=O)[C@H](C)N[C@H](C)c2cccc(c2)Cl)[N+](=O)[O-],0,-8.0940,ok,62.6
egfr_panel,C06312658,C/C(=N\Nc1ccccn1)/c2ccc3c(c2)Nc4ccccc4S3,0,-8.1850,ok,31.8
egfr_panel,C35667416,Cc1ccc(cc1)n\2cc([nH]/c2=N\C(=O)C[NH2+]C[C@@H]3CCCO3)c4ccc(cc4)OC,0,-7.7660,ok,108.5
egfr_panel,CHEMBL293584,Oc2cc1CCC(=C(C#N)C#N)c1cc2O,1,-7.3810,ok,12.6
egfr_panel,C06879832,Cc1csc(n1)N(c2ccccc2)C(=O)Cn3cnc4c(c3=O)ccs4,0,-7.3940,ok,59.1
egfr_panel,C63480010,Cc1ccc(cc1)N2C(=O)[C@@H]3[C@H](N[C@]4([C@@H]3C2=O)c5cc(ccc5NC4=O)F)CC6=c7ccccc7=[NH+]C6,0,-10.2220,ok,83.7
egfr_panel,CHEMBL251700,Fc4ccc(Nc2ncnc3ccc(C#CCN1CCCCC1)cc23)cc4Cl,1,-9.1530,ok,54.3
egfr_panel,C16434074,CCCCN(CC(=O)Nc1cc(nn1c2ccc(cc2)C)C(C)(C)C)C(=O)c3ccc(cc3)c4ccccc4,0,-8.5450,ok,215.2
egfr_panel,C61684145,CC(C)n1cc(cn1)NC(=O)C2(CCCCC2)/C(=N/O)/N,0,-7.1430,ok,40.5
egfr_panel,C00309745,Cc1ccc(cc1Cl)N2[C@@H](Nc3ccccc3C2=O)c4ccccc4,0,-9.7080,ok,31.1
egfr_panel,C22188011,Cc1ccc(cc1)n2c(nnc2SCc3[nH]c(=O)c4cc(ccc4n3)Cl)N5CCOCC5,0,-8.9690,ok,93.4
egfr_panel,C06523255,C[C@@H]1CCc2c(c(no2)C(=O)N[C@H]3CCCC[C@@H]3C)C1,0,-8.8310,ok,21.8
egfr_panel,C06192991,CC[NH+](CC)CCCN(Cc1cc2cc3c(cc2[nH]c1=O)OCCO3)C(=S)NCCOC,0,-6.7410,ok,163.0
egfr_panel,C12186354,CC(C)(C)c1c2cc(c(=O)[nH]c2n(n1)c3ccccc3)C[NH2+]C4CC4,0,-8.3790,ok,45.1
egfr_panel,C16652759,COCCN(CC(=O)N(Cc1ccc2c(c1)OCO2)Cc3ccco3)C(=O)c4cccc(c4)[N+](=O)[O-],0,-7.6780,ok,236.5
egfr_panel,C33069311,Cc1c(c(n(n1)c2ccccc2)N3CCC(CC3)C(=O)NCC[C@@H](C)[NH+]4CCCC4)NC(=O)C,0,-7.6510,ok,129.3
egfr_panel,CHEMBL97162,COc4nccc(c2c(c1ccc(F)cc1)ncn2C3CCC(O)CC3)n4,1,-8.4260,ok,54.9
egfr_panel,C08800376,CN1CCCc2c1ccc(c2)[C@H](CNS(=O)(=O)Cc3ccc(cc3)F)[NH+]4CCCCC4,0,-8.4910,ok,115.4
egfr_panel,C23038235,CCC[NH+](Cc1nc(c2c3c(sc2n1)CCCCC3)N)CC(=O)Nc4ccccc4C,0,-6.1530,ok,277.6
egfr_panel,C39667178,Cc1ccc(c(c1)C)CCNC(=O)[C@@H]2CN(CC23CC[NH2+]CC3)C(=O)c4c(noc4C)C,0,-8.0510,ok,105.4
egfr_panel,CHEMBL602728,ClCCN(CCCl)c3ccc(C(=O)Nc1cccc2ccccc12)cc3,1,-7.4150,ok,60.3
egfr_panel,C50389797,C[C@H](C/C(=N/O)/N)NS(=O)(=O)c1ccccc1Br,0,-6.6270,ok,40.5
egfr_panel,CHEMBL243410,CCOc3cc2ncnc(Nc1cc(=O)c(OC(CF)CF)cc1=O)c2cc3NC(=O)\C=C\CN(C)C,1,-7.4150,ok,200.3
egfr_panel,C15957033,C[C@@]12CCC(=O)C=C1CC[C@@H]3[C@@H]2CC[C@]4([C@@H]3CC[C@]4(C(=O)COC(=O)CCC(=O)NCc5ccccn5)O)C,0,-7.4550,ok,258.3
egfr_panel,C16780426,CC[NH+](CC)Cc1ccc(cc1)CNC(=O)[C@H](C)NS(=O)(=O)c2ccc(cc2)Br,0,-6.6950,ok,128.3
egfr_panel,C62805521,c1cc\2c(cc1OCC(F)F)OC/C2=N\O,0,-6.5940,ok,19.2
egfr_panel,C57945367,Cc1cccc(c1OC[C@H](C[NH+](C)[C@@H](C)c2ccc(cc2)S(=O)(=O)N)O)C,0,-7.0250,ok,112.8
egfr_panel,C44714407,Cc1c(c2cc(ccc2[nH]1)C#N)CCNC(=O)[C@H]3CN(CC34CC[NH2+]CC4)C(=O)c5cc(cc(c5)OC)OC,0,-8.4760,ok,196.6
egfr_panel,C13430169,CCC1=C(C(=Nc2ccccc2N1)N/C=C/3\c4ccccc4C(=O)N(C3=O)c5ccc(cc5)C)C(=O)OCC,0,-7.2200,ok,407.1
egfr_panel,C11267531,CC1CCC2(CC1)C(=O)N(C(=O)N2)NC(=O)CN3C(=O)[C@](NC3=O)(C)c4cccc5c4cccc5,0,-8.5130,ok,108.9
egfr_panel,C08779731,CCN(Cc1ccc2c(c1)OCCO2)C(=O)CSc3nnc(n3c4ccc(cc4)F)[C@H](C)[NH+](C)C,0,-7.3540,ok,187.6
egfr_panel,C38806115,CCOC(=O)c1c2c(sc1NC(=O)/C=C/c3cc(c(c(c3)OC)OC)OC)C([NH2+]C(C2)(C)C)(C)C,0,-7.3250,ok,112.5
egfr_panel,C38688357,Cc1ccc2c(c1)sc(c2Cl)C(=O)Oc3ccc4c(c3)OC(=C([C@@H]4c5cccs5)C#N)N,0,-7.8580,ok,75.9
egfr_panel,C05137081,Cc1cc(ccc1[N+](=O)[O-])C(=O)NCCc2c(nc(s2)c3cccc(c3)F)C,0,-8.1750,ok,70.2
egfr_panel,C65464072,Cc1cc(cc(c1C)S(=O)(=O)N)C(=O)NCC2(CCC2)CO,0,-7.0930,ok,52.5
egfr_panel,C43763814,C[C@@]12CCCC([C@H]1[C@@H](C[C@]3([C@H]2C(=O)C[C@@](O3)(C)C=C)C)O)(C)C,0,-7.4880,ok,18.2
egfr_panel,C39710574,CCc1ccc2=[NH+]C(=O)[C@@H](C=c2c1)[C@H]([C@@H]3N=NNN3C(C)(C)C)[NH+](Cc4ccc(cc4)F)Cc5ccco5,0,-8.0060,ok,194.5
egfr_panel,C63119347,CCCc1cc2cc(ccc2nc1NN)S(=O)(=O)C,0,-6.6750,ok,27.8
egfr_panel,C36069370,C[C@H]1CCc2c(sc3c2c(=O)n(c(n3)C[NH+](C)C)CC(=O)OCC(C)C)C1,0,-6.3410,ok,69.5
egfr_panel,C42953148,CC[C@H]([C@@H](c1ccc(cc1)Br)[NH+](C)Cc2ccco2)[NH3+],0,-6.1010,ok,45.7
egfr_panel,C09427688,Cc1cccn2c1nc(c(c2=O)/C=C/3\C(=O)N(C(=S)S3)[C@H](C)c4ccccc4)N5C[C@H](C[C@@H](C5)C)C,0,-7.8050,ok,124.9
egfr_panel,C40010923,Cc1cccc2=C[C@H](C(=O)[NH+]=c12)[C@@H]3c4cc(c(cc4CCN3C(=S)NC)OC)OC,0,-7.9910,ok,65.0
egfr_panel,C40313383,Cc1cccc(c1)OC[C@H](C[NH+](Cc2cc(c(c(c2)OC)OC)OC)[C@@H]3CCS(=O)(=O)C3)O,0,-7.0410,ok,188.6
egfr_panel,C02154830,C[NH+]1CCc2cc3c(c(c2[C@H]1c4c(=O)[nH]c(=S)n(c4O)c5ccccc5OC)OC)OCO3,0,-7.7080,ok,85.7
egfr_panel,C39640567,C[C@@H]1CCCC[C@@H]1NC(=O)NC(=O)COC(=O)CNC(=O)C23CC4CC(C2)CC(C4)C3,0,-7.8770,ok,124.6
egfr_panel,C17306239,Cc1cc(cc(c1C)NC(=O)C[NH+](C)[C@@H](C)c2ccc(cc2)n3cncn3)S(=O)(=O)N,0,-8.2790,ok,119.7
egfr_panel,C09813353,CCCCn1c(c(c(=O)[nH]c1=O)N(C2CCCC2)C(=O)c3ccc(s3)c4ccc(cc4)F)N,0,-7.4970,ok,145.1
egfr_panel,C29509191,c1ccc2c(c1)C[C@H](N(C2)C(=O)c3ccco3)C(=O)Nc4ccc(cc4)Cl,0,-8.2900,ok,54.4
egfr_panel,C03865677,CCc1ccc(cc1)/C=C\2/C(=O)N(C(=S)S2)CC(=O)Nc3ccc(cc3O)[N+](=O)[O-],0,-7.3450,ok,79.6
egfr_panel,C21148512,CCCC[NH+](CCCNC(=O)[C@@H]1CCCN(C1)c2nn3c(=O)cc(nc3s2)C)Cc4ccccc4,0,-7.9380,ok,215.0
egfr_panel,C63165325,Cc1ccc(cc1)N2[C@@H](NN[C@@H]2SCC3[NH+]=c4ccccc4=[NH+]3)c5cccc(c5)Cl,0,-9.2290,ok,92.7
egfr_panel,C06546244,CCOC(=O)CN([C@@H](c1ccc(o1)C)C(=O)NC2CCCC2)C(=O)Cn3nc(nn3)c4ccc(cc4)Cl,0,-8.1400,ok,236.8
egfr_panel,C38631948,C[C@H]1CC(=C(N1CCOC)C)C(=O)CSc2[nH]nc(n2)c3ccc(cc3)Br,0,-6.4460,ok,91.9
egfr_panel,C33810556,CCCSc1[nH]c(=O)c2c(n1)NC3=C([C@H]2c4ccc(cc4)CC)C(=O)CC(C3)(C)C,0,-8.0610,ok,54.9
egfr_panel,C65074809,Cc1ccc(c(c1)C)S(=O)(=O)N2CCC3(CC2)C(=[NH+]CCN3)NC(C)(C)C,0,-7.1080,ok,45.8
egfr_panel,C39741320,c1ccc2=[NH+]CC(=c2c1)C3=NN[C@@H](O3)SCC(=O)NC45CC6CC(C4)CC(C6)C5,0,-7.9060,ok,90.8
egfr_panel,C60280644,C#CCN1C(=[NH2+])[C@H]([NH+]=C1C2CC2)c3cccc(c3)F,0,-7.4540,ok,23.6
egfr_panel,C02645160,c1ccc2c(c1)CN(C2=[NH2+])c3ccc(cc3)c4ccc(cc4)N5Cc6ccccc6C5=[NH2+],0,-10.3520,ok,52.0
egfr_panel,C63941240,CCCCC[C@H]1NN[C@@H](S1)NC(=O)[C@@H]2CC(=O)N(C2)CCC3=c4cc(ccc4=[NH+]C3)C,0,-7.7900,ok,145.7
egfr_panel,C12450388,c1cscc1CC(=O)N(CCC2=CCCCC2)Cc3cc4cc5c(cc4[nH+]c3N6CCOCC6)OCO5,0,-8.7840,ok,182.3
egfr_panel,C01789604,c1ccc(cc1)n2c(=O)c3ccccc3nc2SCc4[nH]c(=O)c5c(n4)-c6ccccc6CC57CCCCC7,0,-10.2210,ok,122.3
egfr_panel,C62851373,Cc1c(cccc1[N+](=O)[O-])CC2(CC[NH2+]CC2)C(=O)[O-],0,-6.4000,ok,29.8
egfr_panel,C02518742,Cc1cc(ccc1O[C@@H](C)c2nnc(n2CC=C)S)Cl,0,-6.0920,ok,40.6
egfr_panel,CHEMBL433305,C1CCc3c(C1)[nH]c4ncnc(Nc2ccccc2)c34,1,-8.0550,ok,22.7
egfr_panel,CHEMBL391778,NCC6CCN(Cc4ccn5ncnc(Nc3ccc2n(Cc1cccc(F)c1)ncc2c3)c45)CC6,1,-9.6440,ok,131.2
egfr_panel,C09123780,CCc1ccc(cc1)[C@H]2c3c(n[nH]c3C(=O)N2CCc4ccc(c(c4)OC)OC)c5cc(cc(c5O)C)C,0,-8.2710,ok,174.5
egfr_panel,C08854980,CCCCOc1ccc(cc1)C2=NN=C3[C@H]2[C@H](C(=C(O3)N)C#N)c4cc5c(cc4Br)OCO5,0,-7.9450,ok,129.8
egfr_panel,CHEMBL126192,CCOc4cc3ncnc(Nc2cccc(c1nccs1)c2)c3cc4OCC,1,-7.3620,ok,76.3
generated_analog,analog_046,C=C(Cc1c(C)cccc1N)c1cn(Cc2cc(C)nc(C3CCC(CCC)CC3)c2)cn1,-1,-8.2260,ok,142.7
egfr_panel,C36587483,CC(C)(C)CC(C)(C)NC(=O)[C@@H](c1ccc(c(c1)OC)OC)N(C(=O)CCc2ccc(cc2)OC)C(C)(C)C,0,-7.3640,ok,298.4
egfr_panel,C63896768,c1ccc2=[NH+]CC(=c2c1)c3nnc(n3C4CC4)SCC(=O)N[C@H]5C(=C6CCCC[C@@H]6S5)C(=O)N,0,-8.0450,ok,144.4
egfr_panel,CHEMBL202556,Fc4ccc(Nc2ncnc3cnc(NC(=O)C#CCN1CCOCC1)cc23)cc4Cl,1,-8.9140,ok,79.4
egfr_panel,C13065237,CC[C@@H](c1nnnn1Cc2ccccc2)[NH+](CCc3ccccc3)Cc4cc5c(ccc(c5[nH]c4=O)C)C,0,-8.2730,ok,216.8
egfr_panel,C28783576,c1cc2c(cc1NS(=O)(=O)c3cc(cc(c3)F)F)OC4(O2)CCCCC4,0,-8.8720,ok,45.9
egfr_panel,C44254587,Cc1csc(c1c2ccc(o2)[C@@H](CC(=O)N)[NH3+])C(=O)OC,0,-6.7380,ok,51.2
egfr_panel,C15874676,c1cc(c(cc1Cl)Cl)C(=O)NNC(=S)NC2CCCCC2,0,-7.4520,ok,28.1
egfr_panel,C19927053,C/C(=N\NC(=O)c1c(nnn1c2c(non2)N)C[NH+]3CCCCC3)/c4ccc(cc4)Cl,0,-7.9630,ok,97.1
egfr_panel,C13150992,CCC[C@H](C(=O)NC(C)(C)CC)N(C[C@@H]1CCCO1)C(=O)CNS(=O)(=O)c2ccc(cc2)F,0,-6.9580,ok,209.4
egfr_panel,C12488510,CCC(C)(C)NC(=O)[C@@H](c1cccc(c1)OC)N(c2cccc(c2C)C)C(=O)CNC(=O)c3cccs3,0,-8.5440,ok,219.3
egfr_panel,C22504408,CC(C)C(=O)N1CCCc2c1ccc(c2)NC(=O)Nc3ccc4c(c3)OCO4,0,-8.4380,ok,49.7
egfr_panel,C01382425,CCc1ccc2c(c1)cc(c(=O)[nH]2)[C@@H](c3nnnn3Cc4ccco4)N(Cc5cccnc5)Cc6ccccc6Cl,0,-8.6740,ok,243.8
egfr_panel,C46526969,CCc1ccccc1Nc2nc(nc(n2)N)CN(C)Cc3ccc(cc3)C#N,0,-7.9270,ok,97.4
egfr_panel,C01182311,c1ccc2c(c1)N[C@H](C3=C(N2)CCCC3=O)c4ccc(cc4Cl)Cl,0,-6.3510,ok,95.8
egfr_panel,C02504260,Cc1ccc(c(c1)NC(=O)c2cnn3c2nc(cc3C(F)(F)F)c4ccco4)C,0,-8.7630,ok,52.5
egfr_panel,C36284355,Cc1ccc(cc1)c2nc3c(cccc3n2C(C)C)N,0,-7.5200,ok,22.6
egfr_panel,C16646902,CCCCCc1ccc(cc1)C(=O)N2CCC3(CC2)C(=O)N(CN3c4ccccc4)CC(=O)N[C@@H](C)CC,0,-8.0300,ok,159.8
egfr_panel,C36203681,CC(C)[NH+](Cc1ccc(o1)C(c2ccc(cc2)OC)(c3ccc(cc3)OC)O)Cc4cc(cc(c4)OC)OC,0,-7.6350,ok,259.3
egfr_panel,C56206904,CC[C@H](C)c1ccccc1NC(=O)[C@@H](C)Nc2ccc(cc2C)OCC(=O)N,0,-7.6510,ok,103.4
egfr_panel,C38736223,Cc1c(sc(n1)c2cccc(c2)F)CCNC(=O)c3ccc(cc3Cl)[N+](=O)[O-],0,-8.2260,ok,70.9
egfr_panel,C02151836,CC1(CC(CC([NH2+]1)(C)C)N2CC(=O)N3[C@H](C2=O)Cc4c5ccccc5[nH]c4[C@@H]3c6ccccc6)C,0,-8.7780,ok,58.5
generated_analog,analog_023,CCC[SH]1CCC(c2nc(C)cc(Cn3cnc(C(=N)Cc4c(C)cccc4C)c3)n2)CN1,-1,-7.6740,ok,133.4
egfr_panel,C35547937,CC[NH2+][C@H](c1cc(cc(c1)Cl)Cl)c2c(cc(cc2C)C)C,0,-6.5830,ok,34.2
egfr_panel,C06996470,CCCCn1c2ccc(cc2nc1C[NH2+][C@@H](C)c3ccccc3Cl)S(=O)(=O)N,0,-7.3610,ok,95.4
egfr_panel,C12443411,c1ccc(cc1)C[C@@H](C(=O)N)NC(=O)CC2c3ccccc3CCc4c2cccc4,0,-6.7420,ok,269.6
egfr_panel,C01432612,CC1(CC2=C([C@H]([NH+]=C(N2)Nc3nc4ccccc4o3)c5ccc(cc5)F)C(=O)C1)C,0,-9.1070,ok,48.5
egfr_panel,C08413599,Cc1ccc(nc1)NC(=O)C2=C(NC3=C([C@@H]2c4cccc(c4)Oc5ccccc5)C(=O)CCC3)C,0,-8.8080,ok,113.1
egfr_panel,C08978292,CCCCc1nnc(n1N)SCC(=O)Nc2c(c3c(s2)C[C@H](CC3)C)C(=O)OCC,0,-6.0110,ok,129.6
egfr_panel,C67312961,Cc1ccc(cc1C(=O)N)NC(=O)N[C@@H](c2cccs2)C3CCCC3,0,-7.1940,ok,62.1
egfr_panel,C14457691,Cc1ccc(c2c1N[C@@H]([C@@H]3[C@@H]2C=CC3)c4c(cc(cc4C)C)C)[N+](=O)[O-],0,-7.9310,ok,33.5
egfr_panel,C61845114,c1cc(c(cc1c2nc(no2)c3ccc(cc3Cl)F)N)F,0,-8.6480,ok,40.3
egfr_panel,C02568557,Cc1c(ccc2c1nc(cc2C(=O)NN)c3ccc(cc3)CC(C)C)Cl,0,-8.4560,ok,61.5
egfr_panel,C63735679,C[C@H]1C[C@H]1C(=O)Nc2ccc(cc2C(=O)N3CCC4(CC3)OCCO4)F,0,-8.0400,ok,72.1
egfr_panel,C14241794,c1ccc(cc1)C(=O)NNC(=O)C[C@](c2ccccc2)(C(F)(F)F)O,0,-7.2660,ok,81.3
egfr_panel,C08164265,CCn1c2ccc(cc2nc1C[NH2+][C@H](C)c3ccccc3OC)S(=O)(=O)N(C)C,0,-7.2920,ok,110.4
egfr_panel,C05896427,Cc1ccc(cc1)S(=O)(=O)NNC(=S)Nc2ccccc2C,0,-7.3820,ok,51.0
egfr_panel,C08900396,CC[NH+](CC)c1ccc(c(c1)C)n2nc3cc(c(cc3n2)NC(=O)c4ccc(c(c4)[N+](=O)[O-])Cl)C,0,-8.3820,ok,117.1
egfr_panel,C14912166,CC[C@]1(C(=O)N(C(=O)N1)CC(=O)Nc2cc(ccc2N3CCCCC3)Cl)c4ccccc4,0,-8.4890,ok,127.1
generated_analog,analog_052,CNCC1CCN(c2cc(C)cc(Cn3cnc(C(=N)Cc4c(C)cccc4C)c3)n2)CC1,-1,-8.3220,ok,151.4
egfr_panel,C38654597,c1ccc(cc1)/C=C/C(=O)Oc2ccc3c(c2)OC(=C([C@H]3c4ccc(cc4)[N+](=O)[O-])C#N)N,0,-8.9200,ok,112.9
egfr_panel,C48547577,c1cc(ccc1c2csc(n2)[C@H](C#N)C(=O)C(=O)Nc3ccc(cc3[N+](=O)[O-])C(F)(F)F)[N+](=O)[O-],0,-8.5390,ok,161.3
egfr_panel,C63830630,CCCn1c2ccc(cc2nc1CCC(=O)NC[C@H]3C(=CC(=NC3=O)C)C)S(=O)(=O)N4CCCC4,0,-8.0320,ok,181.1
egfr_panel,C36050691,Cc1ccccc1[C@H]2C(=C(N=C3N2C(=CS3)/C=C(/NC[C@H]4CCCO4)\[O-])C)C(=O)OC,0,-7.2240,ok,112.1
egfr_panel,CHEMBL153525,Brc4cccc(Nc2ncnc3ccc1cc[nH]c1c23)c4,1,-8.7290,ok,30.3
egfr_panel,C36718396,c1ccc2c(c1)C[C@H](N(C2)C(=O)c3ccco3)C(=O)Oc4ccc(cc4)NC(=O)c5cccs5,0,-8.6370,ok,139.4
egfr_panel,C64713895,CCc1ccc(cc1)C2=C[C@@H]3C(=O)N=N[C@H](N3N2)SCc4cccc(c4)Br,0,-8.5910,ok,61.1
egfr_panel,C36540909,CCC(CC)[C@@H](C(=O)NCS(=O)(=O)c1ccc(cc1)C)N(c2ccccc2Cl)C(=O)C3CCCCC3,0,-6.7040,ok,229.7
egfr_panel,C63110956,CC(=O)N[C@H](CC1=c2ccccc2=[NH+]C1)C(=O)NC[C@H](c3ccccc3Cl)[NH+](C)C,0,-7.9210,ok,136.1
egfr_panel,C39933039,Cc1cc(cc(c1)Oc2cc(nc(n2)SC)n3c(c(c(n3)SC)C#N)N)C,0,-7.5260,ok,77.9
egfr_panel,C36601010,Cc1ccc(o1)CN([C@@H](c2ccc(cc2)N(C)C)C(=O)NC3CCCCC3)C(=O)CNC(=O)c4ccccc4,0,-8.0100,ok,278.7
egfr_panel,C39676765,C[C@H](c1cccc(c1)OC)NC(=O)[C@H]2CN(CC23CC[NH2+]CC3)C(=O)c4ccc(c(c4)C(F)(F)F)OC,0,-8.2390,ok,181.1
egfr_panel,C57779997,Cc1ccccc1n2c(nnc2S[C@@H](C)C(=O)NCCc3cccs3)c4cccnc4,0,-7.4590,ok,148.7
egfr_panel,C36050964,CCOC(=O)C1=C(N=C2N([C@@H]1c3cc(cc(c3)OC)OC)C(=CS2)/C=C(/NC[C@H]4CCCO4)\[O-])C,0,-6.2590,ok,187.1
egfr_panel,C06282815,COc1ccc2cc(c(=O)[nH]c2c1)C[NH+](Cc3cccs3)Cc4nnnn4C[C@H]5CCCO5,0,-7.3290,ok,171.7
egfr_panel,C44783018,C[C@H](C(C)C)NC(=O)C1(CCCC1)/C(=N/O)/N,0,-6.5610,ok,34.2
egfr_panel,C53200638,Cc1ccccc1c2nc(on2)Cc3ccccc3N,0,-8.2050,ok,33.8
egfr_panel,C63375763,CCc1cc(=O)oc2c1cc(c(c2)O[C@@H](C)C(=O)NCCC3=c4ccccc4=[NH+]C3)Cl,0,-9.0970,ok,121.0
egfr_panel,C35842497,CC(C)(C)c1ccc(cc1)CN(CCc2c[nH]c3c2cccc3)C(=O)CN(CCCOC)C(=O)C4CCCC4,0,-7.0900,ok,352.0
egfr_panel,C29403818,Cn1cc[nH+]c1[C@H](c2ccc(cc2)OC)Nc3cnn(c(=O)c3Cl)c4ccccc4C(=O)OC,0,-7.3270,ok,139.9
egfr_panel,C67629551,C[C@H](c1ccccc1[N+](=O)[O-])OC(=O)CNC(=O)NCc2ccc(cc2)Cl,0,-6.4050,ok,120.2
egfr_panel,C06134080,CC(C)CCNC(=O)[C@@H](CC(C)C)N(Cc1ccc2c(c1)OCO2)C(=O)c3c(c(ns3)C(=O)N)N,0,-7.6720,ok,251.5
egfr_panel,C05867364,Cc1ccc(cc1)c2nc([nH]n2)S[C@@H](C)C(=O)N3CCCC3,0,-7.3730,ok,41.4
egfr_panel,C02211399,Cc1ccc(cc1C)n2c(c(c3c2nc4ccccc4n3)C(=O)OCC=C)N,0,-8.5410,ok,68.7
egfr_panel,C00783156,Cc1ccccc1NC(=O)C(=CNc2ccccn2)C(=O)Nc3ccccc3C,0,-8.9690,ok,86.9
egfr_panel,C28579343,C[C@@H]1CCc2c(sc(c2C#N)NC(=O)Nc3ccccc3Cl)C1,0,-7.7990,ok,27.4
egfr_panel,C07049270,Cc1ccc2cc(c(nc2c1C)Cl)CSc3nc(cc(n3)N)C,0,-8.3790,ok,43.5
egfr_panel,C39527842,CC(C)S(=O)(=O)N1[C@H](CCC[C@@]12CCC[C@@H](C2)c3ccccc3O)F,0,-7.0810,ok,48.3
egfr_panel,CHEMBL139307,Brc4cccc(Nc2ncnc3ccc(N(CCCN1CCOCC1)C(=O)C=C)cc23)c4,1,-7.5930,ok,148.5
egfr_panel,C34786861,Cc1cc(n(n1)c2nc(c3c4c(sc3n2)CCC4)N(Nc5ccccc5)Nc6ccccc6)C,0,-8.8850,ok,122.8
egfr_panel,C45899053,CC(C)CNC(=O)CCCCn1c(=O)c2ccccc2n(c1=O)CC(=O)NCc3ccccc3Cl,0,-7.5140,ok,237.6
egfr_panel,CHEMBL462162,COc3cc(Nc1ncnc2[nH]ccc12)ccc3c5nc4ccccc4s5,1,-8.6700,ok,50.4
egfr_panel,C09226289,CC(=O)Nc1ccc(cc1)c2nnc(o2)SCC(=O)Nc3c(c4c(s3)CCCC4)C#N,0,-7.9920,ok,105.6
egfr_panel,C33266852,Cc1ccc(cc1)CNC(=O)N2Cc3c(nn(c3-n4cccc4[C@@H]2c5ccc(cc5)N(C)C)c6ccccc6)C,0,-8.7690,ok,151.8
egfr_panel,C08553728,c1ccc(cc1)NC(=O)c\2cc3cc4c5c(c3o/c2=N\c6cccc(c6)C(=O)N)CCCN5CCC4,0,-10.4590,ok,83.0
egfr_panel,C39666219,Cc1ccc(cc1)O[C@H](C)CNC(=O)[C@H]2CN(CC23CC[NH2+]CC3)C(=O)c4ccc(nc4)Oc5ccccc5,0,-8.6400,ok,251.4
egfr_panel,C02265252,CC(=O)c1ccc(cc1)NC(=O)CSc2nnc3n2c(nc4c3c5c(s4)COC(C5)(C)C)N,0,-8.2830,ok,103.9
egfr_panel,C43527841,CCC(CC)c1cc(nc(n1)c2ccncc2)[C@H]3C[NH+]4CC[C@@H]3C[C@@H]4CNC(=O)C(C)(C)C,0,-7.8870,ok,113.9
egfr_panel,C35697754,CC1=C([C@@H](N2C(=CSC2=N1)/C=C(/NCc3ccco3)\[O-])c4ccc(c(c4)OC)OC)C(=O)OC,0,-7.1000,ok,171.0
egfr_panel,C64520859,C[C@H]1C(=C(NO1)C)S(=O)(=O)N2CCC(CC2)[C@H](C)C(=O)NCCC3=c4cc(ccc4=[NH+]C3)OC,0,-7.6200,ok,189.6
egfr_panel,CHEMBL7827,Oc3cc(O)c2c(=O)c(c1cccc(Cl)c1)coc2c3,1,-9.0290,ok,43.3
egfr_panel,C03953782,c1cc(ccc1N2C=NC(=NC23CCCCC3)N)Br,0,-7.1270,ok,39.2
egfr_panel,CHEMBL57758,COc3cc2ncnc(Nc1ccc(F)c(Cl)c1)c2cc3OCCN4CCCC4,1,-8.0360,ok,114.3
egfr_panel,C11904190,Cc1ccc(cc1)[C@H](CNS(=O)(=O)c2cc(ccc2OC)N3C(=O)CCS3(=O)=O)[NH+](C)C,0,-8.1820,ok,163.7
egfr_panel,C13637734,CC(C)Oc1ccc2c(c1)[C@H]3C=CC[C@H]3[C@@H](N2)c4ccc(cc4)O,0,-8.6940,ok,64.8
egfr_panel,C25257998,CC(C)[C@H](C(=O)NNC(=O)c1ccc(cc1)C(C)(C)C)NC(=O)c2c(cccc2F)F,0,-7.7660,ok,119.5
egfr_panel,C22242727,C=CCNC(=O)C[NH+]1CCN(CC1)CC(=O)N2c3ccccc3NC(=O)C[C@H]2C(F)(F)F,0,-5.8560,ok,384.8
egfr_panel,C54080705,Cc1cccc2c1oc(c2C)C(=O)N(C)Cc3ccccc3O,0,-8.2580,ok,66.9
egfr_panel,C09789683,c1ccc2cc(ccc2c1)S(=O)(=O)N3CCC(CC3)C(=O)NC[C@@H](c4ccco4)[NH+]5CCCCC5,0,-8.4050,ok,157.0
egfr_panel,C65474532,CN(C1CCCCC1)C(=O)CNc2ccc(cc2C(=O)N)Cl,0,-7.1000,ok,70.4
egfr_panel,C40917148,COc1cc(cc(c1OCc2ccccc2F)Br)[C@H]3C4=C(CCCC4=O)Nc5n3nnn5,0,-8.6730,ok,111.7
egfr_panel,C13612613,CN(C)c1ccc(cc1)c2c(c(nc(c2C#N)SCCO)N)C#N,0,-7.2820,ok,65.9
egfr_panel,C56955949,C[C@@H]1C=CC2=CCC[C@H]([C@@H]2[C@@H]1CC[C@@H]3C[C@@H](CC(=O)O3)O)[C@@H](C)[C@@H](C)C(=O)[O-],0,-8.3570,ok,115.5
egfr_panel,C43215780,c1ccc(cc1)C[C@@H](c2ccccc2)NC(=O)c3coc(n3)c4ccc(cc4)N,0,-8.4070,ok,93.1
egfr_panel,C63961737,Cc1ccc(cc1NC(=O)c2ccc(s2)NC(=O)c3ccco3)C#N,0,-8.1450,ok,41.2
egfr_panel,C64789115,CC[NH+](CC)c1ccc(cc1)[C@H]2C/C(=C/3\C(=O)NC(=O)N(C3=O)c4cccc(c4)Cl)/NN2C(=O)C,0,-7.8240,ok,103.4
egfr_panel,C06843952,C[C@@H](c1nnc(o1)c2cccs2)Sc3nc(n(n3)c4ccccc4)C5CC5,0,-7.9060,ok,76.6
egfr_panel,C27017117,CCOc1ccccc1NC(=O)C[C@@H]2C(=O)Nc3ccccc3N2C(=O)c4ccc(cc4)Br,0,-7.4380,ok,147.5
egfr_panel,C63384450,c1ccc2=[NH+]CC(=c2c1)C[C@@H]3[C@H]4[C@H](C(=O)N(C4=O)C[C@@H]5CCCO5)[C@]6(N3)c7ccccc7NC6=O,0,-9.5820,ok,89.1
egfr_panel,C66084465,CC[C@H](C)NC(=O)c1cccc(c1)NCC(=O)Nc2cccc(c2C)C,0,-8.0590,ok,81.4
egfr_panel,C41585407,Cc1cc(c(c2c1C(=O)/C(=C/C=C/c3ccccc3)/O2)C[NH+]4CCN(CC4)c5ccccc5F)O,0,-9.7480,ok,109.3
egfr_panel,C13568120,CCn1c(nnc1S[C@H](C)C(=O)Nc2ccc3c(c2)OCO3)[C@H](C)NC(=O)c4ccccc4,0,-7.3790,ok,148.2
egfr_panel,C08791064,CC(C)[C@@H](C(=O)NC1CCCCC1)NC(=O)[C@@H]2Cc3c4ccccc4[nH]c3[C@H]5N2C(=O)c6c5cccc6,0,-8.7410,ok,136.8
egfr_panel,C15188288,CC(=O)[C@]12[C@H]([NH2+]1)C[C@H]3[C@@]2(CC[C@@H]4[C@H]3CC=C5[C@@]4(CC[C@@H](C5)O)C)C,0,-9.0340,ok,21.7
egfr_panel,C39709157,c1ccc(cc1)[C@H]2C(=c3ccccc3=[NH+]2)C(=O)CSc4[nH]c(=O)cc(n4)N,0,-8.4110,ok,85.2
egfr_panel,C12104067,Cc1ccc(c(c1C)NC(=O)CSc2[nH]nc(n2)C3CCCC3)[N+](=O)[O-],0,-7.3190,ok,72.5
egfr_panel,C35442675,CC1=C[C@H]([C@@H](C[C@H]1Cc2nnc(o2)c3ccc(cc3)N(C)C)C(C)C)C[NH+]4CCN(CC4)CCO,0,-8.0230,ok,176.9
generated_analog,analog_034,C=[PH](Cc1c(C)ccnc1C)c1cc(Cc2cc(C)cc(C3CCC(CCC)CN3)c2)co1,-1,-8.7020,ok,144.5
egfr_panel,C60363281,Cc1ccc(c(c1)Sc2ccc(cc2)NC(=O)C[NH+]3CCC[C@H](C3)C4OCCO4)C,0,-7.2240,ok,93.3
egfr_panel,C19285968,CC[C@@]1(C(=O)N(C(=O)N1)NC(=O)CSc2nc3cc(sc3c(=O)n2CC=C)c4ccccc4)C,0,-7.5960,ok,135.1
egfr_panel,C47128961,C[C@@H]1c2ccsc2CCN1C(=O)N[C@@H](C)c3ccc(cc3)NC(=O)NC4CC4,0,-7.7450,ok,61.6
egfr_panel,C13654256,C[C@@H]1C[C@@H](C[NH+](C1)Cc2c(ccc3c2O/C(=C/c4cn(c5c4cc(cc5)OC)C)/C3=O)[O-])C,0,-8.0790,ok,77.0
egfr_panel,C36969328,C[C@H]1CCCC[C@H]1Nc2ccc3c(c2)NC(=O)[C@@H](O3)C,0,-7.6040,ok,24.0
egfr_panel,C28297159,CC1([C@H]2CC[C@@]1(/C(=C/OC[C@H](CN3CCN(CC3)C[C@H](CO/N=C/4\C[C@@H]5CC[C@]4(C5(C)C)C)O)O)/C2)C)C,0,-7.1230,ok,327.3
egfr_panel,C13065090,CC[C@H](c1nnnn1CC(=O)OCC)[NH+](Cc2cccs2)Cc3cc4ccc(c(c4[nH]c3=O)C)C,0,-7.6870,ok,213.3
egfr_panel,C09343811,C[NH+](C)CCCN(c1nc2ccc(cc2s1)[N+](=O)[O-])C(=O)CCSc3ccc(cc3)Cl,0,-6.8020,ok,150.3
egfr_panel,C65882705,CC(C)(C)c1nc(no1)c2ccc(cc2)NC(=O)[C@@H]3CC(=O)N(C3)C4CCCC4,0,-7.8710,ok,84.7
egfr_panel,C13506838,Cc1cc(cc(c1)N([C@@H](c2ccccc2)C(=O)NC3CCCC3)C(=O)CNC(=O)c4ccco4)C,0,-8.7040,ok,203.6
egfr_panel,C39593002,c1cc(ccc1C2=C[C@H](N=N2)c3nnc4n3N[C@@H](S4)c5ccc(o5)Br)Cl,0,-8.7830,ok,78.0
egfr_panel,C11705754,Cc1cc(no1)C(=O)NC[C@H]2CCC[NH+](C2)Cc3ccc(s3)C#CC(C)(C)O,0,-7.7600,ok,122.8
egfr_panel,C65133371,CC(C)CCNC(=O)NNC(=O)C1(CCCCC1)NC(=O)C,0,-6.6750,ok,78.1
egfr_panel,C36206834,Cc1c2c(=O)[nH]c(nc2sc1C(=O)OC(C)C)C[NH+](Cc3ccccc3)C[C@@H](COC(C)(C)C)O,0,-7.3770,ok,240.0
egfr_panel,C59489317,Cc1ccc(cc1)/C(=N/NC(=[NH2+])S[C@H]2CC(=O)N(C2=O)c3ccc(cc3)F)/C,0,-8.6120,ok,97.1
egfr_panel,C39677607,CCC[C@H](C)C(=O)N1C[C@H](C2(C1)CC[NH2+]CC2)C(=O)NCc3ccc(s3)c4ccccn4,0,-7.6950,ok,159.2
egfr_panel,C09602459,C[C@H]1CCCC[C@H]1NC(=S)Nc2ccnn2C3CCCCC3,0,-7.4010,ok,36.8
egfr_panel,CHEMBL311109,NC(=O)C6CCN(Cc5ccc(c4cc3ncnc(Nc2ccc1[nH]ccc1c2)c3s4)cc5)CC6,1,-9.3170,ok,140.8
egfr_panel,C63439091,c1cc(oc1)c2nc(cs2)/C=C/3\C(=O)OC(=N3)c4ccsc4,0,-7.0020,ok,28.7
egfr_panel,C63831623,COc1ccc(cc1)[C@H](CNC(=O)CN2C(=O)C3(CCCCC3)NC2=O)C4=c5ccccc5=[NH+]C4,0,-9.5820,ok,175.1
egfr_panel,C09467755,Cc1cccc2n1cc(n2)C(=O)Nc3[nH]nc(n3)SCc4ccc(cc4)Cl,0,-7.8800,ok,58.7
egfr_panel,C12513092,CN(C)c1c(cc2cc3c(cc2[nH+]1)OCO3)CN(C[C@@H]4CCCO4)C(=O)C5(CC5)c6ccc(cc6)Cl,0,-8.4090,ok,185.5
egfr_panel,C53625674,CC[C@H](C)[C@@H](C(=O)NNC(=O)c1ccc2c(c1)OCCO2)NC(=O)N,0,-6.9980,ok,61.8
egfr_panel,CHEMBL231875,Fc6cccc(Cn4ncc5cc(Nc2ncnn3ccc(CN1CCNCC1)c23)ccc45)c6,1,-8.2410,ok,95.3
egfr_panel,C35957632,CC[C@@H](c1ccccc1)C(=O)N[C@H]2CCN(C2)c3[nH+]c4ccccc4n3C5CCCC5,0,-8.0500,ok,87.5
egfr_panel,C06135154,CCc1ccc2c(c1)cc(c(=O)[nH]2)[C@@H](c3nnnn3C(C)(C)C)[NH+]4CCN(CC4)c5ccc(cc5)OC,0,-8.3200,ok,153.3
egfr_panel,C66633282,CCCNC(=O)NNC(=O)[C@H]1C[C@H]2CCCC[C@@H]2N1C(=O)c3ccccc3,0,-7.9760,ok,80.7
egfr_panel,C00695772,c1c(oc(c1)C(=O)N/N=C/C2CCCCC2)C(=O)N/N=C/C3CCCCC3,0,-7.5170,ok,63.2
egfr_panel,C59252024,C[C@H]1CC[C@H]([C@@H](C1)NC(=O)c2ccc(cc2)S(=O)(=O)N3CCNC(=O)C3)C(C)C,0,-6.9940,ok,62.9
egfr_panel,C59489262,C/C(=N\NC(=[NH2+])S[C@H]1CC(=O)N(C1=O)c2ccc(cc2)C(=O)[O-])/c3ccc(cc3)Br,0,-8.3130,ok,87.2
egfr_panel,C35842575,CCC[NH+](C[C@H](COC(C)C)O)CC(=O)N(CCc1c[nH]c2c1cccc2)Cc3ccc(cc3)C(C)(C)C,0,-6.9410,ok,399.9
egfr_panel,C02707268,COc1cccc(c1)[C@@H]2C3=C(c4ccccc4O2)N=C5N=CNN5[C@H]3c6cccs6,0,-8.1780,ok,67.7
egfr_panel,C58828583,C[C@@H](c1ccc(cc1)S(=O)(=O)N)N(C)C(=O)Nc2ccccc2C(F)(F)F,0,-8.0050,ok,89.0
egfr_panel,C54197073,CC[C@H](C)[C@@H](C(=O)NCCc1ccccc1C(F)(F)F)NC(=O)N,0,-7.0520,ok,80.6
egfr_panel,C20294931,Cc1c(c(sc1C(=O)N)NC(=O)C[NH+]2CCN(CC2)C(=O)c3ccco3)C(=O)OC(C)C,0,-7.4640,ok,135.1
egfr_panel,C45047151,CC1(CCCCC1)NC(=O)[C@@H]2CCc3ccccc3N2,0,-7.9030,ok,23.6
egfr_panel,CHEMBL251123,CCOc3cc2ncnc(\C=C\CCCc1ccccc1)c2cc3OCC,1,-7.4060,ok,91.4
egfr_panel,C04217317,CC1([C@@H](N2[C@H](S1)[C@@H](C2=O)NC(=O)[C@@H](c3ccccc3)NC(=O)CNC(=[NH2+])c4ccncc4)C(=O)[O-])C,0,-7.7470,ok,199.3
egfr_panel,C13759919,Cc1ccc(cc1)S(=O)(=O)NCCCC[NH+]2CCCC[C@]23Cc4c(cccc4OC)OC3,0,-7.6460,ok,145.5
egfr_panel,C39655951,Cc1ccc2c(c1)c(c[nH]2)CCNC(=O)[C@@H]3CN(CC34CC[NH2+]CC4)C(=O)[C@H](C)Oc5ccccc5,0,-8.3110,ok,178.7
egfr_panel,C00631010,Cc1cc2c(cc1C)NC3=C([C@H](N2)c4ccc(cc4)C(=O)OC)C(=O)CC(C3)(C)C,0,-7.0620,ok,205.9
egfr_panel,C58236560,Cc1ccc(cc1)c2nc(cs2)CC(=O)N[C@H](C)c3ccc(cc3)NC(=O)N,0,-8.1490,ok,94.5
egfr_panel,C66396691,CC(C)(C)c1ccc(cc1)[C@H](C#N)NC(=O)CCCc2nc(no2)C(C)(C)C,0,-7.5120,ok,110.6
egfr_panel,CHEMBL574738,CCN4CCN(Cc3ccc(NC(=O)Nc2ccc(Oc1cc(NC)ncn1)cc2)cc3C(F)(F)F)CC4,1,-7.8980,ok,184.6
generated_analog,analog_054,C=C(Cc1c(C)cccc1C)c1ccn(CS2=CC(C3CCC(CCN)OC3)=IC(C)=N2)c1,-1,-8.2150,ok,155.8
egfr_panel,C25589169,CCc1c(c(nc(n1)S[C@@H](C)C(=O)N2CCNC2=O)N)c3ccc(cc3)Cl,0,-8.3190,ok,78.7
egfr_panel,C32979157,C[C@H]1C[C@H]1C(=O)Nc2cccc(c2)C(=O)NCCN3C(=O)/C(=C/c4ccc(cc4)Cl)/SC3=O,0,-7.9790,ok,138.3
egfr_panel,C21864297,CC(C)CCN1C(=O)c2ccc(n2C[C@]1(C)C(=O)NC3CCCCCC3)c4ccco4,0,-6.2870,ok,269.1
egfr_panel,C43263113,CC[C@H]([C@@H](c1ccc(s1)Br)N2CCc3c(ccs3)[C@@H]2C)[NH3+],0,-5.8810,ok,45.5
egfr_panel,C36737159,c1cscc1C(=O)Nc2cc3c(cc2N)OCO3,0,-6.9470,ok,24.2
egfr_panel,CHEMBL206955,COc3cc2ncnc(Nc1ccc(F)c(Cl)c1)c2cc3CN4CCC[C@@H]4C(N)=O,1,-8.8690,ok,97.2
egfr_panel,C02247337,c1cc(cc(c1)F)/C=C/2\C(=O)N/C(=N\c3cccc(c3Cl)Cl)/S2,0,-7.3240,ok,30.0
egfr_panel,C39431393,C[C@@]12CC[C@@H](C1(C)C)C(=O)N(C2=O)c3ccc(cc3)C(=O)OC,0,-7.3420,ok,28.0
egfr_panel,C12709984,CC[NH+](CC)CCN(Cc1cc2cc3c(cc2[nH]c1=O)OCCO3)C(=O)Nc4ccccc4OC,0,-7.8260,ok,188.1
egfr_panel,C09302085,C[NH+]1CCc2c(sc3c2C(=N[C@@H](N3)c4cccc(c4)OC(=O)c5cccs5)O)C1,0,-8.4500,ok,76.3
egfr_panel,C09502944,C[NH+](Cc1ccc(o1)c2ccc(cc2)Cl)CC(=O)Nc3ccccc3SCC#N,0,-7.2140,ok,122.7
egfr_panel,C24988917,C[C@@H](C(=O)Nc1ccccc1F)[NH+]2CCC(CC2)NS(=O)(=O)c3cccs3,0,-7.4020,ok,77.6
egfr_panel,C20737671,CC[NH+]1CCC[C@H]1CNC(=O)c2ccc3c(c2)N(C(=O)/C(=C/c4ccccc4)/S3)Cc5cccc(c5)C,0,-8.6610,ok,152.8
egfr_panel,C38597967,Cc1ccc(c(c1)[N+](=O)[O-])NC(=O)C(=O)NC[C@@H](c2ccco2)[NH+]3CCN(CC3)c4ccc(cc4)F,0,-7.7530,ok,168.3
egfr_panel,C58895156,CCOc1ccc(cc1)[C@@H](CCC(=O)N/N=C\c2ccc(c(c2)CC=C)OCc3cccc4c3cccc4)O,0,-7.3130,ok,365.7
egfr_panel,C36146366,c1ccc(cc1)COC[C@@H](C[NH+](Cc2ccc(cc2)F)C[C@@H]3CC(=NO3)c4ccc(c(c4)Cl)Cl)O,0,-8.1840,ok,220.8
egfr_panel,C09328284,CCn1c(nnc1SCC(=O)c2ccc(cc2)C#N)[C@@H](C)NC(=O)c3ccc(cc3)Cl,0,-7.6150,ok,121.8
egfr_panel,C20284357,CCOc1ccc(cc1)NC(=O)[C@H](CC(C)C)NS(=O)(=O)c2ccc3c(c2)oc(=O)n3C,0,-7.8390,ok,135.6
egfr_panel,C39942171,C[C@@H](C(=O)NCc1ccco1)S[C@@H]2NN=C(N2C3CC3)C4=c5ccccc5=[NH+]C4,0,-7.8280,ok,114.1
egfr_panel,C13065409,COc1ccc(cc1)Cn2c(nnn2)C[NH+](CCc3ccccc3)Cc4cc5cc6c(cc5[nH]c4=O)OCO6,0,-8.5010,ok,264.2
egfr_panel,C08757693,c1ccc(cc1)N/C(=C\2/C(=O)NC(=O)N(C2=O)c3ccc(cc3)Br)/NCc4ccccc4C(F)(F)F,0,-8.6300,ok,144.2
egfr_panel,C05298022,c1ccc(cc1)c2c(n3c(n2)SC=C(N3)c4ccc(cc4)Oc5ccccc5)Br,0,-8.4480,ok,56.2
egfr_panel,C64050837,c1ccc(cc1)c2ccccc2NC(=O)COC(=O)CCC3=NC(=O)C4=C5CCCC[C@@H]5SC4=N3,0,-8.8920,ok,182.6
egfr_panel,C43254386,CC[C@@H]([C@H](c1ccc(s1)Cl)n2cnc3c2cccc3)[NH3+],0,-6.8260,ok,48.8
egfr_panel,C08619120,CC[NH+]1CCc2c(sc(c2[C@H](C)NC(=O)Nc3ccc(cc3)Br)n4cccc4)C1,0,-7.4660,ok,85.4
egfr_panel,C03447642,CC(=CC(=O)Nc1c(c(cs1)c2ccccc2)C(=O)OCC(=O)C(=C3Nc4ccccc4N3)C#N)C,0,-8.4940,ok,209.8
egfr_panel,C12925347,CCCC(=O)Nc1ccc(cc1)C(=O)[C@H](C)OC(=O)[C@@]23CCC(=O)N2c4ccccc4S3,0,-7.9780,ok,149.6
egfr_panel,C48605316,CC1(CC(CC([NH2+]1)(C)C)NC(=O)C(=O)Nc2ccc(cc2)N3CCNC3=O)C,0,-8.4240,ok,69.4
egfr_panel,C14151958,CCc1ccccc1NC(=O)COC(=O)c2c(c3c(cc(nc3s2)C)C)N,0,-7.9830,ok,95.4
egfr_panel,CHEMBL169514,Oc4ccc(O)c(CNc3ccc(O)c(C(=O)Oc2ccc1ccccc1c2)c3)c4,1,-8.7350,ok,145.6
egfr_panel,C13065484,Cc1ccc(cc1)C[NH+](Cc2cc3cccc(c3[nH]c2=O)C)Cc4nnnn4Cc5ccc(cc5)F,0,-8.0440,ok,211.9
egfr_panel,C03945127,c1cc(ccc1C=NNc2nc(cnn2)[O-])C(F)(F)F,0,-7.8160,ok,37.8
egfr_panel,C04508359,Cc1ccc(cc1C)C(=O)[C@@H](C)OC(=O)c2ccc(c(c2)[N+](=O)[O-])N(C)C,0,-7.1680,ok,102.6
egfr_panel,CHEMBL90541,COc4cc3ncnc(Nc2nnc1ccccc1n2)c3cc4OC,1,-8.3510,ok,52.9
egfr_panel,C16807747,Cc1cc(c(c(c1O)Cl)Cl)N/C(=N/S(=O)(=O)c2ccccc2)/c3ccccc3,0,-8.2940,ok,89.3
egfr_panel,C03482527,C[C@H](C(=O)NC(=O)N)Sc1nnc(n1c2ccccc2C(C)C)c3ccc(cc3)Cl,0,-7.5540,ok,108.5
egfr_panel,C35968370,CC(C)[C@@H](C(=O)NCc1ccco1)N2CC3=C(C2=O)[C@@H](NC(=O)N3C)c4cccc(c4)Oc5ccccc5,0,-8.1720,ok,207.7
egfr_panel,CHEMBL516022,Cc3cccc(NC1=NC=NC2=CN=C(NC(=O)C=C)C12)c3,1,-7.1470,ok,27.4
egfr_panel,C59038452,CCNC(=O)c1ccc(c(c1)NC(=O)N[C@H](C)c2cc3ccccc3o2)C,0,-8.1520,ok,69.9
egfr_panel,C05522875,c1ccc(cc1)N(c2ccccc2)C(=O)CSc3[nH]nc(n3)c4ccccc4O,0,-8.4440,ok,118.8
egfr_panel,C08345956,c1ccc(cc1)c2c3cc(cnn3c(=S)[nH]2)C(=O)c4ccccc4O,0,-9.5920,ok,59.7
egfr_panel,C06757074,CCc1cc(=O)oc2c1cc(c(c2C[NH2+]C[C@H]3CCCO3)O)Cl,0,-7.6640,ok,56.4
egfr_panel,C14625038,c1ccc2c(c1)n(c(=O)o2)CC(=O)Nc3nc(c(s3)c4cccs4)c5cccs5,0,-7.8040,ok,70.4
egfr_panel,CHEMBL509914,Brc4cccc(Nc2ncnc3cnc(CC(=O)\C=C\c1ccccc1)cc23)c4,1,-8.8670,ok,100.9
egfr_panel,C36502056,CC(C)(C)CC(C)(C)NC(=O)[C@@H](c1ccccc1O)N(Cc2ccco2)C(=O)Cc3ccc4c(c3)OCO4,0,-7.5110,ok,294.6
egfr_panel,C15548600,c1cc(sc1)[C@H]2c3ccsc3CC[NH+]2CC(=O)Nc4c(cc(cc4Cl)Cl)Cl,0,-7.0640,ok,61.3
egfr_panel,C39446511,C[C@H]1C(=C2C(=N[C@@H](N(C2=O)c3ccccc3)SCc4[nH]c5ccccc5n4)S1)C,0,-8.4720,ok,72.1
egfr_panel,C35747350,COCC[NH+](Cc1[nH]c(=O)c2c(csc2n1)c3ccc(cc3)Cl)C[C@@H](COc4ccccc4)O,0,-7.5060,ok,209.1
egfr_panel,C46710012,CC(C)[C@@H](C(=O)N1CCC[NH+](CC1)Cc2cccs2)NS(=O)(=O)c3ccc(cc3)OC,0,-5.2820,ok,415.7
egfr_panel,C38546638,c1cc[nH+]c(c1)N2CC[NH+](CC2)[C@@H](c3ccccn3)c4c5c(sc4NC(=O)c6ccco6)CCCC5,0,-8.6050,ok,156.3
egfr_panel,C63683241,c1ccc(cc1)c2c(oc(n2)NC(=O)CSC3=NC(=O)CC(=N3)c4ccccc4)c5ccccc5,0,-10.1210,ok,130.2
egfr_panel,C33051525,CCc1ccccc1NC(=O)N2Cc3c(nn(c3-n4cccc4[C@H]2c5ccc(cc5)C(C)C)c6ccccc6)C,0,-9.8020,ok,141.8
egfr_panel,C39198079,Cc1ccc(cc1)S(=O)(=O)n2cc(c3c2cccc3)/C=C/C(=O)N4CCC(CC4)[NH+]5CCC(=O)NCC5,0,-7.3720,ok,320.3
egfr_panel,C13811119,CCOc1ccc(cc1)[C@@H]2C3=C(c4ccccc4O2)N=C5[NH+]=CNN5[C@H]3c6ccc(c(c6)OC)OCC,0,-8.0300,ok,123.3
egfr_panel,C64890537,Cc1ccc(cc1)S(=O)(=O)N[C@H]([C@@H]2[NH+]=C(NO2)c3ccc4c(c3)[nH]c(=O)c(=O)n4C)C(C)C,0,-7.6720,ok,131.6
egfr_panel,C02368123,c1ccc2c(c1)nc3c(c(n(c3n2)Cc4ccco4)N)S(=O)(=O)c5ccc(cc5)Cl,0,-8.1130,ok,87.4
egfr_panel,C39362574,CCOc1ccc(cc1)N2[C@@H](NN=C2SCC(=O)NC[C@H]3CCCO3)Cc4cc(=O)[nH]c(=O)[nH]4,0,-8.0450,ok,178.0
egfr_panel,C50769212,Cc1ccc(cc1)C[C@@H]2CCCN(C2)C(=O)[C@@H](C)NC(=O)N,0,-7.2240,ok,49.4
egfr_panel,C06134081,CCOc1ccc2c(c1)cc(c(=O)[nH]2)[C@H](c3nnnn3C4CCCC4)[NH+]5CCN(CC5)c6ccccc6F,0,-8.7860,ok,164.6
egfr_panel,C04916645,Cc1ccc(nc1)N2[C@@H](c3ccccc3C2=O)Nc4cccc(c4C)C,0,-9.5470,ok,47.4
egfr_panel,C01058881,c1ccc(cc1)n2c(nnc2SCC(=O)Nc3nccs3)c4ccccc4O,0,-7.5590,ok,90.8
egfr_panel,C12219039,c1cc(oc1)C[NH+]2CCC(CC2)(c3ccc4c(c3)cc(o4)C(=O)NCc5ccc6c(c5)OCO6)O,0,-8.7670,ok,116.5
egfr_panel,CHEMBL53711,CN(C)c3cc2c(Nc1cccc(Br)c1)ncnc2cn3,1,-7.9500,ok,33.1
egfr_panel,C36063044,CC[NH+](CC)[C@H](CNC(=O)CN1C(=O)[C@@](NC1=O)(C)c2ccc(cc2)C)c3ccccc3,0,-7.3620,ok,150.5
egfr_panel,C38915295,Cc1ccc(cc1)SCC2=C3[C@@H](C(=C(O[C@@H]3N=N2)N)C#N)c4ccc(cc4)Cl,0,-8.3570,ok,75.7
egfr_panel,C00083131,c1ccc2c(c1)N[C@H](C(=O)N2)CC(=O)Nc3ccccc3OC(F)F,0,-7.3650,ok,67.0
egfr_panel,CHEMBL135853,COc3cc2ncnc(Oc1cccc(Cl)c1)c2cc3OC,1,-7.9160,ok,35.4
egfr_panel,C39364668,Cc1cc2c(c(c1)Cl)O[C@H]([C@@H]2C)C(=O)NCC3=C(N=N[C@@H]3C)C,0,-7.8930,ok,36.2
egfr_panel,C63230045,c1ccc2cc(ccc2c1)C(=O)NC[C@@H]([C@H]3CC=CS3)C4=c5ccccc5=[NH+]C4,0,-9.5050,ok,70.6
egfr_panel,C12042928,CC[C@@H](C)C[NH+]1CCC(CC1)[C@]2(C(=O)N(C(=O)N2)CCc3ccc(cc3)OC)CC,0,-7.8900,ok,113.0
egfr_panel,C06016911,Cc1cc(cc(c1c2c(c([nH]n2)C)Oc3ccccc3)O)OCc4cnn(c4)c5ccccc5,0,-8.0340,ok,155.5
egfr_panel,C36206498,Cc1ccc(c(c1)c2csc3c2c(=O)[nH]c(n3)C[NH+](CCOC)C[C@H](COC(C)C)O)C,0,-6.4800,ok,186.0
egfr_panel,C13515952,CCCC(=O)Nc1[nH]c(=O)c2c(n1)n(cn2)[C@H]3[C@@H]([C@H]4[C@H](O3)CO[P@@](=O)(O4)[O-])OC(=O)CCC,0,-8.2060,ok,109.5
egfr_panel,C27902294,C[C@@H](C(=O)Nc1ccccc1Sc2ccc(cc2)Cl)N3CC[NH+](CC3)CC(=O)NCC=C,0,-7.9980,ok,166.7
egfr_panel,C33258510,Cc1c(cn(n1)c2ccc(cc2)c3nc(on3)C)C(=O)Nc4cccc5c4CCCC5,0,-8.9500,ok,61.5
egfr_panel,C66055304,CCOC(=O)C(C)(c1ccc(c(c1)[N+](=O)[O-])C(F)(F)F)C(=O)OCC,0,-6.1670,ok,72.1
egfr_panel,C36083329,CC[NH+](CC)CCN(CC(=O)N1CCCN(CC1)c2ccc(nn2)c3ccc(cc3)F)C(=O)NC(C)C,0,-5.5260,ok,649.0
egfr_panel,C35171047,Cc1cccc(c1Nc2c(nc3n2cccn3)c4c(ccs4)C)C,0,-7.4400,ok,40.9
egfr_panel,C09722403,c1ccc2c(c1)[nH]c(=O)n2C3CC[NH+](CC3)CC(=O)NN4C(=O)C5(CCCCC5)NC4=O,0,-8.9880,ok,92.7
egfr_panel,C20082452,CCc1ccc2c(c1)cc(c(=O)[nH]2)[C@H](c3nnnn3C4CCCCC4)N(Cc5cccs5)C[C@@H]6CCCO6,0,-7.7600,ok,203.2
egfr_panel,C12513300,Cc1ccc(cc1C)n2c(nnc2SCC(=O)Nc3ccccc3N4CCCC4)c5ccncc5,0,-8.7120,ok,169.4
egfr_panel,C64087678,CCCC[C@@H](C(=O)N1CCC(=CC1)C2=c3c(cccc3=[NH+]C2)C)NC4=NS(=O)(=O)c5c4cccc5,0,-9.4020,ok,155.3
egfr_panel,C64340166,CN(C)S(=O)(=O)c1cccc(c1)NC(=O)[C@H](CC2=c3ccccc3=[NH+]C2)NC(=O)c4cccs4,0,-8.6910,ok,153.7
egfr_panel,C58930012,Cc1ccccc1N2[C@H](NC(=CC2=O)C)Nc3nc(cc(n3)C)C,0,-7.9380,ok,53.3
egfr_panel,C33937119,CC[C@@H](c1nnnn1C[C@H]2CCCO2)[NH+](Cc3ccc4c(c3)OCO4)Cc5cc6cc(cc(c6[nH]c5=O)C)C,0,-8.4070,ok,246.6
egfr_panel,C25570750,Cc1cc(c(n1c2nccs2)C)C(=O)CSc3nnc(n3N)COc4cccc(c4)OC,0,-6.9530,ok,178.5
egfr_panel,C10891668,Cc1cccn2c1nc(c2)COc3cccc(c3)C(=O)NNC(=O)c4c[nH]c5c4cccc5,0,-9.4480,ok,123.6
egfr_panel,C35710481,CCCN1C(=C([C@H](NC1=O)c2ccc(cc2)NC(=O)/C=C/c3ccc(cc3)[N+](=O)[O-])C(=O)OCC(C)C)C,0,-7.7300,ok,227.4
egfr_panel,C45329773,CCOC(=O)C[C@H](C[C@@H](/C=C/c1c(nc(nc1C(C)C)N(C)S(=O)(=O)C)c2ccc(cc2)F)O)O,0,-8.3660,ok,265.9
egfr_panel,C12913493,CC(C)[C@H](c1ccc2c(c1)OCCCO2)[NH2+]Cc3csc(n3)c4ccc(c(c4)OC)OC,0,-6.4220,ok,287.7
egfr_panel,C38660209,CCCCOc1ccc(cc1OC)[C@@H]2c3ccc(cc3OC(=C2C#N)N)OC(=O)c4cccc(c4)[N+](=O)[O-],0,-8.1280,ok,213.3
egfr_panel,C62826103,Cc1cc(c(c(c1)C(=O)[O-])NC(=O)N(C)[C@H](C)C2CC2)C,0,-6.8770,ok,42.5
egfr_panel,C27231993,Cc1ccc(cc1)c2c(cn(n2)c3ccccc3)C(=O)c4nc(ns4)CC(=O)C,0,-8.9610,ok,102.2
generated_analog,analog_021,C=[IH](Cc1c(C)ccnc1C)c1ccn(Cc2cc(C)cc(C3CCC(CNC)CC3)c2)c1,-1,,"prep_failed: Meeko write failed: atom number 0 has non finite charge, mol name: None, charge: nan, type: <class 'float'>
atom number 1 has non finite charge, mol name: None, charge: nan, type: <class 'float'>
atom number 2 has non finite charge, mol name: None, charge: nan, type: <class 'float'>
atom number 3 has non finite charge, mol name: None, charge: nan, type: <class 'float'>
atom number 4 has non finite charge, mol name: None, charge: nan, type: <class 'float'>
atom number 5 has non finite charge, mol name: None, charge: nan, type: <class 'float'>
atom number 6 has non finite charge, mol name: None, charge: nan, type: <class 'float'>
atom number 7 has non finite charge, mol name: None, charge: nan, type: <class 'float'>
atom number 8 has non finite charge, mol name: None, charge: nan, type: <class 'float'>
atom number 9 has non finite charge, mol name: None, charge: nan, type: <class 'float'>
atom number 10 has non finite charge, mol name: None, charge: nan, type: <class 'float'>
atom number 11 has non finite charge, mol name: None, charge: nan, type: <class 'float'>
atom number 12 has non finite charge, mol name: None, charge: nan, type: <class 'float'>
atom number 13 has non finite charge, mol name: None, charge: nan, type: <class 'float'>
atom number 14 has non finite charge, mol name: None, charge: nan, type: <class 'float'>
atom number 15 has non finite charge, mol name: None, charge: nan, type: <class 'float'>
atom number 16 has non finite charge, mol name: None, charge: nan, type: <class 'float'>
atom number 17 has non finite charge, mol name: None, charge: nan, type: <class 'float'>
atom number 18 has non finite charge, mol name: None, charge: nan, type: <class 'float'>
atom number 19 has non finite charge, mol name: None, charge: nan, type: <class 'float'>
atom number 20 has non finite charge, mol name: None, charge: nan, type: <class 'float'>
atom number 21 has non finite charge, mol name: None, charge: nan, type: <class 'float'>
atom number 22 has non finite charge, mol name: None, charge: nan, type: <class 'float'>
atom number 23 has non finite charge, mol name: None, charge: nan, type: <class 'float'>
atom number 24 has non finite charge, mol name: None, charge: nan, type: <class 'float'>
atom number 25 has non finite charge, mol name: None, charge: nan, type: <class 'float'>
atom number 26 has non finite charge, mol name: None, charge: inf, type: <class 'float'>
atom number 29 has non finite charge, mol name: None, charge: nan, type: <class 'float'>
atom number 30 has non finite charge, mol name: None, charge: nan, type: <class 'float'>
atom number 31 has non finite charge, mol name: None, charge: nan, type: <class 'float'>
atom number 32 has non finite charge, mol name: None, charge: nan, type: <class 'float'>
",0.2
egfr_panel,C63383579,CC[C@@H](C)[C@@H](C(=O)NCCCOC)NC(=O)[C@@H]1CC2=c3ccccc3=[NH+][C@H]2[C@@H]4N1C(=O)c5c4cccc5,0,-7.2440,ok,197.1
egfr_panel,C66262570,c1c2c(cc(c1SCc3nc(nc(n3)N)N)Cl)OCCO2,0,-7.0790,ok,48.6
egfr_panel,C35462892,C[NH2+][C@@H](c1ccc(cc1)Br)c2ccccc2C(F)(F)F,0,-7.6240,ok,34.3
egfr_panel,C08770134,c1ccc2c(c1)c(c[nH]2)CC[NH2+]C[C@H](Cn3cc(c4c3cccc4)/C=C/C(=O)c5ccc(cc5)Br)O,0,-8.7740,ok,269.5
egfr_panel,C01886702,CC1(CC2=C(C(=O)C1)[C@](C(=O)N2Cc3cc(cc(c3)OC)OC)(C(F)(F)F)NC(=O)CCc4ccc(cc4)OC)C,0,-7.9840,ok,267.6
egfr_panel,C39697328,c1ccc(cc1)c2ccccc2NC(=O)CSC3=N[C@H]4C(=c5ccccc5=[NH+]4)N=N3,0,-8.8400,ok,110.6
egfr_panel,CHEMBL153409,Brc4cccc(Nc2ncnc3c1cccnc1sc23)c4,1,-7.2680,ok,30.9
egfr_panel,C00955961,c1ccc(cc1)Oc2cccc(c2)[C@H]3[C@@H]([C@@](NC(=O)N3)(C(F)(F)F)O)C(=O)c4ccc(cc4)Cl,0,-7.8870,ok,151.4
egfr_panel,C12090163,CC[NH+]1[C@H]([C@H](C[C@@]1(C)CO)C[NH2+]CC2CC2)c3ccc(cc3)Cl,0,-6.2720,ok,69.1
egfr_panel,C10980429,Cc1ccc(cc1O)C(=O)O[C@H](C)C(=O)Nc2cc(ccc2Cl)S(=O)(=O)N3CCCCC3,0,-8.2530,ok,153.1
egfr_panel,C05748509,C[C@H]1CCCC[C@H]1NS(=O)(=O)N(C)C,0,-5.3020,ok,18.1
egfr_panel,CHEMBL74722,Cc3[nH]c2ncnc(Nc1cccc(Br)c1)c2c3C,1,-8.2070,ok,31.8
egfr_panel,CHEMBL39320,Cn3ncc4cc2c(Nc1cccc(Br)c1)ncnc2cc34,1,-9.0210,ok,38.4
egfr_panel,CHEMBL474147,Cc3cccc(NC1=NC=NC2=CC=C(NC(=O)C=C)C12)c3,1,-7.9820,ok,41.5
egfr_panel,CHEMBL94019,COc4cc3ncnc(NC1CCc2ccccc12)c3cc4OC,1,-8.2600,ok,54.0
egfr_panel,CHEMBL250923,COc3cc2ncnc(\C=C\CCc1ccccc1)c2cc3OC,1,-7.5280,ok,53.2
egfr_panel,CHEMBL417420,Brc4cccc(Nc2ncnc3cnc(NCCCN1CCOCC1)nc23)c4,1,-7.4600,ok,112.6
egfr_panel,CHEMBL176582,Cn3cnc4cc2ncnc(Nc1cccc(Br)c1)c2cc34,1,-8.8830,ok,32.0
egfr_panel,CHEMBL22978,CN4CCC(O)(c3nc(c1ccc(F)cc1)c(c2ccncc2)o3)CC4,1,-8.8310,ok,59.4
egfr_panel,CHEMBL7866,COC(=O)Cn2cc(c1cccc(Cl)c1)c(=O)c3c(O)cc(OC)cc23,1,-8.9170,ok,65.9
egfr_panel,CHEMBL399372,CCOc4cc3ncnc(C#Cc1nccn1c2ccccc2)c3cc4OCC,1,-7.7920,ok,77.3
egfr_panel,CHEMBL378370,COc3cc2ncnc(Nc1cccc(Cl)c1F)c2cc3CN(C)C4CCNC4=O,1,-8.9670,ok,105.8
egfr_panel,CHEMBL470011,Fc5ccc(Nc3ncnc4nc(Nc2ccc(CN1CCCCC1)cc2)sc34)cc5Cl,1,-8.2290,ok,113.5
egfr_panel,CHEMBL283088,COc3cc2c(Nc1ccc(Cl)cc1F)ncnc2cc3OCCN4CCN(C)CC4,1,-8.0760,ok,120.2
egfr_panel,CHEMBL168366,Oc3ccc(O)c(CNc2ccc(O)c(C(=O)OCCc1ccccc1)c2)c3,1,-8.1520,ok,147.9
egfr_panel,CHEMBL473944,Brc4cccc(Cc2ncnc3cc(OCCCn1ccnc1)c(NC(=O)C=C)cc23)c4,1,-6.7710,ok,150.1
egfr_panel,CHEMBL247127,C6CO[C@H](COCc4ccn5ncnc(Nc3ccc2n(Cc1cccnc1)ncc2c3)c45)CN6,1,-8.3480,ok,163.2
egfr_panel,CHEMBL304971,CN5CCN(C(=O)c4c[nH]c(\C=c2/c(=O)[nH]c3ncnc(Nc1ccc(F)c(Cl)c1)c23)c4C)CC5,1,-9.5810,ok,101.4
egfr_panel,CHEMBL180175,COc4cc3ncc(C#N)c(Nc2ccc(Sc1nccn1C)c(Cl)c2)c3cc4NC(=O)\C=C\CN(C)C,1,-8.4220,ok,189.3
egfr_panel,CHEMBL566337,CCC5=C1C(N=CN=C1Nc4ccc3n(Cc2ccccc2)ncc3c4)N=C5NC(=O)OCCn6ccnc6,1,-8.5810,ok,164.2
egfr_panel,CHEMBL328977,Brc4cccc(Nc2ncnc3ccc(NC(=O)C#CCN1CCSCC1)cc23)c4,1,-8.2670,ok,76.3
egfr_panel,CHEMBL169390,Nc3ncnc4n(C1CCCC1)cc(c2cccc(O)c2)c34,1,-8.9000,ok,37.7
egfr_panel,CHEMBL461113,Nc3ncnc(Nc2ccc(OCc1ccccc1)c(Cl)c2)c3C(=O)OCCN4CCOCC4,1,-7.4790,ok,220.3
egfr_panel,CHEMBL578255,CCC5=C1C(N=CN=C1Nc4ccc3n(Cc2ccccc2)ncc3c4)N=C5NC(=O)OCCN6CCOCC6,1,-8.0880,ok,174.6
egfr_panel,CHEMBL216048,COc4cc3CNc2c(Oc1cccc(Br)c1)ncnc2Oc3cc4OC,1,-7.2300,ok,51.1
egfr_panel,CHEMBL94109,Brc5cccc(Nc3ncnc4ccc(NC(=O)\C=C\CN2CCC(N1CCCCC1)CC2)cc34)c5,1,-8.7050,ok,152.6
egfr_panel,CHEMBL359630,CCOc4cc3ncc(C#N)c(Nc2ccc(OCc1ccccc1)c(Cl)c2)c3cc4NC(=O)\C=C\Cc5c[nH]cn5,1,-8.7360,ok,260.4
egfr_panel,CHEMBL453398,Clc5cc(Nc3ncnc4cc(C#C[C@@H]2C[C@@H](OC(=O)N1CCOCC1)CN2)sc34)ccc5Oc6ccccn6,1,-8.7380,ok,176.8
egfr_panel,CHEMBL248391,COc4cc3c(N[C@@H]1C[C@H]1c2ccccc2)c(C#N)cnc3cc4OCCCc5cccnc5,1,-8.0460,ok,151.8
egfr_panel,CHEMBL127223,CCOc4cc3ncnc(Nc2cccc(c1cscn1)c2)c3cc4OCC,1,-7.4150,ok,82.5
egfr_panel,CHEMBL251125,CCOc4cc3ncnc(C#Cc1c[nH]nc1c2ccc(F)cc2)c3cc4OCC,1,-8.7740,ok,74.8
egfr_panel,CHEMBL513418,NS(=O)(=O)c4ccc(Nc3nc2ncnc(Nc1cccc(Cl)c1)c2s3)cc4,1,-8.0780,ok,79.0
egfr_panel,CHEMBL253292,CCN(CC)CCOc3ccc(Nc2cc(NC(=O)Nc1c(Cl)cccc1Cl)ncn2)cc3,1,-6.8680,ok,169.9
egfr_panel,CHEMBL399373,CCOc4cc3ncnc(C#C[C@@](C)(Cc1ccccc1)N2CCC(C(O)=O)CC2)c3cc4OCC,1,-8.6890,ok,149.6
egfr_panel,CHEMBL424093,Brc4cccc(Nc2ncnc3ccc(NN=NCc1ccccc1)cc23)c4,1,-8.9990,ok,87.4
egfr_panel,CHEMBL175556,CCOc4cc3ncc(C#N)c(Nc2ccc(OCc1ccccc1)c(Cl)c2)c3cc4NC(=O)\C=C\CN5CCOCC5,1,-9.1100,ok,280.2
egfr_panel,CHEMBL24133,COc3cc2c(Nc1ccc(Cl)cc1F)ncnc2cc3OCCCN4CCCC4,1,-7.4790,ok,104.7
egfr_panel,CHEMBL448172,CC4CCN(CCCOc3cc2ncnc(Cc1ccc(F)c(Cl)c1)c2nc3NC(=O)C=C)CC4,1,-7.4340,ok,192.9
egfr_panel,CHEMBL186580,COc4cc3ncnc(Nc2cc(NC(=O)c1ccccc1)c(F)cc2F)c3cc4OC,1,-9.3330,ok,95.0
egfr_panel,CHEMBL213874,COc3cc2ncnc(Nc1cccc(Cl)c1F)c2cc3OCC4CCN(C)CC4,1,-8.8550,ok,92.4
egfr_panel,CHEMBL327023,Brc4cccc(Nc2c(C#N)cnc3ccc(NC(=O)C#CCN1CCSCC1)cc23)c4,1,-8.9930,ok,87.7
egfr_panel,CHEMBL149512,Brc4cccc(Nc2ncnc3c1ccccc1oc23)c4,1,-7.8540,ok,32.8
egfr_panel,CHEMBL279334,CS(=O)(=O)CNCCCCOc4ccc3ncnc(Nc2ccc(S(=O)(=O)c1ccccc1)cc2)c3c4,1,-7.5200,ok,312.4
egfr_panel,CHEMBL338049,CN[C@H]1C[C@@H]5O[C@](C)([C@H]1OC)n7c2ccccc2c8c3[C@@H](O)NC(=O)c3c6c4ccccc4n5c6c78,1,-9.9800,ok,45.4
egfr_panel,CHEMBL195204,CN5CCC(Oc3cccc4ncnc(Nc2ccc(OCc1cscn1)c(Cl)c2)c34)CC5,1,-8.2220,ok,128.8
egfr_panel,CHEMBL193681,CCc5c(C(=O)NCCCn1ccnc1)cn6ncnc(Nc4ccc3n(Cc2ccccc2)ncc3c4)c56,1,-8.5170,ok,197.0
egfr_panel,CHEMBL475761,CN6CCN(Cc5ccc(c4cc3ncnc(Nc2ccc(OCc1cccc(F)c1)c(Cl)c2)c3s4)o5)CC6,1,-9.0110,ok,198.5
egfr_panel,CHEMBL1098120,NC1CCc4c(C1)c3cc(OCCc2ccc(O)cc2)ccc3n4CCCCCc5ccccc5,1,-7.2240,ok,213.7
egfr_panel,CHEMBL125086,CCOc4cc3ncnc(Nc2cccc(c1ccco1)c2)c3cc4OCC,1,-7.5540,ok,82.7
egfr_panel,CHEMBL45827,CCN(CC)CCCCNc3ncc2cc(c1c(Cl)cccc1Cl)c(NC(=O)NC(C)(C)C)nc2n3,1,-7.1140,ok,230.9
egfr_panel,CHEMBL56731,Oc2ccc(\C=C(/C#N)C(=O)Nc1ccccc1)cc2O,1,-8.1820,ok,41.7
egfr_panel,CHEMBL1082012,CN5CCN(CCNC(=O)c4[nH]c3cnnc(Nc2ccc(OCc1cccc(F)c1)c(Cl)c2)c3c4C)CC5,1,-8.4150,ok,234.3
egfr_panel,CHEMBL205284,Fc4cccc(COc3ccc(Nc1ncncc1C#Cc2cc[nH]n2)cc3Cl)c4,1,-8.7160,ok,93.7
egfr_panel,CHEMBL179458,COc4cc3ncc(C#N)c(Nc2ccc(n1ccnc1)c(Cl)c2)c3cc4NC(=O)\C=C\CN(C)C,1,-9.1770,ok,163.3
egfr_panel,CHEMBL368702,CCOc4cc3ncc(C#N)c(Nc2ccc(OCc1ccccc1)c(Cl)c2)c3cc4NC(=O)\C=C\CN5CCC5,1,-8.2560,ok,241.2
egfr_panel,CHEMBL473427,Fc5cccc(COc4ccc(Nc2ncnc3cc(c1cccs1)sc23)cc4Cl)c5,1,-8.9020,ok,96.1
egfr_panel,CHEMBL461967,COc3cc2ncnc(Nc1ccc(F)c(Cl)c1)c2cc3CNC(=O)[C@H]4CCCCN4C,1,-9.4650,ok,104.5
egfr_panel,CHEMBL105436,COc4cccc(c2cn(c1ccc(CCN(C)CCO)cc1)c3ncnc(N)c23)c4,1,-8.1260,ok,118.5
egfr_panel,CHEMBL53203,C=CC(=O)Nc4ccc3ncnc(Nc2ccc(Oc1ccccc1)cc2)c3c4,1,-8.0040,ok,82.4
egfr_panel,CHEMBL372523,CCc5c(NC(=O)OCc1ccccc1)cn6ncnc(Nc4ccc3n(Cc2ccccc2)ncc3c4)c56,1,-9.0720,ok,165.5
egfr_panel,CHEMBL426051,CCOc4cc3ncc(C#N)c(Nc2ccc(OCc1cccs1)c(Cl)c2)c3cc4NC(=O)\C=C\CN(C)C,1,-7.8610,ok,215.7
egfr_panel,CHEMBL270448,Clc4cc(Nc2ncnc3[nH]nc(OCCN1CCCCCO1)c23)ccc4OCc5ccccn5,1,-6.2320,ok,467.0
egfr_panel,CHEMBL312753,OCc5ccc(c4cc3ncnc(Nc2ccc1[nH]ccc1c2)c3s4)cc5,1,-8.9010,ok,56.4
egfr_panel,CHEMBL281467,Brc3cccc(Nc1c(C#N)cnc2ncc(NC(=O)C=C)cc12)c3,1,-8.0860,ok,50.0
egfr_panel,CHEMBL569880,COCCOc3cc2ncnc(Nc1ccc(F)c(Cl)c1F)c2cc3NC(=O)[C@@H]4CCCN4C(=O)C=C,1,-7.9360,ok,183.4
egfr_panel,CHEMBL473437,CN(C)Cc5ccc(c4cc3ncnc(Nc2ccc(OCc1cccc(F)c1)c(Cl)c2)c3s4)[nH]5,1,-8.7930,ok,151.8
egfr_panel,CHEMBL247916,NC6CCN(Cc4ccn5ncnc(Nc3ccc2n(Cc1ccncc1)ncc2c3)c45)CC6,1,-8.2270,ok,113.0
egfr_panel,CHEMBL299672,COc3cc2ncnc(Nc1ccc(F)c(Cl)c1)c2cc3OCCCN4CCCC4,1,-7.9590,ok,117.3
egfr_panel,CHEMBL553137,Cn3c1ccccc1c4ncnc(Nc2cccc(Br)c2)c34,1,-8.6360,ok,28.1
egfr_panel,CHEMBL63786,Brc4cccc(Nc2ncnc3cc1ccccc1cc23)c4,1,-8.7920,ok,34.5
egfr_panel,CHEMBL498133,Nc4ncnc(Nc3ccc2n(Cc1cccc(F)c1)ncc2c3)c4\C=N\N5CCOCC5,1,-8.3710,ok,124.2
egfr_panel,CHEMBL138125,Brc4cccc(Nc2ncnc3ccc(NN=NCc1ccccn1)cc23)c4,1,-8.8610,ok,89.8
egfr_panel,CHEMBL346863,Brc4cccc(Nc1ncnc3c1sc2ncsc23)c4,1,-7.6030,ok,29.2
egfr_panel,CHEMBL356324,Oc2ccc(\C=C(/C#N)S(=O)(=O)C(=C/c1ccc(O)c(O)c1)/C#N)cc2O,1,-9.0430,ok,87.1
egfr_panel,CHEMBL447331,Brc4cccc(Nc2ncnc3cc1NCc1cc23)c4,1,-8.5770,ok,24.1
egfr_panel,CHEMBL442749,N(c2ccc1[nH]ccc1c2)c3ncnc4ccsc34,1,-7.9770,ok,22.6
egfr_panel,CHEMBL337026,CN[C@H]1C[C@@H]4O[C@](C)([C@H]1OC)n3c2ccccc2c8c3c6n4c5ccccc5c6c7c(=O)[nH]c(=O)c78,1,-10.8820,ok,40.0
egfr_panel,CHEMBL460723,Brc4cccc(Nc2ncnc3cnc(CC(=O)\C=C\C(=O)NCCCn1ccnc1)cc23)c4,1,-7.6950,ok,199.4
egfr_panel,CHEMBL291514,COc3cc2ncnc(Nc1ccc(F)c(Cl)c1)c2cc3OCCCN4CCCCC4,1,-8.7310,ok,131.3
egfr_panel,CHEMBL281543,Fc4ccc(Nc2ncnc3cc(CCCCN1CCOCC1)c(NC(=O)C=C)nc23)cc4Cl,1,-8.7990,ok,158.1
egfr_panel,CHEMBL461114,Nc3ncnc(Nc2ccc(OCc1ccccc1)c(Cl)c2)c3C(=O)Nc4ccccc4,1,-8.3520,ok,133.9
egfr_panel,CHEMBL250132,C[C@H](CN(C)C(=O)CO)Oc3cccc4ncnc(Nc2ccc(OCc1ccccn1)c(Cl)c2)c34,1,-7.8590,ok,260.0
egfr_panel,CHEMBL166307,CN4CCN(NCCCNc3cc2c(Nc1cccc(Br)c1)ncnc2cn3)CC4,1,-7.7010,ok,151.3
egfr_panel,CHEMBL55729,Nc2ccc1cncnc1c2,1,-5.4750,ok,9.1
egfr_panel,CHEMBL485320,Nc4nc(Nc1cccc(Br)c1)c3cc(CCc2ccccc2)[nH]c3n4,1,-7.9430,ok,72.9
egfr_panel,CHEMBL40130,Brc5cccc(Nc3ncnc4cc2n(CCN1CCOCC1)ccc2cc34)c5,1,-9.0910,ok,72.6
egfr_panel,CHEMBL399438,N#Cc4cnc3cc(c2ccc(CN1CCOCC1)cc2)ccc3c4N[C@@H]5C[C@H]5c6ccccc6,1,-8.7050,ok,114.6
egfr_panel,CHEMBL203599,CN4CCN(CCC#CC(=O)Nc3cc2c(Nc1ccc(F)c(Cl)c1)ncnc2cn3)CC4,1,-8.6520,ok,108.5
egfr_panel,CHEMBL245996,COc5cc4ncc(C#N)c(N[C@@H]1C[C@H]1c3ccc(Oc2ccccc2)cc3)c4cc5OC,1,-8.2130,ok,102.9
egfr_panel,CHEMBL311129,Cc3c(c1ccccc1)[nH]c4ncnc(Nc2cccc(Cl)c2)c34,1,-8.7160,ok,40.7
egfr_panel,CHEMBL205776,CN5CCN(CCCOc4cc(OC1CCOCC1)c3c(Nc2ccc(F)c(Cl)c2)ncnc3c4)CC5,1,-9.1340,ok,224.2
egfr_panel,CHEMBL308593,Cc3[nH]c2ncnc(Nc1cccc(Cl)c1)c2c3c4ccccc4,1,-9.1230,ok,41.8
egfr_panel,CHEMBL234580,Fc6cccc(Cn4ncc5cc(Nc2ncnn3ccc(CN1CCNCC(=O)C1)c23)ccc45)c6,1,-6.5350,ok,351.2
egfr_panel,CHEMBL207674,COc3cc2ncnc(Nc1cccc(Cl)c1F)c2cc3CN4CCOCC4C(N)=O,1,-8.9040,ok,99.9
egfr_panel,CHEMBL217090,Clc2ccc1OCOc1c2Nc5ncnc6cc(OCCCN3CCCC3)cc(OC4CCOCC4)c56,1,-8.3970,ok,197.7
egfr_panel,CHEMBL1173718,Cc1ncc(N(=O)=O)n1CCOC(=O)\C=C\c3ccc(c2ccccc2)cc3,1,-8.2210,ok,100.8
egfr_panel,CHEMBL28148,COc3cc2c(Nc1ccc(Cl)cc1F)ncnc2cc3OC/C=C/CN4CCCC4,1,-8.0550,ok,119.6
egfr_panel,CHEMBL554983,Brc4cccc(Nc2[nH]cnc3c1ccccc1nc23)c4,1,-8.7710,ok,27.8
egfr_panel,CHEMBL489313,Brc5cccc(Nc3ncnc4cc2N(CCC(=O)N1CCOCC1)Cc2cc34)c5,1,-8.1040,ok,84.6
egfr_panel,CHEMBL39355,Brc5cccc(Nc3ncnc4cc2n(CCCN1CCOCC1)ncc2cc34)c5,1,-8.7730,ok,90.4
egfr_panel,CHEMBL179652,CCOc5cc4ncc(C#N)c(Nc3ccc2n(Cc1ccccc1)ccc2c3)c4cc5NC(=O)\C=C\CN(C)C,1,-8.5710,ok,221.2
egfr_panel,CHEMBL420059,COc4cc3ncnc(NC1CC1c2ccccc2)c3cc4OCCN5CCOCC5,1,-8.5550,ok,123.2
egfr_panel,CHEMBL460722,Brc4cccc(Nc2ncnc3cnc(CC(=O)\C=C\C(=O)NCCCN1CCOCC1)cc23)c4,1,-8.1310,ok,219.6
egfr_panel,CHEMBL92902,CN4CCC=C(C(=O)Nc3ccc2ncnc(Nc1cccc(Br)c1)c2c3)C4,1,-8.3790,ok,62.0
egfr_panel,CHEMBL28418,Fc3ccc(Nc1ncnc2ccc(NC(=O)C=C)nc12)cc3Cl,1,-8.0850,ok,46.8
egfr_panel,CHEMBL355330,Nc3ncnc4n(C1CCC1)cc(c2cccc(O)c2)c34,1,-8.6690,ok,34.5
egfr_panel,CHEMBL474343,C=CC(=O)NC3=CC=C4N=CN=C(Nc2ccc(Oc1ccccc1)cc2)C34,1,-7.5260,ok,60.9
egfr_panel,CHEMBL306732,CN(C)c4ccc(Nc2ncnc3cc(c1ccccc1)sc23)cc4,1,-8.1200,ok,52.7
egfr_panel,CHEMBL607707,CCOc3cc2ncc(C#N)c(Nc1ccc(F)c(Cl)c1)c2cc3NC(=O)\C=C\CN(C)C,1,-8.6170,ok,123.1
egfr_panel,CHEMBL592457,Oc1ccc(Br)cc1\C=N\NC2=NC(=O)CS2,1,-6.6120,ok,23.5
egfr_panel,CHEMBL51028,CN5CCN(CCCNc4ncc3cc(c1c(Cl)cccc1Cl)c(NC(=O)NC2CCCCC2)nc3n4)CC5,1,-7.9000,ok,221.9
egfr_panel,CHEMBL471058,CCc1nccn1Cc5ccc(Nc4nc3ncnc(Nc2ccc(F)c(Cl)c2)c3s4)cc5,1,-7.6570,ok,128.2
egfr_panel,CHEMBL939,COc3cc2ncnc(Nc1ccc(F)c(Cl)c1)c2cc3OCCCN4CCOCC4,1,-8.3380,ok,132.2
egfr_panel,CHEMBL404405,OC5CCN(CCOc3n[nH]c4ncnc(Nc2ccc(OCc1ccccn1)c(Cl)c2)c34)CC5,1,-7.8050,ok,213.3
egfr_panel,CHEMBL246687,N[C@H]6CCN(Cc4ccn5ncnc(Nc3ccc2n(Cc1cccc(F)c1)ncc2c3)c45)C6,1,-9.5230,ok,106.1
egfr_panel,CHEMBL379001,COc4cc3CNc2c(N[C@H](C)c1ccccc1)ncnc2Nc3cc4OC,1,-7.7840,ok,58.2
egfr_panel,CHEMBL65376,O=C(CCCC(=O)Oc1ccc(/C=C/N(=O)=O)cc1)OCc2ccco2,1,-6.2300,ok,121.7
egfr_panel,CHEMBL69960,Cc2cc(C(=O)N1CCOCC1)[nH]c2\C=c4/c(=O)[nH]c5ncnc(Nc3ccc(F)c(Cl)c3)c45,1,-10.2200,ok,95.9
egfr_panel,CHEMBL293749,Oc2ccc(\C=C(/C#N)C(=O)NCCc1ccccc1)cc2O,1,-7.8840,ok,64.4
egfr_panel,CHEMBL396079,C6CO[C@H](COCc4ccn5ncnc(Nc3ccc2n(Cc1ccccn1)ncc2c3)c45)CN6,1,-7.8050,ok,154.4
egfr_panel,CHEMBL255866,CO/N=C/c1c(N)ncnc1Nc3ccc2[nH]ncc2c3,1,-7.4350,ok,46.8
egfr_panel,CHEMBL75177,Clc4cccc(Nc2[nH]cnc3nc1CCCCc1c23)c4,1,-8.5060,ok,30.0
egfr_panel,CHEMBL67027,COc2ccc(\C=C(/C#N)c1cccnc1)cc2OC,1,-7.6020,ok,31.9
egfr_panel,CHEMBL304271,CCN(CC)CC(O)CNC(=O)c4cc(C)c(\C=c2/c(=O)[nH]c3ncnc(Nc1ccc(F)c(Cl)c1)c23)[nH]4,1,-8.6910,ok,226.9
egfr_panel,CHEMBL162981,Brc4cccc(Nc2ncnc3cnc(NCCCn1ccnc1)cc23)c4,1,-8.1160,ok,102.0
egfr_panel,CHEMBL204420,COc3cc2ncnc(Nc1cccc(Cl)c1F)c2cc3CN4CCN(C)CC4C(N)=O,1,-9.1530,ok,118.6
egfr_panel,CHEMBL250524,COc3cc2ncnc(C#CC(C)(C)N(C)c1ccccc1)c2cc3OC,1,-7.7540,ok,60.5
egfr_panel,CHEMBL294475,Brc4cccc(Nc2ncnc3cnc(NCCN1CCOCC1)nc23)c4,1,-7.7090,ok,84.2
egfr_panel,CHEMBL470219,Fc5ccc(Nc3ncnc4nc(Nc2ccc(CN1CCCC1)cc2)sc34)cc5Cl,1,-8.3850,ok,93.6
egfr_panel,CHEMBL417478,Fc4ccc(Nc2ncnc3cc(\C=C\CCN1CCOCC1)c(NC(=O)C=C)nc23)cc4Cl,1,-8.2500,ok,138.0
egfr_panel,CHEMBL179572,COc4cc3ncc(C#N)c(Nc2ccc(Sc1nccs1)c(Cl)c2)c3cc4NC(=O)\C=C\CN(C)C,1,-8.3410,ok,177.8
egfr_panel,CHEMBL120069,Cc4cccc(Nc2[nH]cnc3nnc(Nc1cccc(Cl)c1)c23)c4,1,-9.2630,ok,50.9
egfr_panel,CHEMBL408683,NC(=O)CN4CCC(n2cc(c1cccc(O)c1)c3c(N)ncnc23)C4,1,-8.7250,ok,67.2
egfr_panel,CHEMBL444619,COc5cc(ON1CCC(C)CC1)c4c(Nc3ccc(OCc2ccccn2)c(Cl)c3)ncnc4c5,1,-8.3930,ok,157.6
egfr_panel,CHEMBL475768,CS(=O)(=O)CCNCc5ccc(c4cc3ncnc(Nc2ccc(OCc1cccc(F)c1)c(Cl)c2)c3s4)o5,1,-8.0540,ok,252.7
egfr_panel,CHEMBL258694,CC(C)c4c(c1nnc(C)o1)cn5ncnc(Nc3cnc2[nH]ccc2c3)c45,1,-9.5840,ok,51.5
egfr_panel,CHEMBL278041,Oc4ccc(c3nc(c1ccc(F)cc1)c(c2ccncc2)[nH]3)cc4,1,-9.1870,ok,53.6
egfr_panel,CHEMBL508760,Clc5cc(Nc3ncnc4cc(C#C[C@@H]2C[C@@H](OC(=O)N1CCOCC1)CN2)sc34)ccc5OCc6cscn6,1,-8.2090,ok,225.8
egfr_panel,CHEMBL251498,Fc4ccc(Nc2ncnc3ccc(C#CCN1CCOCC1)cc23)cc4Cl,1,-8.5940,ok,71.8
egfr_panel,CHEMBL446250,COc1ccccc1Cc8nc7ccc(c5nn(C4CCC(N3CCN(CC2CC2)CC3)CC4)c6ncnc(N)c56)cc7[nH]8,1,-8.8280,ok,268.5
egfr_panel,CHEMBL178199,CCOc4cc3ncc(C#N)c(Nc2ccc(OCCc1ccccc1)c(Cl)c2)c3cc4NC(=O)\C=C\CN(C)C,1,-7.6300,ok,282.8
egfr_panel,CHEMBL474524,COc4cc3ncnc(c1c[nH]c2cc(F)c(Cl)cc12)c3cc4OCCCN5CCOCC5,1,-8.5630,ok,152.9
egfr_panel,CHEMBL516365,CC4CCN(CCCOc3cc2ncnc(Cc1cccc(Br)c1)c2cc3NC(=O)C=C)CC4,1,-7.2490,ok,186.8
egfr_panel,CHEMBL213007,COc3cc2ncnc(Nc1cc(Cl)ccc1F)c2cc3OC4CCN(S(C)(=O)=O)CC4,1,-8.0730,ok,115.9
egfr_panel,CHEMBL489058,CCN5CCN(CC/C=C/c4ccc3c(Nc2ccc(Sc1nccn1C)c(Cl)c2)c(C#N)cnc3c4)CC5,1,-8.1870,ok,194.0
egfr_panel,CHEMBL592466,Oc3ccc(CN(Cc1cccc(Cl)c1O)C(=S)Nc2ccccc2)cc3,1,-7.6020,ok,105.5
egfr_panel,CHEMBL215973,COc5cc4CNc3c(Nc2ccc1ccccc1c2)ncnc3Oc4cc5OC,1,-8.4780,ok,60.5
egfr_panel,CHEMBL511623,Fc4ccc(Nc2ncnc3nc(NCCN1CCOCC1)sc23)cc4Cl,1,-7.7390,ok,76.6
egfr_panel,CHEMBL516979,COC[C@H]4Oc3cc2ncnc(Nc1cccc(I)c1)c2cc3O[C@@H]4COC,1,-7.3740,ok,63.0
egfr_panel,CHEMBL248114,Cc6cncc(Cn4ncc5cc(Nc2ncnn3ccc(CN1CCC(N)CC1)c23)ccc45)c6,1,-8.4410,ok,131.2
egfr_panel,CHEMBL245799,N#Cc4cnc3ccc(c2cccc(CN1CCOCC1)c2)cc3c4N[C@@H]5C[C@H]5c6ccccc6,1,-9.5630,ok,122.4
egfr_panel,CHEMBL172652,Brc4cccc(Nc2ncnc3cc1[nH]nnc1cc23)c4,1,-8.6430,ok,26.5
egfr_panel,CHEMBL165574,Brc4cccc(Nc2ncnc3cnc(NCCCN1CCOCC1)cc23)c4,1,-8.2470,ok,102.3
egfr_panel,CHEMBL225721,COc4ccc(N(CCNN=Nc3ccc2ncnc(Nc1cccc(Cl)c1)c2c3)CC(C)Cl)cc4,1,-8.5180,ok,231.4
egfr_panel,CHEMBL1077305,COc1ccccc1Cc7nc6ccc(c4nn(C3CCC(C2CCN(C)CC2)CC3)c5ncnc(N)c45)cc6[nH]7,1,-9.0350,ok,177.2
egfr_panel,CHEMBL436137,Cc1cccc(C)c1c5cc(C)c4nc(Nc3ccc(OCCN2CCCC2)cc3)nnc4c5,1,-8.7640,ok,109.1
egfr_panel,CHEMBL590109,NCCn5cc(c4cc(c2cc1ccccc1s2)c3[nH]ncc3c4)c6nc(N)ncc56,1,-10.1260,ok,93.9
egfr_panel,CHEMBL257859,Clc4cc(Nc2ncnc3[nH]nc(OCCCN1CCOCC1)c23)ccc4OCc5ccccn5,1,-7.9990,ok,196.3
egfr_panel,CHEMBL372112,CCOC(=O)c4cn3ncnc(Nc2ccc1[nH]ncc1c2)c3c4CC,1,-7.7300,ok,53.1
egfr_panel,CHEMBL31276,CN(C)C/C=C/C(=O)Nc3cc2c(Nc1cccc(Br)c1)c(C#N)cnc2cn3,1,-8.1480,ok,85.6
egfr_panel,CHEMBL455433,O=C(O[C@H]5CN[C@H](C#Cc4cc3ncnc(NCc2cccc(Oc1ccccc1)c2)c3s4)C5)N6CCOCC6,1,-8.9780,ok,234.8
egfr_panel,CHEMBL180227,COc5cc4ncc(C#N)c(Nc3ccc2n(Cc1ccccc1)ncc2c3)c4cc5NC(=O)\C=C\CN(C)C,1,-9.2500,ok,194.6
egfr_panel,CHEMBL207869,Fc4cccc(COc3ccc(Nc1ncncc1C#Cc2ncccn2)cc3Cl)c4,1,-8.7300,ok,99.8
egfr_panel,CHEMBL395591,Fc6cccc(Cn4ncc5cc(Nc2ncnn3ccc(COCC1CNCCOC1)c23)ccc45)c6,1,-6.1660,ok,468.0
egfr_panel,CHEMBL316127,Brc4cccc(Nc2ncnc3ccc(NC(=O)\C=C\CN1CCOCC1)cc23)c4,1,-8.0270,ok,84.2
egfr_panel,CHEMBL80540,C6CN(CCNCc5ccc(c4cc3nccc(Nc2ccc1[nH]ccc1c2)c3s4)cc5)CCN6,1,-8.7790,ok,153.2
egfr_panel,CHEMBL207037,COc3cc2ncnc(Nc1cccc(Cl)c1F)c2cc3CN4CC(C(N)=O)C4,1,-8.8690,ok,84.2
egfr_panel,CHEMBL1421,Cc4nc(Nc2ncc(C(=O)Nc1c(C)cccc1Cl)s2)cc(N3CCN(CCO)CC3)n4,1,-7.8910,ok,117.7
egfr_panel,CHEMBL480349,CS(=O)(=O)CCNCc5ccc(c4cc3c(Nc2ccc(OCc1cccc(F)c1)c(Cl)c2)ncnc3s4)o5,1,-8.1060,ok,232.9
egfr_panel,CHEMBL245800,NCc5ccc(c4ccc3ncc(C#N)c(N[C@@H]1C[C@H]1c2ccccc2)c3c4)cc5,1,-9.8080,ok,79.0
egfr_panel,CHEMBL26641,COc3cc2c(Nc1ccc(Br)cc1F)ncnc2cc3OCCC4CCNCC4,1,-7.7660,ok,101.7
egfr_panel,CHEMBL122068,Nc3nc(N)c2c(Nc1cccc(Cl)c1)[nH]nc2n3,1,-7.7910,ok,34.0
egfr_panel,CHEMBL138940,Fc4ccc(Nc2ncnc3cnc(NC(=O)/C=C/C(=O)NCCCN1CCOCC1)cc23)cc4Cl,1,-8.2400,ok,168.2
egfr_panel,CHEMBL90595,Brc4cccc(Nc2ncnc3ccc(NC(=O)C#CCN1CCCCC1)cc23)c4,1,-8.4410,ok,78.3
egfr_panel,CHEMBL1171792,Cc2ccc(Br)c3c(C#N)cc(C(=O)C1CC1)n23,1,-7.2030,ok,19.8
egfr_panel,CHEMBL201307,COc4cc3c(Nc2ncc(CC(=O)Nc1cccc(F)c1)s2)ncnc3cc4OCCCN5CCC(CO)CC5,1,-7.5380,ok,368.6
egfr_panel,CHEMBL1173655,CN(C)C/C=C/C(=O)Nc3cc2c(Nc1ccc(F)c(Cl)c1)ncnc2cc3O[C@H]4CCOC4,1,-8.0640,ok,138.6
egfr_panel,CHEMBL212965,Clc5cc(Nc3ncnc4ccc(c2ccc(CN1CCS(=O)CC1)o2)cc34)ccc5OCc6ccccc6,1,-8.6670,ok,192.9
egfr_panel,CHEMBL119977,Clc4cccc(Nc2[nH]cnc3nnc(c1ccccc1)c23)c4,1,-8.8360,ok,39.6
egfr_panel,CHEMBL415738,Cc2cccc(Nc1cc(NCCO)ncn1)c2,1,-6.5010,ok,43.2
egfr_panel,CHEMBL246072,Fc6cccc(Cn4ncc5cc(Nc2ncnn3ccc(COCC1CCNCC1)c23)ccc45)c6,1,-9.3040,ok,133.5
egfr_panel,CHEMBL92356,CCN4CCN(CC#CC(=O)Nc3ccc2ncnc(Nc1cccc(Br)c1)c2c3)CC4,1,-7.9910,ok,100.7
egfr_panel,CHEMBL555797,COc4cc3ncnc(Nc2ccc1CCCc1c2)c3cc4OC,1,-8.1780,ok,41.5
egfr_panel,CHEMBL506414,Fc5cccc(COc4ccc(Nc2ncnc3sc(c1cccs1)cc23)cc4Cl)c5,1,-8.7880,ok,96.6
egfr_panel,CHEMBL248115,Cc5cncc(COc4ccc(Nc2ncnn3ccc(CN1CCC(N)CC1)c23)cc4Cl)c5,1,-9.1070,ok,114.8
egfr_panel,CHEMBL387187,FC(F)(F)c4cccc(Nc3cc(Nc2cccc(NC(=O)C1CC1)c2)ncn3)c4,1,-8.3580,ok,102.9
egfr_panel,CHEMBL30432,CN(C)c5cc4c(Nc3ccc2n(Cc1ccccc1)ncc2c3)ncnc4cn5,1,-8.1720,ok,73.4
egfr_panel,CHEMBL583218,CCC5=C1C(N=CN=C1Nc4ccc3n(Cc2ccccc2)ncc3c4)N=C5NC(=O)OCC6CCNCC6,1,-8.3320,ok,147.6
egfr_panel,CHEMBL204467,OCc4ccc(C#Cc1cncnc1Nc3ccc(OCc2cccc(F)c2)c(Cl)c3)o4,1,-8.5220,ok,136.0
egfr_panel,CHEMBL153419,C(Nc2ncnc3c1ccccc1sc23)c4ccccc4,1,-8.0270,ok,31.3
egfr_panel,CHEMBL193544,CN5CCC(Oc3cccc4ncnc(Nc2ccc(OCc1ccccn1)c(Cl)c2)c34)CC5,1,-8.5710,ok,125.8
egfr_panel,CHEMBL256297,CO/N=C/c1c(N)ncnc1Nc3ccc(OCc2cccc(F)c2)c(Cl)c3,1,-7.7900,ok,89.3
egfr_panel,CHEMBL258940,CN4CCC(Nc3ncc2ncnc(Nc1ccc(F)c(Cl)c1)c2n3)CC4,1,-8.2550,ok,64.0
egfr_panel,CHEMBL52882,CNC3=CC2N=CN(C)C(=N/c1cccc(Br)c1)\C2C=N3,1,-7.3930,ok,22.4
egfr_panel,CHEMBL606403,CC(C)c4nsc(C(=O)Nc3ccc2ncnc(Nc1cccc(Br)c1)c2c3)n4,1,-8.1880,ok,69.0
egfr_panel,CHEMBL246492,Fc6cccc(Cn4ncc5cc(Nc2ncnn3ccc(COC[C@@H]1COCCN1)c23)ccc45)c6,1,-9.1440,ok,134.1
egfr_panel,CHEMBL330668,COc4cc3ncnc(Nc2cnc1ccccc1n2)c3cc4OC,1,-8.5490,ok,49.1
egfr_panel,CHEMBL182254,Fc5cccc(COc4ccc(Nc2ncnc3nn1ccccc1c23)cc4Cl)c5,1,-8.9990,ok,85.5
egfr_panel,CHEMBL510597,Brc4cccc(Nc2ncnc3cnc(C(CCCN1CCOCC1)C(=O)C=C)cc23)c4,1,-7.7740,ok,151.5
egfr_panel,CHEMBL250924,COc4cc3ncnc(C#Cc1ccccc1c2ccccc2)c3cc4OC,1,-8.5950,ok,55.0
egfr_panel,CHEMBL63356,Oc3cc2cc(c1cccnc1)cnc2cc3O,1,-7.9510,ok,22.3
egfr_panel,CHEMBL248220,COc4cc3ncc(C#N)c(N[C@@H]1C[C@H]1c2ccccc2)c3cc4OCc5ccccc5,1,-7.5480,ok,113.7
egfr_panel,CHEMBL81712,O=C(c1ccccc1)c5cc4ncnc(Nc3ccc2[nH]ccc2c3)c4s5,1,-9.0890,ok,57.1
egfr_panel,CHEMBL542891,CCOC(=O)C3CCN(CCC(=O)c2ccc(OCc1ccccc1)cc2)CC3,1,-7.1920,ok,140.1
egfr_panel,CHEMBL179123,CCOc4cc3ncc(C#N)c(Nc2ccc(OCC1CCCCC1)c(Cl)c2)c3cc4NC(=O)\C=C\CN(C)C,1,-7.7160,ok,224.5
egfr_panel,CHEMBL53426,Brc4cccc(Nc2ncnc3cnc(NCCc1c[nH]cn1)nc23)c4,1,-7.7330,ok,84.1
egfr_panel,CHEMBL173498,Brc4cccc(Nc2ncnc3cc1nccnc1cc23)c4,1,-8.7170,ok,35.5
egfr_panel,CHEMBL599863,Brc4cccc(Nc2ncnc3ccc(NC(=O)CNC(=O)Oc1ccccc1)cc23)c4,1,-8.4610,ok,133.8
egfr_panel,CHEMBL456758,COC[C@@H]1CCCN1/N=C/c2c(N)ncnc2Nc5ccc4n(Cc3cccc(F)c3)ncc4c5,1,-8.4240,ok,178.3
egfr_panel,CHEMBL325589,Cn3c(=O)c(c1c(Cl)cccc1Cl)cc4cnc(Nc2cccnc2)nc34,1,-8.1270,ok,41.4
egfr_panel,CHEMBL355982,Brc3cccc(Nc1ncnc2sccc12)c3,1,-7.3800,ok,22.1
egfr_panel,CHEMBL381604,Nc4nccc(C#Cc1cncnc1Nc3ccc(OCc2cccc(F)c2)c(Cl)c3)n4,1,-8.9260,ok,123.3
egfr_panel,CHEMBL360958,CCOc4cc3ncc(C#N)c(Nc2ccc(OCc1ccccc1)c(Cl)c2)c3cc4NC(=O)\C=C\CN5CCCCC5,1,-8.5440,ok,267.6
egfr_panel,CHEMBL519757,Fc6cccc(COc5ccc(Nc3ncnc4sc(c2ccc(CNCc1ccccc1)o2)cc34)cc5Cl)c6,1,-8.4600,ok,244.5
egfr_panel,CHEMBL51228,Brc4cccc(Nc2ncnc3cnc(NCCCn1ccnc1)nc23)c4,1,-7.6930,ok,94.7
egfr_panel,CHEMBL565714,CCC5=C1C(N=CN=C1Nc4ccc3n(Cc2ccccc2)ncc3c4)N=C5NC(=O)OCCN6CCNCC6,1,-8.5070,ok,194.3
egfr_panel,CHEMBL203779,CCCN4CCC(Oc2cc(OC)cc3ncnc(Nc1ccc(F)c(Cl)c1)c23)CC4,1,-8.6900,ok,109.6
egfr_panel,CHEMBL281872,COc3cc2c(Nc1ccc(Br)cc1F)ncnc2cc3OCCn4ccnn4,1,-8.2780,ok,87.3
egfr_panel,CHEMBL583403,CCC5=C1C(N=CN=C1Nc4ccc3n(Cc2cccc(F)c2)ncc3c4)N=C5NC(=O)OC[C@@H]6COCCN6,1,-8.7130,ok,156.9
egfr_panel,CHEMBL248322,NC5CCN(Cc3ccn4ncnc(Nc2ccc(OCc1ccccn1=O)c(Cl)c2)c34)CC5,1,-8.7550,ok,122.7
egfr_panel,CHEMBL428741,CCOc4cc3ncnc(Nc2cc(=O)c(OCc1cccc(F)c1)cc2=O)c3cc4NC(=O)\C=C\CN(C)C,1,-7.4650,ok,251.5
egfr_panel,CHEMBL515082,CS(=O)(=O)CCNCc5nc(c4ccc3ncnc(Nc2ccc(OCc1ccccc1)c(Cl)c2)c3c4)cs5,1,-8.9030,ok,266.6
egfr_panel,CHEMBL370934,CCOC(=O)c3cn2ncnc(Nc1cccc(Br)c1)c2c3CC,1,-7.5120,ok,45.0
egfr_panel,CHEMBL472581,CS(=O)(=O)CCNCc6nc(c5ccc4ncnc(Nc3ccc2n(Cc1ccccc1)ncc2c3)c4c5)cs6,1,-7.9010,ok,249.1
egfr_panel,CHEMBL265629,Fc6cccc(Cn4ncc5cc(Nc2ncnn3ccc(CN1CCNC(=O)C1)c23)ccc45)c6,1,-8.3470,ok,94.6
egfr_panel,CHEMBL246284,Fc6cccc(Cn4ncc5cc(Nc2ncnn3ccc(COC[C@@H]1CNCCO1)c23)ccc45)c6,1,-9.5510,ok,129.2
egfr_panel,CHEMBL178096,COc4cc3ncc(C#N)c(Nc2ccc(NCNc1ccccc1)c(Cl)c2)c3cc4NC(=O)\C=C\CN(C)C,1,-8.5460,ok,242.9
egfr_panel,CHEMBL137364,Brc4cccc(Nc2ncnc3ccc(NN=NCCN1CCOCC1)cc23)c4,1,-8.5990,ok,103.7
egfr_panel,CHEMBL205059,Fc4ccc(Nc2ncnc3cnc(NC(=O)C#CCCN1CCCCC1)cc23)cc4Cl,1,-8.7390,ok,89.0
egfr_panel,CHEMBL179363,CCOc4cc3ncc(C#N)c(Nc2ccc(OCc1cccc(Cl)c1)c(Cl)c2)c3cc4NC(=O)\C=C\CN(C)C,1,-8.2680,ok,236.2
egfr_panel,CHEMBL268868,O=c3[nH]c(=O)c4cc(Nc1ccccc1)c(Nc2ccccc2)cc34,1,-8.9690,ok,50.3
egfr_panel,CHEMBL1090357,CN(C)CCc6ccc(Nc5nccc(c3c(c2cccc(NC(=O)c1c(F)cccc1F)c2)nc4sccn34)n5)cc6,1,-9.6880,ok,262.4
egfr_panel,CHEMBL473553,COc5cc4ncnc(Nc3ccc(c2nc1ccccc1s2)c(OC)c3)c4cc5OC,1,-8.1280,ok,81.9
egfr_panel,CHEMBL372246,CN4CCN(c3cc2ncnc(Nc1cc(Cl)c(Cl)cc1F)c2cc3NC(=O)C=C)CC4,1,-8.2390,ok,83.9
egfr_panel,CHEMBL233325,O[C@H]6CNCCN(Cc4ccn5ncnc(Nc3ccc2n(Cc1cccc(F)c1)ncc2c3)c45)C6,1,-6.5880,ok,374.3
egfr_panel,CHEMBL332906,Nc4ccc(c2[nH]nc3ncnc(Nc1cccc(Cl)c1)c23)cc4,1,-8.8060,ok,50.1
egfr_panel,CHEMBL213560,Oc3ccc(\C=c2\n(CCc1ccccc1)c(=O)[nH]c2=O)cc3,1,-7.9700,ok,47.7
egfr_panel,CHEMBL125920,CCOc4cc3ncnc(Nc2cccc(c1cc[nH]n1)c2)c3cc4OCC,1,-7.7840,ok,83.3
egfr_panel,CHEMBL304442,O=C(CCCC(=O)Oc1ccc(/C=C/N(=O)=O)cc1)Oc2ccccc2,1,-6.5750,ok,112.3
egfr_panel,CHEMBL111197,COc4cccc(Nc3ncc2cc(c1c(Cl)cccc1Cl)c(=O)n(C)c2n3)c4,1,-8.1750,ok,54.5
egfr_panel,CHEMBL332333,N(c1ccccc1)c3nc[nH]c4nnc(Nc2ccccc2)c34,1,-8.3370,ok,38.0
egfr_panel,CHEMBL593860,COc5cc4c(Nc3ccc(c2nc1ccccc1s2)c(OC)c3)ncnc4cc5OCCCN6CCN(C)CC6,1,-7.7200,ok,261.5
egfr_panel,CHEMBL219557,COc5cc(Nc3c(C#N)cnc4cc(c2coc(CN1CCN(C)CC1)c2)c(OC)cc34)c(Cl)cc5Cl,1,-8.3050,ok,139.7
egfr_panel,CHEMBL398960,CCN(CC)C(C)(Cc1ccncc1)C#Cc2ncnc3cc(OC)c(OC)cc23,1,-7.5930,ok,92.1
egfr_panel,CHEMBL155100,Brc4cccc(Nc1ncnc3c1ccc2[nH]cnc23)c4,1,-8.2780,ok,25.1
egfr_panel,CHEMBL380972,COc4cc3CNc2c(Nc1cccc(Br)c1)ncnc2Oc3cc4OC,1,-7.0470,ok,46.9
egfr_panel,CHEMBL572881,CC4(C)CNc3cc(NC(=O)c1cccnc1NCc2ccncc2)ccc34,1,-8.0970,ok,68.3
egfr_panel,CHEMBL122245,COc4ccc(CNc2[nH]nc3ncnc(Nc1cccc(Cl)c1)c23)cc4,1,-8.4180,ok,81.8
egfr_panel,CHEMBL1173814,COc3ccc(C2CC(c1ccc(C)c(C)c1)=NN2C(N)=S)cc3,1,-8.0330,ok,46.3
egfr_panel,CHEMBL366580,Brc4cccc(Nc2ncnc3cc1c[nH]nc1cc23)c4,1,-8.6930,ok,27.3
egfr_panel,CHEMBL91428,COc4cc3ncnc(Nc2cc1ccccc1cn2)c3cc4OC,1,-8.7560,ok,45.9
egfr_panel,CHEMBL1095761,Nc4nc(Nc1cccc(Br)c1)c3cc(Cc2ccc(Cl)cc2Cl)[nH]c3n4,1,-8.7290,ok,67.2
egfr_panel,CHEMBL178265,CCOc4cc3ncc(C#N)c(Nc2ccc(Oc1ccncc1)c(Cl)c2)c3cc4NC(=O)\C=C\CN(C)C,1,-8.7260,ok,201.0
egfr_panel,C00114173,c1cc(ccc1[C@H]2[NH2+][C@@H](CS2)C(=O)[O-])Cl,0,-6.7730,ok,16.4
egfr_panel,CHEMBL116547,COc3cc(\C=C(/C#N)C(=O)c1ccc(O)c(O)c1)cc(CSCc2ccccc2)c3O,1,-7.8660,ok,162.3
egfr_panel,CHEMBL144908,Oc2ccc(\C=C(/C#N)C(=O)NCCNC(=O)C(=C/c1ccc(O)c(O)c1)/C#N)cc2O,1,-7.8280,ok,166.7
egfr_panel,C05351864,CC(C)C[C@@H]1[C@@H]2[C@@H](C(=O)N(C2=O)C(C)(C)C)[C@]3([NH2+]1)c4cccc(c4NC3=O)Cl,0,-7.0870,ok,43.0
egfr_panel,C05256177,COc1ccc(cc1)[C@@H]2c3cccn3CCN2C(=O)Nc4cccs4,0,-7.0820,ok,46.2
egfr_panel,CHEMBL179577,CCOc4cc3ncc(C#N)c(Nc2ccc(NCc1ccccc1)c(Cl)c2)c3cc4NC(=O)\C=C\CN(C)C,1,-8.6460,ok,228.0
egfr_panel,CHEMBL597200,Fc4ccc(OCC(=O)Nc3ccc2ncnc(Nc1cccc(Br)c1)c2c3)cc4,1,-8.2630,ok,99.6
generated_analog,analog_021,C=[IH](Cc1c(C)ccnc1C)c1ccn(Cc2cc(C)cc(C3CCC(CNC)CC3)c2)c1,-1,,"prep_failed: Meeko write failed: atom number 0 has non finite charge, mol name: None, charge: nan, type: <class 'float'>
atom number 1 has non finite charge, mol name: None, charge: nan, type: <class 'float'>
atom number 2 has non finite charge, mol name: None, charge: nan, type: <class 'float'>
atom number 3 has non finite charge, mol name: None, charge: nan, type: <class 'float'>
atom number 4 has non finite charge, mol name: None, charge: nan, type: <class 'float'>
atom number 5 has non finite charge, mol name: None, charge: nan, type: <class 'float'>
atom number 6 has non finite charge, mol name: None, charge: nan, type: <class 'float'>
atom number 7 has non finite charge, mol name: None, charge: nan, type: <class 'float'>
atom number 8 has non finite charge, mol name: None, charge: nan, type: <class 'float'>
atom number 9 has non finite charge, mol name: None, charge: nan, type: <class 'float'>
atom number 10 has non finite charge, mol name: None, charge: nan, type: <class 'float'>
atom number 11 has non finite charge, mol name: None, charge: nan, type: <class 'float'>
atom number 12 has non finite charge, mol name: None, charge: nan, type: <class 'float'>
atom number 13 has non finite charge, mol name: None, charge: nan, type: <class 'float'>
atom number 14 has non finite charge, mol name: None, charge: nan, type: <class 'float'>
atom number 15 has non finite charge, mol name: None, charge: nan, type: <class 'float'>
atom number 16 has non finite charge, mol name: None, charge: nan, type: <class 'float'>
atom number 17 has non finite charge, mol name: None, charge: nan, type: <class 'float'>
atom number 18 has non finite charge, mol name: None, charge: nan, type: <class 'float'>
atom number 19 has non finite charge, mol name: None, charge: nan, type: <class 'float'>
atom number 20 has non finite charge, mol name: None, charge: nan, type: <class 'float'>
atom number 21 has non finite charge, mol name: None, charge: nan, type: <class 'float'>
atom number 22 has non finite charge, mol name: None, charge: nan, type: <class 'float'>
atom number 23 has non finite charge, mol name: None, charge: nan, type: <class 'float'>
atom number 24 has non finite charge, mol name: None, charge: nan, type: <class 'float'>
atom number 25 has non finite charge, mol name: None, charge: nan, type: <class 'float'>
atom number 26 has non finite charge, mol name: None, charge: inf, type: <class 'float'>
atom number 29 has non finite charge, mol name: None, charge: nan, type: <class 'float'>
atom number 30 has non finite charge, mol name: None, charge: nan, type: <class 'float'>
atom number 31 has non finite charge, mol name: None, charge: nan, type: <class 'float'>
atom number 32 has non finite charge, mol name: None, charge: nan, type: <class 'float'>
",0.2
egfr_panel,CHEMBL1172843,OC[C@H](Nc3ncnc4oc(c1ccccc1)c(c2cccc(NC(=O)C=C)c2)c34)c5ccccc5,1,-9.1370,ok,183.3
egfr_panel,C09593822,COCCNC(=O)[C@@H]1[C@@H](Nn2c(nnc2S1)c3ccccc3)c4ccc(cc4)Cl,0,-8.7310,ok,92.7
egfr_panel,CHEMBL225929,ClCCN(CCNN=Nc3ccc2ncnc(Nc1cccc(Cl)c1)c2c3)Cc4ccccc4,1,-8.1170,ok,214.9
egfr_panel,CHEMBL178312,CCOc4cc3ncc(C#N)c(Nc2ccc(OCc1ccccc1)c(Cl)c2)c3cc4NC(=O)\C=C\CN5CCCC5,1,-8.4480,ok,253.7
egfr_panel,C45991701,CCc1ccccc1NC(=O)[C@H](C)Oc2cc(c3c(nn(c3n2)c4ccccc4)C)C,0,-8.8230,ok,107.6
egfr_panel,C25041830,Cc1ccc(cc1)c2cnc(n2c3ccccc3)SCc4nc(nc(n4)N(C)C)N,0,-7.5730,ok,101.3
egfr_panel,CHEMBL193368,CCc5c(C(=O)OCCCn1ccnc1)cn6ncnc(Nc4ccc3n(Cc2ccccc2)ncc3c4)c56,1,-8.3370,ok,208.4
egfr_panel,CHEMBL144842,Oc2ccc(\C=C(/C#N)C(=O)NCCCCCNC(=O)C(=C/c1ccc(O)c(O)c1)/C#N)cc2O,1,-7.8650,ok,279.7
generated_analog,analog_056,CC1=CC=CC(C)=S1CC(=O)n1cnc(Nc2cc(C)cc(C3CCC(CCO)CC3)c2)n1,-1,-7.8360,ok,143.6
generated_analog,analog_005,C=C(Cc1c(C)cccc1C)n1ccc(CC2=CN(C3CCC(NCC)NC3)C=C(C)O2)c1,-1,-8.4310,ok,138.3
egfr_panel,C35938503,Cc1ccccc1[C@H]2c3ccsc3CC[NH+]2CC(=O)N4CCN([C@@H](C4)C)C(=O)c5cccc6c5cccc6,0,-8.5780,ok,158.4
egfr_panel,C18355815,CCCN(Cc1nnc(o1)c2cccs2)C(=O)CSc3nnc(n3N)c4ccccc4Cl,0,-6.8060,ok,177.0
generated_analog,analog_050,C=C(Cc1c(C)ncnc1C)c1ccc(Nc2cc(F)cc(C3CNC(CCC)CN3)c2)o1,-1,-8.1220,ok,138.1
generated_analog,analog_024,C=C(Cc1c(C)cccc1C)c1ccn(Nc2cc(C)cc(C3CCC(CCC)CC3)c2)c1,-1,-8.9350,ok,121.7
generated_analog,analog_011,CNCC1CCC(c2cc(C)cc(Cn3cnc(C(=N)Cc4c(C)cccc4C)c3)c2)CC1,-1,-9.0110,ok,129.0
egfr_panel,C59475529,C=CCn1c(nnc1SCC(=O)N/N=C/c2cccc3c2cccc3)CNc4cccc5c4cccc5,0,-7.9550,ok,209.8
generated_analog,analog_057,Cc1cc(Cn2ccc(C(=N)Cc3c(N)cccc3O)c2)cc(N2CCC(NCO)CC2)c1,-1,-8.4760,ok,173.1
generated_analog,analog_045,CCOC1CNC(c2cc(N)cc(Nn3ccc(C(=N)Cc4c(C)cccc4C)c3)c2)NC1,-1,-8.2390,ok,145.5
generated_analog,analog_053,Cc1cc(Cn2cnc(C(=O)Oc3c(C)cccc3C)n2)cc(N2CC[SH](CCO)OC2)c1,-1,-8.1380,ok,161.6
generated_analog,analog_038,C=C(Cc1c(C)cccc1N)c1ccn(Cc2cc(C)nc(N3CCC(CCC)NC3)c2)c1,-1,-8.8530,ok,153.8
generated_analog,analog_058,C=C(Cc1c(O)ccnc1C)n1cnc(Cc2cc(C)cc(N3CCC(CCC)CS3)c2)c1,-1,-8.1480,ok,144.0
generated_analog,analog_013,C=C(Cc1c(C)cncc1C)c1ccc(Cc2cc(C)cc(C3CCC(CCC)CC3)c2)o1,-1,-8.7960,ok,124.4
generated_analog,analog_014,C=C(Cc1c(C)cccc1N)c1coc(Cc2cc(C)cc(C3CCC(CCN)NC3)c2)c1,-1,-9.0750,ok,152.1
generated_analog,analog_002,C=C(Cc1c(N)ccnc1C)c1ncn(Nc2cc(C)cc(C3CCC(CCC)CC3)n2)n1,-1,-8.3100,ok,145.9
generated_analog,analog_007,C=C(Cc1c(C)cncc1C)c1ncc(Cc2cc(C)nc(C3CCC(NCC)CC3)c2)s1,-1,-8.6450,ok,119.7
generated_analog,analog_037,C=C(Cc1c(C)cccc1C)c1ccn(Cc2cc(O)nc(C3CCC(CCO)CC3)c2)c1,-1,-8.4380,ok,148.4
generated_analog,analog_041,Cc1cc(C2CCC(CNN)CC2)cc(Cc2cn(C(=O)Cc3c(C)cccc3N)cn2)n1,-1,-8.3470,ok,163.6
generated_analog,analog_009,C=[IH](Cc1c(C)cccc1C)c1cc(Cc2cc(N)nc(N3CCC(CNO)NC3)c2)co1,-1,,"prep_failed: Meeko write failed: atom number 0 has non finite charge, mol name: None, charge: nan, type: <class 'float'>
atom number 1 has non finite charge, mol name: None, charge: nan, type: <class 'float'>
atom number 2 has non finite charge, mol name: None, charge: nan, type: <class 'float'>
atom number 3 has non finite charge, mol name: None, charge: nan, type: <class 'float'>
atom number 4 has non finite charge, mol name: None, charge: nan, type: <class 'float'>
atom number 5 has non finite charge, mol name: None, charge: nan, type: <class 'float'>
atom number 6 has non finite charge, mol name: None, charge: nan, type: <class 'float'>
atom number 7 has non finite charge, mol name: None, charge: nan, type: <class 'float'>
atom number 8 has non finite charge, mol name: None, charge: nan, type: <class 'float'>
atom number 9 has non finite charge, mol name: None, charge: nan, type: <class 'float'>
atom number 10 has non finite charge, mol name: None, charge: nan, type: <class 'float'>
atom number 11 has non finite charge, mol name: None, charge: nan, type: <class 'float'>
atom number 12 has non finite charge, mol name: None, charge: nan, type: <class 'float'>
atom number 13 has non finite charge, mol name: None, charge: nan, type: <class 'float'>
atom number 14 has non finite charge, mol name: None, charge: nan, type: <class 'float'>
atom number 15 has non finite charge, mol name: None, charge: nan, type: <class 'float'>
atom number 16 has non finite charge, mol name: None, charge: nan, type: <class 'float'>
atom number 17 has non finite charge, mol name: None, charge: nan, type: <class 'float'>
atom number 18 has non finite charge, mol name: None, charge: nan, type: <class 'float'>
atom number 19 has non finite charge, mol name: None, charge: nan, type: <class 'float'>
atom number 20 has non finite charge, mol name: None, charge: nan, type: <class 'float'>
atom number 21 has non finite charge, mol name: None, charge: nan, type: <class 'float'>
atom number 22 has non finite charge, mol name: None, charge: nan, type: <class 'float'>
atom number 23 has non finite charge, mol name: None, charge: nan, type: <class 'float'>
atom number 24 has non finite charge, mol name: None, charge: nan, type: <class 'float'>
atom number 25 has non finite charge, mol name: None, charge: inf, type: <class 'float'>
atom number 28 has non finite charge, mol name: None, charge: nan, type: <class 'float'>
atom number 29 has non finite charge, mol name: None, charge: nan, type: <class 'float'>
atom number 30 has non finite charge, mol name: None, charge: nan, type: <class 'float'>
atom number 31 has non finite charge, mol name: None, charge: nan, type: <class 'float'>
atom number 32 has non finite charge, mol name: None, charge: nan, type: <class 'float'>
atom number 51 has non finite charge, mol name: None, charge: nan, type: <class 'float'>
atom number 52 has non finite charge, mol name: None, charge: nan, type: <class 'float'>
atom number 62 has non finite charge, mol name: None, charge: nan, type: <class 'float'>
",0.1
generated_analog,analog_008,C=C(Oc1c(C)ncnc1N)n1cnc(Cc2cc(N)cc(C3CCC(NCC)CN3)c2)n1,-1,-7.7960,ok,172.9
generated_analog,analog_017,C=C(Cc1c(N)cncc1N)n1cc(Nc2cc(N3CNC(NCC)NC3)nc(C)n2)cn1,-1,-7.2550,ok,175.5
generated_analog,analog_030,C=C(Nc1c(C)cccc1C)c1ccn(Cc2cc(N)cc(C3CCC(CCC)CC3)c2)c1,-1,-8.5620,ok,138.2
generated_analog,analog_042,C=C(Cc1c(C)ccnc1C)c1ccc(Oc2nc(N)cc(C3CCC(CCC)CC3)n2)o1,-1,-8.4920,ok,138.2
generated_analog,analog_001,C=C(Cc1c(C)cccc1C)n1cc(Nc2cc(C)nc(C3CCC(CCC)CC3)n2)cn1,-1,-8.3460,ok,125.0
generated_analog,analog_010,C=S(Cc1c(C)cccc1C)c1cc(Cc2cc(N)nc(N3CCC(CNO)NC3)c2)co1,-1,-7.6750,ok,163.8
generated_analog,analog_000,C=C(Nc1c(C)cccc1O)n1ccc(Cc2cc(C)cc(C3CCC(CNC)CN3)c2)c1,-1,-8.4300,ok,156.4
generated_analog,analog_047,C=C(Cc1c(C)cccc1C)c1ccn(Cc2cc(C)nc(C3CNC(CCN)CO3)c2)c1,-1,-8.3030,ok,159.5
generated_analog,analog_055,CCCC1CCN(c2cc(C)cc(Cn3ccc(C(=N)Cc4c(C)cccc4C)c3)c2)CO1,-1,-8.5180,ok,124.4
generated_analog,analog_029,COCN1CCC(c2cc(O)nc(Oc3coc(C(=N)Cc4c(C)cccc4C)c3)c2)NC1,-1,-8.0190,ok,137.8
generated_analog,analog_012,C=C(Cc1c(C)cnnc1N)n1ccc(Cc2cc(C)cc(N3CCC(NCC)CC3)c2)c1,-1,-8.4290,ok,161.4
generated_analog,dasatinib_seed,Cc1nc(Nc2ncc(C(=O)Nc3c(C)cccc3Cl)s2)cc(N2CCN(CCO)CC2)n1,-1,-7.6460,ok,116.3
generated_analog,analog_015,C=[PH](Cc1c(C)cccc1C)c1cc(Cc2cc(N)nc(N3CCC(CNO)NC3)c2)co1,-1,-7.8350,ok,169.1
generated_analog,analog_027,C=C(Cc1c(C)cccc1C)c1coc(Cc2cc(C)nc(C3CCC(CCC)CN3)c2)c1,-1,-8.3690,ok,119.7
generated_analog,analog_019,CCNC1CNC(c2nc(C)cc(Cc3ccn(C(=O)NC4=C(C)OC=CN4C)c3)n2)NC1,-1,-8.0050,ok,130.9
generated_analog,analog_028,C=S(Cc1c(C)ccnc1C)c1cc(Cc2cc(C)cc(C3CCC(CCC)CN3)c2)co1,-1,-8.6890,ok,126.2
generated_analog,analog_039,CNCC1CCC(c2cc(C)cc(Cc3ccn(C(=N)Nc4c(C)cccc4C)c3)c2)CC1,-1,-8.7380,ok,115.1
generated_analog,analog_033,C=C(Cc1c(C)ncnc1C)n1ccc(Cc2cc(N)cc(C3CCC(CCC)CN3)n2)c1,-1,-8.2670,ok,150.0
generated_analog,analog_036,C=C(Cc1c(C)cccc1N)c1ccn(Cc2cc(C3CCN(CCC)CC3)cc(C)n2)c1,-1,-8.4710,ok,161.5
generated_analog,analog_043,C=C(Cc1c(C)ccnc1C)c1ccn(Cc2cc(C)cc(C3CCC(CNC)CC3)c2)c1,-1,-8.3860,ok,133.1
generated_analog,analog_026,CCCI1CCC(c2nc(C)cc(Cn3cnc(C(=N)Cc4c(C)cccc4C)c3)n2)CN1,-1,,"prep_failed: Meeko write failed: atom number 0 has non finite charge, mol name: None, charge: nan, type: <class 'float'>
atom number 1 has non finite charge, mol name: None, charge: nan, type: <class 'float'>
atom number 2 has non finite charge, mol name: None, charge: nan, type: <class 'float'>
atom number 3 has non finite charge, mol name: None, charge: nan, type: <class 'float'>
atom number 4 has non finite charge, mol name: None, charge: nan, type: <class 'float'>
atom number 5 has non finite charge, mol name: None, charge: nan, type: <class 'float'>
atom number 6 has non finite charge, mol name: None, charge: nan, type: <class 'float'>
atom number 7 has non finite charge, mol name: None, charge: nan, type: <class 'float'>
atom number 8 has non finite charge, mol name: None, charge: nan, type: <class 'float'>
atom number 9 has non finite charge, mol name: None, charge: nan, type: <class 'float'>
atom number 10 has non finite charge, mol name: None, charge: nan, type: <class 'float'>
atom number 11 has non finite charge, mol name: None, charge: nan, type: <class 'float'>
atom number 12 has non finite charge, mol name: None, charge: nan, type: <class 'float'>
atom number 13 has non finite charge, mol name: None, charge: nan, type: <class 'float'>
atom number 14 has non finite charge, mol name: None, charge: nan, type: <class 'float'>
atom number 15 has non finite charge, mol name: None, charge: nan, type: <class 'float'>
atom number 16 has non finite charge, mol name: None, charge: nan, type: <class 'float'>
atom number 17 has non finite charge, mol name: None, charge: nan, type: <class 'float'>
atom number 18 has non finite charge, mol name: None, charge: nan, type: <class 'float'>
atom number 19 has non finite charge, mol name: None, charge: inf, type: <class 'float'>
atom number 20 has non finite charge, mol name: None, charge: inf, type: <class 'float'>
atom number 29 has non finite charge, mol name: None, charge: nan, type: <class 'float'>
atom number 30 has non finite charge, mol name: None, charge: nan, type: <class 'float'>
atom number 31 has non finite charge, mol name: None, charge: nan, type: <class 'float'>
atom number 32 has non finite charge, mol name: None, charge: nan, type: <class 'float'>
atom number 67 has non finite charge, mol name: None, charge: nan, type: <class 'float'>
",0.1
generated_analog,analog_035,C=C(Cc1c(C)cccc1C)c1cn(Cc2cc(C3CCC(NCN)CN3)cc(C)n2)cn1,-1,-7.9930,ok,146.0
generated_analog,analog_018,C=[IH](Cc1c(C)ccnc1C)c1cc(Cc2cc(C)cc(C3CCC(CCC)CN3)c2)co1,-1,,"prep_failed: Meeko write failed: atom number 0 has non finite charge, mol name: None, charge: nan, type: <class 'float'>
atom number 1 has non finite charge, mol name: None, charge: nan, type: <class 'float'>
atom number 2 has non finite charge, mol name: None, charge: nan, type: <class 'float'>
atom number 3 has non finite charge, mol name: None, charge: nan, type: <class 'float'>
atom number 4 has non finite charge, mol name: None, charge: nan, type: <class 'float'>
atom number 5 has non finite charge, mol name: None, charge: nan, type: <class 'float'>
atom number 6 has non finite charge, mol name: None, charge: nan, type: <class 'float'>
atom number 7 has non finite charge, mol name: None, charge: nan, type: <class 'float'>
atom number 8 has non finite charge, mol name: None, charge: nan, type: <class 'float'>
atom number 9 has non finite charge, mol name: None, charge: nan, type: <class 'float'>
atom number 10 has non finite charge, mol name: None, charge: nan, type: <class 'float'>
atom number 11 has non finite charge, mol name: None, charge: nan, type: <class 'float'>
atom number 12 has non finite charge, mol name: None, charge: nan, type: <class 'float'>
atom number 13 has non finite charge, mol name: None, charge: nan, type: <class 'float'>
atom number 14 has non finite charge, mol name: None, charge: nan, type: <class 'float'>
atom number 15 has non finite charge, mol name: None, charge: nan, type: <class 'float'>
atom number 16 has non finite charge, mol name: None, charge: nan, type: <class 'float'>
atom number 17 has non finite charge, mol name: None, charge: nan, type: <class 'float'>
atom number 18 has non finite charge, mol name: None, charge: nan, type: <class 'float'>
atom number 19 has non finite charge, mol name: None, charge: nan, type: <class 'float'>
atom number 20 has non finite charge, mol name: None, charge: nan, type: <class 'float'>
atom number 21 has non finite charge, mol name: None, charge: nan, type: <class 'float'>
atom number 22 has non finite charge, mol name: None, charge: nan, type: <class 'float'>
atom number 23 has non finite charge, mol name: None, charge: nan, type: <class 'float'>
atom number 24 has non finite charge, mol name: None, charge: nan, type: <class 'float'>
atom number 25 has non finite charge, mol name: None, charge: inf, type: <class 'float'>
atom number 28 has non finite charge, mol name: None, charge: nan, type: <class 'float'>
atom number 29 has non finite charge, mol name: None, charge: nan, type: <class 'float'>
atom number 30 has non finite charge, mol name: None, charge: nan, type: <class 'float'>
atom number 31 has non finite charge, mol name: None, charge: nan, type: <class 'float'>
atom number 32 has non finite charge, mol name: None, charge: nan, type: <class 'float'>
atom number 69 has non finite charge, mol name: None, charge: nan, type: <class 'float'>
",0.1
generated_analog,analog_004,C=C(Cc1c(C)cccc1C)n1cc(Cc2cc(C)nc(C3CCC(NCC)NC3)c2)nn1,-1,-8.4630,ok,132.9
generated_analog,analog_003,C=C(Cc1c(C)cccc1C)n1ccc(Cc2cc(C)cc(C3CCC(CNC)CC3)c2)c1,-1,-8.8390,ok,129.0
generated_analog,analog_040,C=C(Nc1c(C)cccc1C)c1nc(Cc2cc(C3CCC(CCC)NC3)cc(C)n2)no1,-1,-7.9970,ok,136.0
generated_analog,analog_032,CNCN1CCC(c2cc(Cc3ccn(C(=N)Cc4c(C)cccc4C)c3)cc(C)n2)NC1,-1,-8.1110,ok,135.6
generated_analog,analog_016,C=C(Cc1c(N)ccnc1C)c1cc(Cc2nc(C)cc(C3CCN(CCC)CC3)n2)co1,-1,-8.0380,ok,148.7
generated_analog,analog_044,C=C(Cc1c(C)ccnc1C)n1ccc(Cc2cc(C)nc(C3NCC(COC)CN3)c2)c1,-1,-8.1800,ok,135.6
generated_analog,analog_025,CC1=COC=C(N)N1CC(=N)n1ccc(Cc2cc(C)cc(C3CCC(CCO)CC3)c2)n1,-1,-9.0330,ok,149.8
generated_analog,analog_049,CCC[SH]1CCC(c2nc(C)cc(Cn3cnc(C(=N)Cc4c(C)cccc4C)c3)n2)CO1,-1,-8.1200,ok,132.2
generated_analog,analog_020,Cc1cccc(C)c1CC(=N)n1ccc(Cc2cc(C3CCC(NCN)CC3)cc(N)n2)c1,-1,-8.0510,ok,166.7
generated_analog,analog_031,C=C(Cc1c(C)ccnc1N)c1coc(Cc2cc(C)cc(C3CCC(CCO)NC3)c2)c1,-1,-8.6610,ok,133.5
generated_analog,analog_048,C=C(Cc1c(C)ccnc1C)c1ccn(Cc2cc(C)cc(C3CCC(CCC)CN3)c2)c1,-1,-8.4490,ok,82.8
generated_analog,analog_006,CCNC1CCC(c2cc(C)cc(Cc3cnn(C(=N)Cc4c(C)ccnc4C)c3)c2)NC1,-1,-8.5890,ok,101.7
generated_analog,analog_022,C=C(Cc1c(C)cccc1O)n1ccc(Cc2cc(N)cc(C3CCC(CNC)NC3)c2)c1,-1,-8.8650,ok,110.4
