affinity,pred_intact,pred_cross_attention_off,pred_cross_attention_half
11.200000128,11.174149513244629,11.182147979736328,11.19625186920166
11.1,10.913605690002441,10.640767097473145,10.815366744995117
11.200000128,11.196860313415527,11.210528373718262,11.230944633483887
11.699999383,11.553875923156738,11.80398941040039,11.688033103942871
11.200000128,10.961740493774414,10.987993240356445,10.974983215332031
13.1,12.947088241577148,12.303718566894531,12.775960922241211
10.622878745,10.088041305541992,10.197312355041504,10.144485473632812
11.1,10.974092483520508,10.939620018005371,10.962278366088867
15.757577319,15.649110794067383,14.525805473327637,15.605918884277344
11.300000237,11.173876762390137,11.798999786376953,11.25652027130127
12.299998172,12.677397727966309,12.156360626220703,12.540121078491211
11.400000202,11.262866973876953,11.39536190032959,11.268887519836426
11.200000128,11.052445411682129,10.97524642944336,10.947904586791992
11.300000237,11.118315696716309,11.48598861694336,11.137578964233398
11.300000237,11.794987678527832,11.63922119140625,11.734139442443848
11.800000504,11.812803268432617,11.894206047058105,11.831336975097656
11.1,11.005897521972656,11.099844932556152,11.047625541687012
11.1,11.0858154296875,11.219592094421387,11.121999740600586
12.401029996,11.777061462402344,12.399175643920898,12.075037956237793
11.699999383,11.562820434570312,11.47175121307373,11.476229667663574
11.500000186,11.442142486572266,11.35107135772705,11.401205062866211
11.1,11.029853820800781,10.980828285217285,10.970389366149902
11.800000504,11.682022094726562,11.602177619934082,11.642680168151855
11.800000504,12.062273979187012,11.693595886230469,11.958403587341309
11.900000875,11.725578308105469,11.823001861572266,11.715459823608398
11.500000186,11.135185241699219,11.066770553588867,11.118682861328125
9.401029995999998,9.103046417236328,9.449522972106934,9.153467178344727
11.300000237,11.12674331665039,11.17775821685791,11.1874361038208
10.700000074999998,10.347248077392578,10.362994194030762,10.411686897277832
11.1,10.908312797546387,10.922887802124023,10.89688777923584
13.000008766,11.941848754882812,12.098970413208008,12.096805572509766
11.200000128,11.400684356689453,11.308026313781738,11.326189041137695
14.500116928,13.997413635253906,13.827380180358887,14.034923553466797
11.800000504,11.870210647583008,13.762321472167969,12.759057998657227
10.700000074999998,10.197365760803223,10.163013458251953,10.073081016540527
11.200000128,12.338614463806152,11.965458869934082,12.103142738342285
11.400000202,11.855620384216309,11.903677940368652,11.82925033569336
12.1,11.904911994934082,11.960765838623047,12.028294563293457
12.199999035,12.277792930603027,12.0921630859375,12.324213027954102
11.500000186,12.282254219055176,12.36904239654541,12.357535362243652
11.200000128,11.075933456420898,11.084338188171387,11.061870574951172
11.200000128,10.979742050170898,11.123183250427246,11.016841888427734
11.1,11.210997581481934,12.153694152832031,11.647080421447754
11.200000128,11.257146835327148,11.282957077026367,11.271764755249023
11.999998417,12.166341781616211,11.751941680908203,11.835651397705078
9.798970004,9.568785667419434,9.918910026550293,9.685062408447266
13.399988938,12.40335464477539,12.746209144592285,12.38336181640625
13.500007822,13.543305397033691,13.215641975402832,13.578810691833496
11.087162775,10.262367248535156,12.372309684753418,10.64316177368164
11.800000504,12.159472465515137,12.466230392456055,12.211079597473145
11.815605894,13.217761039733887,12.7811861038208,12.975921630859375
11.800000504,11.198626518249512,11.402209281921387,11.310871124267578
11.400000202,11.567856788635254,11.873806953430176,11.729255676269531
11.400000202,11.25912094116211,11.406021118164062,11.309502601623535
10.400000029,10.275764465332031,10.625593185424805,10.326139450073242
11.200000128,11.07600212097168,11.211668014526367,11.15715217590332
11.300000237,11.458383560180664,11.602017402648926,11.581380844116211
11.699999383,11.696450233459473,11.66231632232666,11.692890167236328
11.900000875,11.49240779876709,11.090463638305664,11.266386985778809
12.299998172,11.725752830505371,11.944014549255371,11.758450508117676
11.599999679,12.899344444274902,11.32138442993164,11.802931785583496
10.702059991,10.644396781921387,10.993587493896484,10.744311332702637
11.800000504,12.488031387329102,11.754531860351562,12.174808502197266
11.999998417,12.204743385314941,11.503247261047363,11.621541023254395
11.300000237,11.036017417907715,11.009920120239258,11.001879692077637
11.300000237,11.460184097290039,11.187868118286133,11.125215530395508
11.300000237,11.638837814331055,11.319336891174316,11.492919921875
11.800000504,11.790618896484375,11.63562297821045,11.745246887207031
11.200000128,11.030180931091309,11.317635536193848,11.058752059936523
12.1,11.411934852600098,11.734125137329102,11.545232772827148
11.300000237,11.114211082458496,11.133552551269531,11.012502670288086
11.699999383,11.477874755859375,11.889721870422363,11.642385482788086
11.900000875,11.963790893554688,12.79605770111084,12.648911476135254
11.800000504,11.734703063964844,11.549436569213867,11.69692325592041
12.499996913,13.599227905273438,13.13701057434082,13.563820838928223
11.1,10.961870193481445,11.136213302612305,11.028450012207031
11.599999679,11.706864356994629,11.368626594543457,11.488153457641602
11.300000237,11.062694549560547,11.303418159484863,11.187804222106934
11.599999679,11.5563325881958,11.617025375366211,11.572901725769043
11.900000875,11.776784896850586,11.8086519241333,11.791850090026855
12.799991797,11.48254680633545,11.53127670288086,11.429302215576172
11.500000186,11.305130004882812,11.43714714050293,11.32766056060791
11.900000875,11.860255241394043,11.859116554260254,11.846385955810547
12.899998135,12.683761596679688,11.523871421813965,12.006765365600586
11.800000504,11.722983360290527,11.684124946594238,11.700704574584961
11.1,11.048382759094238,11.074010848999023,11.066169738769531
13.1,13.268022537231445,12.99752140045166,13.251753807067871
13.1,13.835968017578125,12.864727020263672,13.491565704345703
11.102182403,10.886401176452637,10.864984512329102,10.872692108154297
11.103488328,11.314239501953125,10.985562324523926,11.129817008972168
11.999998417,12.418216705322266,11.46133804321289,11.88842487335205
11.200000128,11.285140991210938,11.349729537963867,11.568673133850098
10.702059991,11.537435531616211,12.205471992492676,11.759154319763184
11.900000875,11.859962463378906,11.813480377197266,11.849128723144531
11.400000202,11.246392250061035,11.234063148498535,11.218130111694336
10.622878745,10.498479843139648,10.491026878356934,10.52646541595459
12.699997654,12.805917739868164,12.258865356445312,12.468875885009766
11.900000875,11.859025001525879,11.817441940307617,11.85482120513916
11.200000128,11.170902252197266,11.154091835021973,11.144177436828613
11.500000186,11.977900505065918,12.25535774230957,12.181100845336914
12.799991797,12.85385799407959,11.849846839904785,12.414587020874023
11.599999679,11.8021240234375,11.63587760925293,11.732354164123535
11.500000186,12.225067138671875,11.983807563781738,12.122573852539062
10.401029995999998,12.389158248901367,10.221323013305664,12.1309232711792
11.1,11.12285327911377,11.090994834899902,11.073923110961914
11.599999679,12.856685638427734,11.604326248168945,12.20324420928955
11.500000186,12.646239280700684,12.12512493133545,12.479076385498047
11.555931956,10.698415756225586,10.721975326538086,10.620063781738281
11.497940009,11.544309616088867,11.455166816711426,11.489591598510742
11.400000202,11.631502151489258,11.599760055541992,11.668192863464355
11.500000186,11.185677528381348,11.178343772888184,11.10009479522705
11.900000875,11.892475128173828,11.8955659866333,11.89833927154541
12.830487056,11.746245384216309,11.525162696838379,11.620680809020996
10.1,9.827369689941406,9.898971557617188,9.869784355163574
12.899998135,13.419975280761719,12.59465217590332,13.160477638244629
11.800000504,11.565309524536133,11.829893112182617,11.724771499633789
13.99997427,13.609504699707031,13.154511451721191,13.827864646911621
11.599999679,11.628750801086426,12.319092750549316,11.76661205291748
11.999998417,12.295007705688477,12.425765991210938,12.427306175231934
11.900000875,12.077542304992676,11.831880569458008,12.126558303833008
10.1,11.393190383911133,12.361961364746094,12.425511360168457
11.599999679,11.386255264282227,11.334753036499023,11.306981086730957
12.699997654,11.900749206542969,12.506606101989746,12.132208824157715
11.200000128,11.109724998474121,10.974380493164062,11.000041961669922
9.401029995999998,9.149690628051758,9.515100479125977,9.219715118408203
14.757577319,14.590124130249023,13.024798393249512,14.267962455749512
14.299970641,14.603086471557617,13.958686828613281,14.36770248413086
12.299998172,12.7706880569458,11.708367347717285,12.587904930114746
12.299998172,11.236626625061035,13.093138694763184,12.272133827209473
10.798970004,10.800939559936523,10.889708518981934,10.873088836669922
12.399997603,13.157148361206055,12.683197975158691,12.984453201293945
12.199999035,11.501444816589355,12.95205307006836,11.988750457763672
11.1,11.038365364074707,11.161296844482422,11.050941467285156
10.300000031,9.986690521240234,11.651019096374512,10.254121780395508
11.900000875,11.776185035705566,11.97440242767334,11.824450492858887
13.200015437,13.490384101867676,12.299652099609375,13.095022201538086
13.699980365,12.502280235290527,11.809477806091309,11.921451568603516
11.900000875,11.943656921386719,11.868908882141113,11.903241157531738
11.400000202,11.140670776367188,11.00094223022461,10.975020408630371
11.500000186,11.504534721374512,11.024139404296875,11.299456596374512
13.1,13.139042854309082,11.319743156433105,12.683409690856934
11.1,11.084691047668457,11.081902503967285,11.090489387512207
11.699999383,12.079615592956543,11.908482551574707,11.867013931274414
11.400000202,11.307913780212402,11.26860237121582,11.24229621887207
11.500000186,11.263529777526855,11.294008255004883,11.3091402053833
11.599999679,11.478509902954102,11.53209400177002,11.491459846496582
11.200000128,11.243727684020996,11.196542739868164,11.250589370727539
10.499999968,10.252800941467285,10.303862571716309,10.28285026550293
11.1,11.251602172851562,10.71015453338623,11.020689010620117
11.999998417,11.637482643127441,11.73991584777832,11.707210540771484
11.300000237,11.109662055969238,11.161628723144531,11.147706031799316
14.1,14.295177459716797,14.735198974609375,14.690536499023438
11.300000237,11.348587036132812,11.157917022705078,11.259119987487793
11.300000237,11.37206745147705,11.864265441894531,11.741555213928223
11.1,10.926606178283691,11.056442260742188,10.999348640441895
11.699999383,11.617090225219727,11.885577201843262,11.503002166748047
11.699999383,12.032604217529297,11.17699909210205,11.642101287841797
12.199999035,12.732128143310547,11.558597564697266,12.703388214111328
11.138578906,11.814471244812012,12.149704933166504,11.999335289001465
11.699999383,11.58427906036377,11.418819427490234,11.566203117370605
11.1,11.359068870544434,10.906815528869629,10.98161506652832
11.25490196,10.857345581054688,10.865382194519043,10.804937362670898
11.300000237,11.026167869567871,10.933040618896484,10.959817886352539
11.1,11.031442642211914,10.983664512634277,11.027552604675293
11.900000875,11.943400382995605,12.018667221069336,11.999402046203613
11.200000128,11.149101257324219,11.351248741149902,11.27262020111084
10.622878745,10.590558052062988,10.958527565002441,10.704147338867188
11.1,11.244464874267578,10.998743057250977,11.120805740356445
10.622878745,10.209081649780273,11.4378080368042,10.420137405395508
11.800000504,11.741734504699707,11.572046279907227,11.710982322692871
11.599999679,11.563825607299805,11.60655689239502,11.614121437072754
11.400000202,11.533269882202148,12.145588874816895,11.54313850402832
11.1,11.010905265808105,11.10575008392334,11.057024955749512
11.400000202,11.322365760803223,11.388261795043945,11.35759162902832
11.800000504,12.848572731018066,11.468053817749023,12.056062698364258
11.900000875,11.94140625,11.676873207092285,11.826801300048828
11.200000128,11.52856159210205,11.854247093200684,11.636845588684082
10.497940009,11.041015625,10.354949951171875,10.692361831665039
11.200000128,11.489164352416992,11.517152786254883,11.395573616027832
12.399997603,13.29439640045166,12.37177562713623,13.000808715820312
11.200000128,11.153308868408203,11.178838729858398,11.158906936645508
11.599999679,11.933216094970703,12.56450366973877,12.253926277160645
10.702059991,10.464446067810059,10.615179061889648,10.538337707519531
11.800000504,11.756470680236816,12.03582763671875,11.861471176147461
11.200000128,11.11291217803955,11.044401168823242,11.064994812011719
11.1,10.89487361907959,10.808472633361816,10.860393524169922
11.900000875,12.061019897460938,12.019126892089844,11.959403038024902
11.1,11.074671745300293,10.946422576904297,11.023943901062012
11.200000128,10.92935562133789,11.14514446258545,10.96229076385498
11.900000875,11.781167030334473,11.876551628112793,11.806689262390137
11.900000875,12.57944393157959,12.850305557250977,12.668216705322266
11.497940009,11.447315216064453,11.76473617553711,11.517733573913574
11.900000875,11.908203125,12.047661781311035,11.94627857208252
11.1,11.150915145874023,11.11648178100586,11.147361755371094
11.497940009,11.78364372253418,11.659995079040527,11.798739433288574
11.900000875,11.846304893493652,12.010735511779785,11.917832374572754
10.242667504,10.026683807373047,9.934566497802734,9.990486145019531
12.599996932,12.619930267333984,12.365978240966797,12.376331329345703
11.599999679,11.548972129821777,11.472071647644043,11.519389152526855
11.300000237,11.067880630493164,11.141334533691406,11.098810195922852
11.900000875,12.042487144470215,11.898681640625,12.121930122375488
12.299998172,12.37393856048584,12.067524909973145,12.233489990234375
12.599996932,13.084409713745117,12.033466339111328,12.569063186645508
11.300000237,11.053689002990723,11.137565612792969,11.079172134399414
11.500000186,11.510086059570312,11.433680534362793,11.528351783752441
14.23667714,14.539580345153809,13.197755813598633,14.44286060333252
11.900000875,11.689854621887207,11.860443115234375,11.704440116882324
11.599999679,12.013362884521484,12.394930839538574,12.195899963378906
11.400000202,11.309724807739258,12.037328720092773,11.581195831298828
11.200000128,11.052847862243652,11.074738502502441,11.055458068847656
11.599999679,11.630192756652832,11.568975448608398,11.664426803588867
11.599999679,11.624675750732422,11.431314468383789,11.518010139465332
10.1,9.815494537353516,11.031819343566895,9.800580024719238
11.300000237,11.306829452514648,11.005098342895508,11.062026977539062
11.999998417,12.345321655273438,11.810681343078613,12.31813907623291
11.200000128,11.02877140045166,11.096198081970215,11.048105239868164
12.69345982,13.558985710144043,13.250764846801758,13.47697639465332
11.800000504,11.71470832824707,12.203121185302734,11.968338966369629
11.1,11.045347213745117,11.000492095947266,11.007973670959473
11.900000875,11.940970420837402,11.979667663574219,11.924206733703613
11.200000128,11.061748504638672,11.131425857543945,11.060648918151855
12.699997654,12.753009796142578,12.542351722717285,13.189248085021973
11.300000237,11.136479377746582,11.166924476623535,11.169693946838379
11.900000875,11.904017448425293,11.500199317932129,11.47280216217041
11.400000202,11.765432357788086,12.489790916442871,12.278412818908691
11.177758728,11.052090644836426,11.354347229003906,11.140206336975098
11.800000504,11.71713924407959,11.772065162658691,11.75041389465332
11.900000875,11.309610366821289,11.491443634033203,11.364182472229004
9.798970004,9.977230072021484,9.90216064453125,9.938643455505371
11.900000875,11.926636695861816,11.851578712463379,11.942493438720703
11.999998417,11.16872787475586,10.828283309936523,11.228540420532227
11.1,10.917661666870117,10.933341979980469,10.918909072875977
11.1,10.994295120239258,11.048032760620117,10.990277290344238
11.800000504,11.638880729675293,11.866618156433105,11.762445449829102
11.400000202,11.960434913635254,12.369516372680664,12.355511665344238
10.1,10.126344680786133,10.127469062805176,10.155326843261719
11.999998417,12.12236213684082,12.296942710876465,12.200249671936035
11.599999679,11.606446266174316,12.935318946838379,12.063573837280273
11.999998417,12.134733200073242,12.029778480529785,12.041097640991211
11.213943352,11.197278022766113,11.351527214050293,11.277502059936523
10.1,9.802253723144531,9.932476997375488,9.871255874633789
11.300000237,11.107239723205566,11.15213394165039,11.07544231414795
10.1,10.341620445251465,10.79337215423584,10.660762786865234
12.765546249,12.137438774108887,11.363471984863281,11.679377555847168
12.399997603,12.56558609008789,11.637042999267578,12.148329734802246
11.500000186,11.421052932739258,11.678399085998535,11.419830322265625
11.400000202,11.366045951843262,11.136808395385742,11.307332992553711
12.599996932,13.634872436523438,12.486187934875488,13.505380630493164
11.400000202,11.595982551574707,11.292221069335938,11.473312377929688
11.699530238,11.91100788116455,12.230700492858887,11.946476936340332
12.499996913,12.594710350036621,12.332359313964844,12.595795631408691
12.600086218,10.927943229675293,11.059283256530762,10.939709663391113
13.000008766,13.380085945129395,12.990249633789062,13.284638404846191
12.601689446,12.843017578125,12.730112075805664,13.012923240661621
12.399997603,11.849637985229492,11.369526863098145,11.398821830749512
11.699999383,11.47054386138916,11.32711410522461,11.382035255432129
11.599999679,11.604229927062988,11.43520450592041,11.62251091003418
14.1,12.896416664123535,12.741694450378418,12.905996322631836
11.1,10.849417686462402,10.88939094543457,10.847332000732422
11.900000875,11.889872550964355,11.622899055480957,11.774872779846191
14.171333752,14.200242042541504,13.74238109588623,14.084928512573242
12.1,12.148465156555176,11.778031349182129,11.996208190917969
12.899998135,13.589981079101562,10.857605934143066,13.34957218170166
12.399997603,12.33737564086914,11.842022895812988,12.695609092712402
11.300000237,11.08755111694336,11.192682266235352,11.126242637634277
10.401029995999998,10.910979270935059,11.203530311584473,11.048006057739258
11.900000875,11.911406517028809,11.929708480834961,11.937527656555176
11.200000128,11.49636459350586,12.727234840393066,11.940498352050781
11.1,10.636305809020996,10.972301483154297,10.764883041381836
11.1,11.037803649902344,12.84561538696289,11.396968841552734
11.999998417,11.876800537109375,12.172080993652344,12.051568031311035
11.1,11.330498695373535,10.951952934265137,10.958656311035156
10.401029995999998,10.14820384979248,10.080538749694824,10.051740646362305
13.200015437,13.267123222351074,14.121289253234863,13.682398796081543
11.1,10.610814094543457,11.686741828918457,10.834638595581055
11.599999679,11.486703872680664,11.670074462890625,11.665399551391602
11.599999679,11.672520637512207,11.314796447753906,11.541719436645508
11.777780705,12.47364616394043,10.776374816894531,11.320494651794434
12.113228266,10.764677047729492,14.330738067626953,14.118934631347656
11.300000237,11.30001163482666,11.840808868408203,11.383729934692383
11.999998417,11.6300687789917,11.59050464630127,11.561259269714355
11.699999383,11.633917808532715,11.882706642150879,11.781566619873047
11.500000186,11.46487808227539,11.336798667907715,11.406271934509277
11.800000504,12.10453987121582,11.359760284423828,11.87194538116455
11.200000128,11.181014060974121,11.15147590637207,11.153910636901855
13.466531544,13.502218246459961,12.919526100158691,13.55515193939209
11.900000875,11.958199501037598,11.885820388793945,11.92793083190918
11.599999679,11.505697250366211,11.487750053405762,11.452949523925781
12.1,11.946511268615723,11.808181762695312,12.05262565612793
11.900000875,11.829216003417969,11.879504203796387,11.803040504455566
11.400000202,12.154326438903809,12.04090690612793,12.16498851776123
11.800000504,11.791176795959473,11.855313301086426,11.79085636138916
12.1,12.712939262390137,11.679102897644043,12.162626266479492
11.170581074,11.048402786254883,11.433259963989258,11.215213775634766
11.400000202,11.255459785461426,11.136272430419922,11.186366081237793
10.300000031,10.26152515411377,10.826708793640137,10.492271423339844
12.399997603,12.976744651794434,12.136200904846191,12.641961097717285
11.900000875,11.941654205322266,11.88792896270752,11.894281387329102
11.300000237,11.20408821105957,12.099308013916016,11.376773834228516
11.1,11.010727882385254,11.313898086547852,10.930376052856445
11.900000875,12.072388648986816,12.171053886413574,12.254609107971191
11.500000186,11.548575401306152,11.561025619506836,11.721575736999512
11.250000101,11.360758781433105,11.317538261413574,11.315690994262695
13.399988938,13.821006774902344,12.930441856384277,13.421137809753418
12.499996913,12.398605346679688,12.168389320373535,12.33888053894043
11.200000128,11.169896125793457,11.02769660949707,11.105652809143066
11.300000237,11.418085098266602,11.405852317810059,11.382116317749023
11.699999383,11.800972938537598,12.349199295043945,11.93928337097168
11.599999679,11.506370544433594,11.237662315368652,11.373745918273926
11.599999679,11.5640230178833,11.82418155670166,11.56751537322998
11.900000875,11.97327995300293,11.231450080871582,11.851665496826172
11.200000128,11.314563751220703,11.323592185974121,11.332880020141602
11.900000875,11.690808296203613,13.690849304199219,11.842857360839844
11.699999383,11.411191940307617,11.302881240844727,11.417940139770508
11.900000875,11.773603439331055,11.957026481628418,11.801092147827148
12.499996913,12.926078796386719,11.817816734313965,12.277128219604492
10.499999968,10.575296401977539,10.833986282348633,10.694594383239746
11.1,10.70797348022461,11.237792015075684,10.864845275878906
11.800000504,12.641792297363281,11.294713973999023,12.115876197814941
11.699999383,11.787506103515625,11.566784858703613,11.540237426757812
13.299970641,11.04593563079834,11.133609771728516,11.033711433410645
11.300000237,11.24280834197998,11.072989463806152,11.155582427978516
11.900000875,12.950922012329102,12.021965980529785,12.571615219116211
11.300000237,11.094408988952637,11.104782104492188,11.098166465759277
11.200000128,11.331822395324707,11.409638404846191,11.358654022216797
11.900000875,11.922049522399902,12.069948196411133,12.023826599121094
11.400000202,12.762219429016113,12.846915245056152,12.85010051727295
11.300000237,11.341097831726074,11.802284240722656,11.56114673614502
11.500000186,11.4003324508667,11.372190475463867,11.34378719329834
11.200000128,11.150705337524414,11.33553409576416,11.203670501708984
13.699980365,13.627318382263184,11.878073692321777,12.9578275680542
14.400162274,14.5000581741333,14.384452819824219,14.512240409851074
11.500000186,11.438100814819336,11.578655242919922,11.459023475646973
12.499996913,12.290600776672363,12.689074516296387,12.479584693908691
10.702059991,10.54682445526123,11.936081886291504,10.648096084594727
10.702059991,10.671980857849121,11.008296966552734,10.770927429199219
11.699999383,11.513886451721191,12.575663566589355,12.049405097961426
11.400000202,11.407435417175293,11.49655818939209,11.465827941894531
11.500000186,11.3276948928833,11.364036560058594,11.373052597045898
11.500000186,11.491931915283203,11.525579452514648,11.435129165649414
11.900000875,11.848640441894531,11.968636512756348,11.926822662353516
10.499999968,9.917303085327148,9.123884201049805,9.481975555419922
11.1,10.980720520019531,12.176323890686035,11.281879425048828
11.999998417,12.201770782470703,11.789763450622559,11.857317924499512
11.300000237,11.325115203857422,11.184450149536133,11.202580451965332
12.299998172,12.166351318359375,11.956053733825684,12.086136817932129
11.500000186,11.450335502624512,12.271228790283203,11.63947868347168
11.300000237,11.352840423583984,11.338384628295898,11.28062915802002
11.900000875,11.660038948059082,11.790016174316406,11.725235939025879
11.900000875,11.870233535766602,11.883763313293457,11.860282897949219
11.500000186,11.55397891998291,11.60986614227295,11.57044792175293
13.899970733,13.531052589416504,12.513555526733398,13.208810806274414
11.599999679,11.145854949951172,11.405394554138184,11.272357940673828
11.900000875,11.587740898132324,11.394083023071289,11.312132835388184
11.400000202,11.373494148254395,11.41600227355957,11.394401550292969
10.224938737,10.005979537963867,10.102981567382812,9.999406814575195
12.499996913,13.303549766540527,13.407316207885742,13.695237159729004
12.499996913,11.80079460144043,11.960129737854004,11.883824348449707
11.200000128,11.287956237792969,11.221718788146973,11.303023338317871
11.599999679,11.51705551147461,11.589737892150879,11.464686393737793
11.1,11.071269989013672,11.323834419250488,11.134074211120605
11.200000128,11.176408767700195,11.07841968536377,11.073613166809082
11.599999679,11.580986976623535,11.310392379760742,11.358713150024414
11.300000237,11.048727989196777,10.635354995727539,10.8233642578125
11.300000237,11.11098861694336,11.334953308105469,11.250651359558105
10.555931955999998,10.233978271484375,10.632720947265625,10.395940780639648
11.200000128,11.047869682312012,10.874027252197266,10.967177391052246
11.300000237,11.185174942016602,11.194704055786133,11.18994140625
13.8000571,14.433355331420898,13.239977836608887,14.0909423828125
11.1,10.984543800354004,11.412771224975586,11.125659942626953
11.400000202,11.26124095916748,11.248563766479492,11.198312759399414
13.200015437,12.400164604187012,11.708613395690918,12.346216201782227
12.1,12.88017463684082,11.972135543823242,12.428285598754883
11.699999383,11.632678031921387,11.551411628723145,11.567485809326172
11.200000128,11.066549301147461,11.575135231018066,11.086090087890625
10.622878745,10.28335189819336,10.105293273925781,10.169386863708496
11.500000186,11.52073860168457,12.003491401672363,11.616708755493164
11.500000437,11.828275680541992,11.125271797180176,11.541799545288086
11.200000128,11.013778686523438,11.257962226867676,11.126570701599121
11.999998417,12.460413932800293,13.124947547912598,12.85063362121582
13.136058295,11.370607376098633,12.35538387298584,11.878358840942383
11.699999383,11.634355545043945,11.755169868469238,11.78106689453125
11.699999383,11.903528213500977,12.419791221618652,12.129117965698242
11.300000237,11.1334810256958,11.288023948669434,11.188404083251953
11.999998417,12.520328521728516,13.000605583190918,12.658180236816406
10.702059991,10.440934181213379,11.609672546386719,10.756797790527344
11.500000186,10.862082481384277,12.205185890197754,11.038345336914062
11.999998417,11.511112213134766,11.6323823928833,11.647249221801758
12.299998172,12.938610076904297,11.144030570983887,11.729364395141602
12.599996932,12.718953132629395,12.208630561828613,12.247222900390625
11.400000202,11.02245044708252,11.030601501464844,11.069014549255371
11.196910013,11.322148323059082,11.098782539367676,11.27243423461914
11.900000875,11.518109321594238,11.315617561340332,11.599061965942383
11.400000202,11.403410911560059,11.795235633850098,11.522687911987305
13.000008766,13.771933555603027,13.401264190673828,13.531075477600098
11.1,11.086593627929688,11.197306632995605,11.142538070678711
12.399997603,12.806397438049316,12.295267105102539,12.777485847473145
12.299998172,12.55716609954834,12.307770729064941,12.60023307800293
12.1,11.846909523010254,11.993924140930176,11.907757759094238
11.200000128,11.274286270141602,11.324960708618164,11.270995140075684
11.900000875,11.82925033569336,11.773272514343262,11.815171241760254
11.500000186,11.524531364440918,11.476622581481934,11.520594596862793
11.900000875,11.974663734436035,11.955842971801758,11.97957706451416
12.699997654,13.315491676330566,13.233165740966797,13.285699844360352
11.699999383,11.864459991455078,12.034769058227539,11.89831829071045
11.699999383,12.08719253540039,11.849175453186035,12.113608360290527
11.800000504,11.940141677856445,11.822847366333008,11.887072563171387
11.400000202,11.341306686401367,11.181050300598145,11.27733325958252
10.1,9.983135223388672,9.916810035705566,9.929411888122559
13.923908741,14.344356536865234,13.003120422363281,13.914674758911133
11.000000142,10.244037628173828,10.288934707641602,10.152861595153809
13.600038134,11.87093734741211,11.820804595947266,11.948451042175293
10.200000019,10.62606430053711,10.408430099487305,10.538503646850586
11.909668302,12.302413940429688,12.15074348449707,12.46793270111084
11.200000128,11.169447898864746,11.12704849243164,11.108447074890137
11.599999679,11.950545310974121,11.301797866821289,11.613053321838379
11.699999383,11.566132545471191,11.593779563903809,11.615558624267578
11.200000128,11.14980697631836,11.268641471862793,11.177347183227539
11.599999679,11.630264282226562,11.670268058776855,11.623138427734375
11.400000202,11.261286735534668,11.053508758544922,11.029237747192383
11.999998417,11.911149024963379,11.920952796936035,11.934101104736328
11.999998417,11.781720161437988,11.929705619812012,11.827362060546875
10.400000029,11.396129608154297,11.355988502502441,11.555304527282715
11.699999383,11.377067565917969,11.141685485839844,11.204211235046387
11.200000128,11.063753128051758,10.982762336730957,11.013298988342285
11.900000875,12.190021514892578,11.769879341125488,12.289841651916504
11.200000128,11.035478591918945,11.148919105529785,11.040355682373047
12.499996913,12.412091255187988,12.281006813049316,12.359784126281738
10.622878745,10.09048080444336,10.239913940429688,10.063119888305664
11.699999383,11.603928565979004,11.707176208496094,11.6543607711792
11.800000504,11.71841812133789,11.518742561340332,11.639878273010254
11.800000504,11.62646484375,11.59220027923584,11.610629081726074
11.800000504,11.710546493530273,11.594234466552734,11.665119171142578
11.500000186,11.509273529052734,11.619519233703613,11.532415390014648
11.165501549,11.003849029541016,11.36214828491211,11.056629180908203
11.900000875,11.980096817016602,12.106486320495605,12.02437973022461
11.821246399,10.961580276489258,10.990072250366211,10.982190132141113
11.800000504,11.656375885009766,11.690483093261719,11.681618690490723
11.599999679,12.659063339233398,10.998924255371094,11.139679908752441
12.299998172,12.443885803222656,12.14361572265625,12.327798843383789
11.401029996,11.308202743530273,11.93581771850586,11.55368423461914
11.200000128,11.010735511779785,11.154431343078613,11.054211616516113
11.200000128,12.777335166931152,12.055630683898926,12.559188842773438
13.500007822,13.940584182739258,12.56846809387207,13.862886428833008
11.200000128,11.138614654541016,11.112283706665039,11.071396827697754
11.800000504,11.763832092285156,11.702510833740234,11.73402214050293
12.1,11.921013832092285,12.06175708770752,12.041205406188965
11.300000237,11.235703468322754,11.22044563293457,11.220747947692871
11.500000186,11.624468803405762,11.547825813293457,11.655229568481445
11.456547324,11.879420280456543,11.410290718078613,11.576151847839355
11.500000186,11.457756996154785,11.344429969787598,11.380217552185059
11.300000237,11.129375457763672,11.450965881347656,11.26353931427002
11.200000128,10.897772789001465,10.964198112487793,10.888154029846191
11.300000237,11.120206832885742,12.116623878479004,11.147101402282715
11.777780705,12.051337242126465,12.03425407409668,12.116259574890137
11.250000101,11.205278396606445,11.183208465576172,11.184582710266113
11.200000128,11.671028137207031,11.313553810119629,11.531784057617188
11.900000875,11.85480785369873,11.825063705444336,11.826118469238281
14.00982337,14.368221282958984,13.846590042114258,14.19088363647461
11.300000237,11.371734619140625,11.351277351379395,11.293962478637695
11.800000504,11.963769912719727,11.811128616333008,11.908439636230469
11.1,10.935689926147461,10.98946762084961,10.95494270324707
15.283265772,15.567071914672852,15.392414093017578,15.887350082397461
11.900000875,12.089516639709473,12.018027305603027,12.084921836853027
11.1,11.145574569702148,11.868773460388184,11.27608585357666
11.1,10.991802215576172,11.07504940032959,11.035740852355957
11.200000128,10.74924373626709,11.362667083740234,11.069263458251953
12.474687549,12.086686134338379,11.437541007995605,11.758556365966797
11.400000202,11.197872161865234,11.01453971862793,11.124979972839355
11.1,11.045926094055176,11.014521598815918,11.046622276306152
11.500000186,10.71849536895752,11.284528732299805,11.05025577545166
12.299998172,12.814919471740723,14.07271671295166,13.267929077148438
11.500000186,11.067644119262695,11.54093074798584,11.129465103149414
11.900000875,11.665409088134766,11.756418228149414,11.721169471740723
11.200000128,11.239880561828613,11.199995040893555,11.23592472076416
11.200000128,11.36411190032959,11.322260856628418,11.329791069030762
11.1,11.105100631713867,11.047673225402832,11.060062408447266
11.1,11.731582641601562,11.754265785217285,11.724008560180664
11.500000186,9.544270515441895,10.153522491455078,9.764874458312988
11.699999383,11.765782356262207,11.747870445251465,11.762479782104492
11.800000504,11.764822006225586,11.643586158752441,11.691994667053223
11.1,11.043879508972168,11.015039443969727,11.000215530395508
11.458177896,11.504157066345215,11.463385581970215,11.498207092285156
11.900000875,11.844805717468262,11.85138988494873,11.875541687011719
11.314670165,10.361247062683105,10.42963695526123,10.39306354522705
11.500000186,11.543120384216309,11.655706405639648,11.618136405944824
11.1,10.659502983093262,12.606609344482422,11.579427719116211
11.699999383,11.98740291595459,12.452432632446289,12.280058860778809
11.400000202,12.310731887817383,11.869505882263184,12.255084991455078
11.200000128,11.1804838180542,11.022324562072754,11.111907958984375
12.899998135,12.239852905273438,13.01822566986084,12.246332168579102
10.622878745,10.225193977355957,10.50264835357666,10.307265281677246
11.500000186,11.167799949645996,10.981800079345703,11.090652465820312
11.500000186,11.510992050170898,12.245948791503906,11.79816722869873
12.299998172,12.538558006286621,12.288012504577637,12.467327117919922
11.200000128,11.163928985595703,11.280055046081543,11.19062328338623
11.699999383,11.704000473022461,11.678560256958008,11.717379570007324
12.497940009,13.050802230834961,12.928215980529785,13.062214851379395
12.499996913,13.274967193603516,11.927444458007812,12.604310989379883
11.200000128,11.176606178283691,11.282482147216797,11.25940990447998
11.900000875,11.681618690490723,11.642362594604492,11.608917236328125
11.900000875,12.020020484924316,11.998509407043457,11.882573127746582
11.400000202,11.453963279724121,11.440118789672852,11.454819679260254
11.800000504,11.489570617675781,11.5871000289917,11.51930046081543
11.900000875,11.904038429260254,11.975472450256348,11.888031005859375
11.800000504,11.799158096313477,12.027128219604492,11.854153633117676
15.200179498,15.25851058959961,13.540904998779297,15.133088111877441
11.200000128,10.853694915771484,10.918439865112305,10.814640045166016
11.1,11.25649642944336,11.454249382019043,11.348363876342773
11.300000237,11.706035614013672,11.209595680236816,11.31107234954834
11.699999383,10.936387062072754,11.369651794433594,11.154726028442383
11.400000202,11.008050918579102,11.105810165405273,11.051981925964355
11.1,10.957642555236816,10.961472511291504,10.919333457946777
11.900000875,11.872990608215332,11.848156929016113,11.900997161865234
14.1,13.758984565734863,11.112539291381836,12.843829154968262
11.699999383,11.79581356048584,11.617053985595703,11.744854927062988
11.200000128,11.256976127624512,11.223649978637695,11.235414505004883
11.900000875,12.05234146118164,11.51878547668457,11.851703643798828
10.200000019,10.143683433532715,10.897199630737305,10.318373680114746
11.599999679,13.433578491210938,13.267172813415527,13.541479110717773
13.563507628,14.575650215148926,14.015462875366211,14.453229904174805
11.999998417,11.99360179901123,11.447332382202148,11.87232494354248
11.900000875,11.48967456817627,11.456613540649414,11.461009979248047
12.199999035,12.26219654083252,12.057878494262695,12.446416854858398
11.800000504,11.73853874206543,11.546770095825195,11.677078247070312
11.1,11.029829025268555,11.25447940826416,11.099206924438477
11.1,11.012351989746094,10.945771217346191,10.971117973327637
11.200000128,10.917892456054688,11.162313461303711,11.048290252685547
12.299998172,13.107538223266602,11.932488441467285,12.422390937805176
11.999998417,12.045559883117676,11.841885566711426,12.113226890563965
11.200000128,11.334319114685059,11.111173629760742,11.239509582519531
12.599996932,12.537981033325195,12.270444869995117,12.351189613342285
11.400000202,11.037524223327637,10.994007110595703,11.015637397766113
13.399988938,13.34531021118164,12.682740211486816,13.0490140914917
11.300000237,11.621532440185547,12.893621444702148,12.124855041503906
11.1,11.068775177001953,11.01602554321289,11.04965877532959
11.1,10.941658973693848,10.853894233703613,10.916297912597656
11.1,11.035593032836914,10.905587196350098,11.084274291992188
12.299998172,12.322364807128906,12.583722114562988,12.784846305847168
11.900000875,11.771256446838379,11.752042770385742,11.686108589172363
11.200000128,11.049041748046875,10.958637237548828,11.00439453125
11.900000875,11.82956314086914,11.769257545471191,11.801791191101074
11.200000128,10.796090126037598,11.155216217041016,11.035508155822754
9.702059991,9.322540283203125,10.347500801086426,9.575434684753418
10.1,9.84042739868164,10.561314582824707,10.140093803405762
11.800000504,11.656912803649902,11.608311653137207,11.61286449432373
11.400000202,11.327444076538086,11.31712818145752,11.297675132751465
11.599999679,11.955596923828125,11.429056167602539,11.72788143157959
13.453596274,14.216076850891113,13.786493301391602,14.127679824829102
11.1,10.84598159790039,10.973957061767578,10.907654762268066
11.699999383,11.750537872314453,12.050273895263672,11.82180118560791
11.1,11.258487701416016,11.114927291870117,11.171435356140137
12.599996932,11.439915657043457,11.879515647888184,11.672330856323242
12.40980392,12.410656929016113,11.890619277954102,12.21618366241455
13.200015437,13.612186431884766,13.223686218261719,13.259634017944336
11.1,11.69555950164795,11.571324348449707,11.610993385314941
11.1,11.52369499206543,11.697809219360352,11.46992015838623
11.200000128,11.037351608276367,11.144756317138672,11.11108684539795
9.941637508,9.580055236816406,9.927900314331055,9.676088333129883
11.400000202,11.227594375610352,11.130487442016602,11.160859107971191
11.699999383,11.385717391967773,11.385000228881836,11.355304718017578
14.986056648,15.148982048034668,14.820013046264648,15.204651832580566
11.1,10.906715393066406,10.84648609161377,10.86796760559082
11.200000128,11.2658052444458,11.236100196838379,11.220423698425293
13.1,12.896089553833008,11.608549118041992,12.273114204406738
11.800000504,11.72631549835205,11.777177810668945,11.723672866821289
12.947711656,12.575435638427734,11.56539535522461,11.83653450012207
11.200000128,11.102499008178711,11.259281158447266,11.231017112731934
11.1,10.761046409606934,10.858787536621094,10.787282943725586
11.300000237,11.988636016845703,11.554657936096191,11.85677433013916
11.300000237,11.136421203613281,12.078636169433594,11.874288558959961
10.702059991,10.461647033691406,10.368127822875977,10.463202476501465
11.200000128,11.083465576171875,10.883724212646484,10.975617408752441
11.200000128,11.053587913513184,10.853302955627441,10.954875946044922
11.1,10.949333190917969,10.630187034606934,10.816191673278809
11.200000128,11.412738800048828,11.719338417053223,11.586089134216309
11.500000186,11.362205505371094,11.43472957611084,11.41978931427002
10.594850022,12.207446098327637,12.170690536499023,12.150739669799805
11.500000186,11.373091697692871,11.40093994140625,11.375751495361328
11.200000128,11.377994537353516,11.330507278442383,11.541954040527344
11.800000504,12.357970237731934,11.955262184143066,12.211196899414062
12.1,12.338762283325195,12.505908012390137,12.438736915588379
11.200000128,11.124430656433105,10.994707107543945,11.049476623535156
13.600038134,13.949100494384766,13.370426177978516,13.790294647216797
13.200015437,13.416658401489258,11.26882266998291,12.730764389038086
11.1,10.960577964782715,10.836004257202148,10.912764549255371
11.900000875,11.82170295715332,11.951563835144043,11.803499221801758
11.25490196,10.705242156982422,10.547505378723145,10.617130279541016
11.1,10.407766342163086,10.35567855834961,10.470253944396973
11.900000875,12.04271125793457,12.054617881774902,12.232585906982422
11.800000504,11.811439514160156,11.800024032592773,11.809168815612793
11.300000237,11.230341911315918,11.343125343322754,11.279747009277344
11.400000202,11.346938133239746,11.404623985290527,11.390304565429688
11.917398841,11.334555625915527,11.514041900634766,11.503342628479004
11.599999679,11.495589256286621,11.464522361755371,11.501276016235352
13.683745544,14.040879249572754,11.411186218261719,12.99376106262207
11.599999679,11.44212818145752,12.401476860046387,11.44571304321289
11.200000128,11.289246559143066,11.535265922546387,11.3712797164917
11.500000186,12.087150573730469,12.519672393798828,12.410270690917969
11.500000186,11.828386306762695,11.996829986572266,11.960379600524902
12.1,12.351259231567383,11.52640151977539,12.040114402770996
11.200000128,11.319101333618164,11.136639595031738,11.205623626708984
14.196910013,14.789663314819336,12.863383293151855,14.379015922546387
11.900000875,11.776333808898926,11.85501766204834,11.83374309539795
11.400000202,11.507817268371582,11.025440216064453,11.22861385345459
12.275223538,12.652441024780273,12.156906127929688,12.445365905761719
11.699999383,10.849452018737793,11.05311107635498,10.974639892578125
11.1,12.433879852294922,11.72874927520752,12.141190528869629
11.800000504,12.894822120666504,12.177390098571777,12.97929573059082
11.300000237,11.350110054016113,11.101069450378418,11.187444686889648
11.1,11.037702560424805,11.729730606079102,11.25472640991211
11.1,10.839900970458984,11.34345817565918,11.043191909790039
11.000000142,10.30370807647705,10.6565523147583,10.382984161376953
11.242667504,10.474278450012207,11.747295379638672,10.77933120727539
11.999998417,11.666794776916504,11.9832763671875,11.933950424194336
12.999629455,13.209413528442383,13.24809455871582,13.482568740844727
11.200000128,11.30447006225586,11.551082611083984,11.46878719329834
11.487216143,11.30274486541748,11.468993186950684,11.217822074890137
10.200000019,10.06384563446045,9.953815460205078,9.989169120788574
13.895880017,12.534055709838867,12.88836669921875,12.886170387268066
13.1,13.731522560119629,13.458222389221191,13.555044174194336
11.1,10.972148895263672,11.668920516967773,11.12481689453125
11.500000186,11.62065601348877,11.558542251586914,11.62220573425293
13.1,14.704755783081055,12.810953140258789,14.30404281616211
11.400000202,11.423018455505371,12.176898002624512,11.900860786437988
11.500000186,11.763936996459961,11.502191543579102,11.735185623168945
11.300000237,11.132282257080078,11.284152030944824,11.117904663085938
11.699999383,11.813446044921875,11.570405006408691,11.73611831665039
11.300000237,11.20467472076416,11.30508804321289,11.209291458129883
11.300000237,11.178032875061035,11.513172149658203,11.402176856994629
11.500000186,11.514972686767578,11.414443016052246,11.50062370300293
11.200000128,11.08750057220459,11.094977378845215,11.06908893585205
11.200000128,11.142297744750977,11.17741870880127,11.172487258911133
13.000008766,12.254966735839844,11.80760669708252,11.984391212463379
13.899970733,13.57620620727539,13.03619384765625,13.433876037597656
12.599996932,11.32396125793457,13.223158836364746,11.696816444396973
11.999998417,12.014217376708984,11.180309295654297,11.557579040527344
11.500000186,11.256753921508789,11.423344612121582,11.322385787963867
11.900000875,11.981157302856445,12.01835823059082,12.010869026184082
11.999998417,11.478952407836914,11.4799222946167,11.596487045288086
12.1,11.80539321899414,12.496395111083984,12.205175399780273
12.599996932,12.78036117553711,12.299732208251953,12.563434600830078
11.800000504,11.657434463500977,11.49435806274414,11.669716835021973
11.900000875,11.896495819091797,11.951447486877441,11.926273345947266
11.900000875,12.004353523254395,12.09683609008789,12.082469940185547
11.200000128,11.095592498779297,11.11359691619873,11.1032075881958
14.1,12.852444648742676,13.77763557434082,13.170212745666504
11.900000875,11.84133243560791,11.757418632507324,11.80426025390625
11.599999679,11.806156158447266,12.295884132385254,11.85033130645752
11.500000186,11.582542419433594,11.360309600830078,11.501310348510742
12.199999035,11.903908729553223,11.791646957397461,12.040635108947754
11.900000875,11.835305213928223,11.772649765014648,11.787920951843262
12.583288122,13.028505325317383,12.32569694519043,12.707382202148438
11.999998417,12.003689765930176,12.498638153076172,12.122448921203613
11.900000875,11.826425552368164,11.733467102050781,11.786433219909668
10.1,10.312877655029297,10.740609169006348,10.381487846374512
11.599999679,11.513754844665527,11.292609214782715,11.455329895019531
11.1,10.839500427246094,11.04029369354248,10.962074279785156
11.500000186,11.308782577514648,11.69489574432373,11.53833293914795
11.500000186,11.277976036071777,11.190583229064941,11.215592384338379
11.400000202,10.36223030090332,10.551789283752441,10.373043060302734
11.1,11.076567649841309,11.023028373718262,11.05759334564209
11.300000237,11.22658634185791,11.259411811828613,11.226202964782715
11.500000186,11.474642753601074,11.480571746826172,11.444300651550293
11.699999383,11.723604202270508,11.647319793701172,11.672985076904297
11.500000186,11.449667930603027,11.223186492919922,11.193799018859863
11.1,10.812604904174805,10.472339630126953,10.617574691772461
12.699997654,12.82440185546875,13.145331382751465,12.955459594726562
11.699999383,11.701309204101562,11.792558670043945,11.900575637817383
13.000008766,12.123355865478516,13.170976638793945,12.560747146606445
11.699999383,11.635879516601562,11.354986190795898,11.484750747680664
11.200000128,11.11707592010498,11.10975456237793,11.113105773925781
11.999998417,12.330595970153809,12.607193946838379,12.440475463867188
11.300000237,11.038774490356445,11.382676124572754,11.042978286743164
14.145757491,14.058504104614258,13.99427318572998,14.333619117736816
11.900000875,11.779088020324707,11.66687297821045,11.730430603027344
11.500000186,11.877775192260742,12.299359321594238,12.036941528320312
11.200000128,11.13454532623291,11.201603889465332,11.192305564880371
9.798970004,9.741373062133789,9.886096954345703,9.782980918884277
11.200000128,11.285478591918945,11.189079284667969,11.276026725769043
11.200000128,11.777817726135254,11.51931381225586,11.720919609069824
14.200179498,12.425416946411133,11.521953582763672,12.45099925994873
11.400000202,11.294238090515137,11.336976051330566,11.274063110351562
13.8000571,12.566028594970703,12.515083312988281,12.508275032043457
11.1,11.259529113769531,11.276175498962402,11.30093002319336
11.119999812,11.082404136657715,11.212783813476562,11.162480354309082
10.702059991,10.557733535766602,12.49757194519043,10.971235275268555
11.900000875,11.941278457641602,12.163479804992676,11.970078468322754
11.200000128,11.12975788116455,11.089170455932617,11.045961380004883
12.499996913,11.645166397094727,11.459183692932129,11.674596786499023
11.699999383,11.729795455932617,11.806373596191406,12.013666152954102
11.999998417,11.673346519470215,12.139974594116211,11.95803451538086
12.702059991,12.919114112854004,13.57009506225586,13.139141082763672
13.399988938,13.937965393066406,13.454243659973145,13.782800674438477
11.800000504,11.285664558410645,11.335885047912598,11.245271682739258
11.599999679,11.155939102172852,10.961751937866211,11.022314071655273
11.200000128,11.16154956817627,11.115194320678711,11.140501976013184
11.1,11.251585960388184,11.2882661819458,11.225798606872559
11.599999679,11.529887199401855,11.61341381072998,11.54934310913086
11.699999383,11.292975425720215,11.260746955871582,11.269495964050293
11.200000128,11.714179039001465,11.327345848083496,11.632781028747559
12.499996913,12.780657768249512,12.225217819213867,12.49998950958252
11.1,10.99864387512207,10.871804237365723,10.938846588134766
11.200000128,11.142946243286133,11.122919082641602,11.131583213806152
11.999998417,12.004369735717773,12.006939888000488,12.004188537597656
11.800000504,11.764192581176758,11.867270469665527,11.80310344696045
12.299998172,12.416193962097168,12.413572311401367,12.50124740600586
11.599999679,11.706476211547852,11.66944694519043,11.689861297607422
11.500000186,11.444971084594727,11.438840866088867,11.438488960266113
11.900000875,11.686375617980957,11.799736022949219,11.743014335632324
11.300000237,11.16196346282959,11.161266326904297,11.154219627380371
12.299998172,11.974181175231934,11.545507431030273,11.706660270690918
11.200000128,11.09809398651123,11.608040809631348,11.130295753479004
11.200000128,11.073065757751465,11.176775932312012,11.09363079071045
13.1,13.047430992126465,12.69119644165039,12.722076416015625
14.058607315,11.688638687133789,12.906627655029297,13.021452903747559
11.300000237,11.510969161987305,12.010665893554688,11.604997634887695
13.600038134,13.671398162841797,13.585528373718262,13.667459487915039
10.685026652,10.252591133117676,10.254315376281738,10.145966529846191
11.200000128,11.071674346923828,11.279479026794434,11.169671058654785
11.800000504,11.702138900756836,11.649209022521973,11.704286575317383
10.622878745,10.298303604125977,11.04906177520752,10.495841026306152
11.900000875,11.750829696655273,11.900627136230469,11.761116981506348
11.699999383,11.209030151367188,11.279272079467773,11.290325164794922
10.923908741,10.783641815185547,10.175036430358887,10.524432182312012
11.500000186,11.333048820495605,11.440197944641113,11.298236846923828
11.999998417,12.142303466796875,12.189973831176758,12.189798355102539
11.900000875,11.95998477935791,11.891820907592773,11.932209968566895
11.300000237,11.16035270690918,11.442619323730469,11.154437065124512
11.999998417,12.198957443237305,11.28249454498291,11.696067810058594
10.300000031,9.988319396972656,9.810914993286133,9.92524242401123
11.400000202,11.406698226928711,11.324892044067383,11.30598258972168
10.200000019,10.298460006713867,11.010838508605957,10.7256441116333
11.699999383,11.819595336914062,11.859382629394531,11.708792686462402
12.154039296,11.370290756225586,12.308311462402344,12.016694068908691
12.199999035,11.67409896850586,11.810314178466797,11.696698188781738
11.500000186,11.947142601013184,11.055323600769043,11.55305290222168
11.900000875,11.74699592590332,11.726811408996582,11.718355178833008
9.401029995999998,9.150585174560547,9.640918731689453,9.406811714172363
11.200000128,11.013642311096191,11.2130126953125,10.986695289611816
11.300000237,11.229599952697754,12.698081970214844,11.611405372619629
11.058607315,11.450223922729492,11.451675415039062,11.462929725646973
10.1,10.07682991027832,10.493555068969727,10.0997314453125
11.300000237,11.335290908813477,11.21823787689209,11.291007995605469
10.1,11.115828514099121,11.20827579498291,11.189109802246094
11.599999679,11.841557502746582,11.781158447265625,11.660202980041504
11.200000128,11.19969654083252,11.2426118850708,11.156644821166992
10.622878745,10.326536178588867,10.57132339477539,10.413057327270508
11.400000202,11.361382484436035,11.17917251586914,11.24555492401123
11.200000128,11.329727172851562,11.281351089477539,11.316619873046875
11.1,10.974228858947754,10.998684883117676,10.872093200683594
11.599999679,11.177102088928223,11.179221153259277,11.207712173461914
12.299998172,12.449507713317871,12.304397583007812,12.390340805053711
11.400000202,11.343772888183594,11.187065124511719,11.281749725341797
11.900000875,12.225543022155762,11.681739807128906,12.21337604522705
11.599999679,11.716256141662598,11.738792419433594,11.63015365600586
12.299998319,13.069865226745605,14.062902450561523,13.896014213562012
11.699999383,12.285774230957031,12.250102043151855,12.41330337524414
12.299998172,12.769552230834961,11.408862113952637,12.400529861450195
13.986056648,14.60071086883545,14.25897216796875,14.422829627990723
11.400000202,11.366302490234375,11.341750144958496,11.381214141845703
11.1,10.906906127929688,11.212142944335938,10.935821533203125
11.200000128,11.250575065612793,11.16529369354248,11.232181549072266
13.048455444,12.86202335357666,13.608657836914062,13.951545715332031
11.300000237,11.245655059814453,11.622570991516113,11.375328063964844
13.699980365,12.81584358215332,12.5890531539917,12.752849578857422
11.200000128,11.099616050720215,12.359678268432617,11.485160827636719
11.500000186,11.561359405517578,11.515697479248047,11.499691009521484
10.798970004,11.517007827758789,11.844832420349121,11.652128219604492
11.900000875,11.910174369812012,11.464980125427246,11.662995338439941
11.400000202,11.438863754272461,11.296285629272461,11.292200088500977
12.399997603,12.112909317016602,12.956499099731445,12.685500144958496
11.400000202,9.900508880615234,11.407045364379883,10.697855949401855
11.900000875,11.97195053100586,11.504374504089355,11.887965202331543
11.1,10.636302947998047,10.679598808288574,10.595049858093262
11.300000237,11.356780052185059,11.751506805419922,11.343695640563965
11.800000504,12.1885347366333,12.126435279846191,12.243699073791504
11.599999679,11.5880126953125,11.735222816467285,11.671284675598145
11.900000875,11.773446083068848,11.45816421508789,11.727617263793945
12.199999035,12.242650985717773,12.327207565307617,12.45529556274414
11.800000504,11.713278770446777,11.822789192199707,11.804374694824219
11.200000128,11.074361801147461,11.156745910644531,11.11057186126709
11.900000875,12.536803245544434,11.7412109375,12.32834243774414
11.200000128,11.330853462219238,11.357355117797852,11.337332725524902
11.800000504,11.708178520202637,12.119650840759277,11.824236869812012
11.599999679,11.421188354492188,11.576138496398926,11.427576065063477
10.300000031,9.787551879882812,9.727096557617188,9.73301887512207
11.900000875,11.929862976074219,11.908336639404297,11.93675708770752
11.200000128,11.021378517150879,11.165764808654785,11.068289756774902
11.900000875,12.836896896362305,12.758906364440918,12.76578140258789
12.28243463,12.614462852478027,10.964933395385742,11.591813087463379
11.800000504,11.812026977539062,11.817381858825684,11.777416229248047
11.1,11.017166137695312,11.392009735107422,11.0982027053833
13.299970641,11.991958618164062,11.592384338378906,11.745691299438477
11.280575573,11.205238342285156,11.243967056274414,11.183874130249023
13.399988938,13.52254867553711,13.173785209655762,13.385051727294922
11.200000128,11.034783363342285,11.084098815917969,11.055648803710938
11.800000504,11.573884963989258,11.729944229125977,11.63028621673584
11.699999383,11.566761016845703,11.23551082611084,11.551789283752441
11.999998417,13.38077449798584,12.562840461730957,13.63936710357666
11.900000875,11.606661796569824,11.130191802978516,11.253358840942383
12.299998172,12.443611145019531,12.547147750854492,12.425271034240723
11.1,11.118982315063477,10.959755897521973,11.061929702758789
12.899998135,13.013298034667969,12.593379974365234,12.803711891174316
11.020818754,10.981751441955566,10.955026626586914,11.011312484741211
11.500000186,11.356339454650879,11.30976390838623,11.323556900024414
11.177758728,11.001331329345703,11.0026216506958,11.011663436889648
11.800000504,11.480257987976074,11.256967544555664,11.330267906188965
11.300000237,11.599977493286133,11.071281433105469,11.33690071105957
10.400000029,10.00934886932373,11.360516548156738,10.272989273071289
11.800000504,11.758912086486816,11.731462478637695,11.736812591552734
11.599999679,11.428324699401855,11.79924201965332,11.51388168334961
11.400000202,11.336950302124023,11.371695518493652,11.339386940002441
13.000008766,13.030311584472656,12.570222854614258,12.944291114807129
11.699999383,11.74764347076416,11.621143341064453,11.679045677185059
13.095678626,12.90905475616455,11.54095458984375,12.507181167602539
11.400000202,11.137807846069336,11.108392715454102,11.250923156738281
11.300000237,11.630189895629883,11.235275268554688,11.64768123626709
10.401029995999998,10.552536964416504,10.772695541381836,10.551730155944824
11.900000875,11.815694808959961,11.677790641784668,11.78010368347168
13.600038134,13.58421516418457,12.28271770477295,13.038070678710938
15.500116928,15.47654914855957,14.314204216003418,15.309755325317383
11.400000202,12.082657814025879,12.729290962219238,12.428865432739258
13.497940009,13.73551082611084,13.493273735046387,13.532902717590332
11.300000237,11.391247749328613,11.058189392089844,11.247579574584961
11.1,11.003052711486816,11.244383811950684,11.119114875793457
11.900000875,11.835251808166504,11.776813507080078,11.789578437805176
11.400000202,11.31041431427002,12.6398344039917,11.599020957946777
12.699997654,13.230751037597656,13.039429664611816,13.125222206115723
11.500000186,11.800703048706055,11.239296913146973,11.707377433776855
10.122276395,9.91038990020752,11.065430641174316,10.2892484664917
11.900000875,12.024558067321777,11.939069747924805,11.969205856323242
14.923908741,15.469719886779785,14.695548057556152,15.431449890136719
11.300000237,11.48226261138916,11.305638313293457,11.346980094909668
11.200000128,11.237457275390625,11.299179077148438,11.32633113861084
12.599996932,12.604458808898926,12.324495315551758,12.54581069946289
11.1,11.08464241027832,11.096339225769043,11.10264778137207
11.900000875,12.070849418640137,12.067506790161133,12.161267280578613
10.622878745,10.469706535339355,10.969391822814941,10.610325813293457
11.800000504,12.065513610839844,11.922947883605957,12.025744438171387
11.900000875,11.921241760253906,11.75614070892334,11.876877784729004
11.800000504,12.074862480163574,11.792830467224121,12.004581451416016
11.200000128,11.159396171569824,11.712254524230957,11.215741157531738
11.400000202,11.90554141998291,12.087329864501953,11.897200584411621
11.1,10.975388526916504,12.051498413085938,11.24836540222168
12.1,12.222051620483398,11.223301887512207,12.23169994354248
11.800000504,11.681339263916016,12.06750774383545,11.887728691101074
14.466531544,13.867517471313477,13.596617698669434,13.827787399291992
11.900000875,11.756754875183105,11.795648574829102,11.760336875915527
12.899998135,12.871971130371094,12.67702579498291,13.204610824584961
11.900000875,11.769124984741211,11.666552543640137,11.816328048706055
11.500000186,10.981393814086914,10.913713455200195,11.018585205078125
10.702059991,10.474296569824219,11.461889266967773,10.520682334899902
11.500000186,11.477656364440918,11.710623741149902,11.623760223388672
11.200000128,11.172416687011719,11.103254318237305,11.135712623596191
11.999998417,11.996234893798828,12.061655044555664,12.030349731445312
12.299998172,11.992380142211914,11.836181640625,11.907086372375488
10.401029995999998,10.166279792785645,11.183450698852539,10.33561897277832
11.200000128,11.113178253173828,11.082250595092773,11.098733901977539
12.499996913,12.698699951171875,12.29574203491211,12.675213813781738
11.400000202,11.56635570526123,11.218400001525879,11.363679885864258
11.200000128,11.089869499206543,11.122674942016602,11.090845108032227
11.900000875,11.741394996643066,11.74970531463623,11.763307571411133
12.299998172,12.89755916595459,11.890111923217773,12.45458698272705
11.999998417,12.060561180114746,12.06882095336914,12.049367904663086
11.999998417,12.14830207824707,12.080428123474121,12.09001636505127
11.1,11.429566383361816,11.694608688354492,11.745588302612305
11.300000237,11.961073875427246,10.963513374328613,11.421051979064941
11.800000504,11.492463111877441,11.905882835388184,11.74872875213623
11.599999679,12.175527572631836,12.189841270446777,12.178794860839844
10.800000069,9.970708847045898,10.223241806030273,10.052833557128906
11.200000128,11.089537620544434,11.15770435333252,11.122292518615723
11.200000128,11.048968315124512,11.01267147064209,11.020111083984375
11.500000186,11.403079986572266,11.464333534240723,11.459317207336426
11.900000875,11.691102027893066,11.520212173461914,11.552600860595703
11.500000186,11.432215690612793,11.24647331237793,11.347063064575195
11.200000128,11.1160306930542,11.625393867492676,11.357278823852539
11.1,10.969847679138184,10.955876350402832,10.879523277282715
11.900000875,11.685813903808594,12.26077651977539,11.889298439025879
11.1,11.595419883728027,12.045303344726562,11.631732940673828
12.899998135,12.681076049804688,11.664340019226074,12.461631774902344
12.900752225,12.282883644104004,11.540055274963379,12.127419471740723
11.200000128,11.062821388244629,11.12389850616455,11.089874267578125
14.622878745,15.07301139831543,14.680057525634766,14.996950149536133
11.200000128,10.707157135009766,11.001493453979492,10.920458793640137
12.799991797,11.548622131347656,12.453010559082031,12.331971168518066
12.199999035,12.282316207885742,12.172855377197266,12.229679107666016
11.500000186,11.70979118347168,12.231142044067383,12.223050117492676
11.999998417,12.295674324035645,11.976386070251465,12.15731430053711
13.299970641,12.94277286529541,11.494059562683105,12.141568183898926
11.500000186,11.552202224731445,11.392374992370605,11.425000190734863
11.1,10.83183765411377,10.872345924377441,10.757164001464844
12.199999035,13.108973503112793,13.199212074279785,13.170012474060059
13.000008766,13.988667488098145,13.847352981567383,14.064334869384766
11.300000237,11.0310640335083,11.771479606628418,11.214925765991211
12.699997654,12.153143882751465,12.211039543151855,12.21778392791748
11.599999679,11.35328483581543,12.829368591308594,11.951226234436035
11.1,11.022164344787598,12.507523536682129,11.228001594543457
14.1,13.578575134277344,13.27832317352295,13.605445861816406
12.299998172,11.99263858795166,13.837244033813477,12.449620246887207
11.900000875,13.055644989013672,13.557493209838867,13.515451431274414
11.1,11.329340934753418,11.461181640625,11.36956787109375
9.798970004,9.867332458496094,9.992196083068848,9.876643180847168
11.500000186,11.751903533935547,11.733292579650879,11.799825668334961
11.699999383,11.723596572875977,11.714781761169434,11.693992614746094
11.300000237,11.059816360473633,11.099329948425293,11.13310432434082
12.798970004,13.996883392333984,11.465519905090332,13.156435012817383
11.401029996,10.914542198181152,11.199230194091797,11.063986778259277
11.200000128,11.261441230773926,11.344573020935059,11.361490249633789
13.1,10.537625312805176,11.049896240234375,11.387655258178711
14.844727495,15.275376319885254,14.805779457092285,15.40962028503418
11.900000875,11.888258934020996,11.92928695678711,11.870366096496582
11.900000875,12.000971794128418,12.037428855895996,12.154486656188965
11.200000128,11.079572677612305,11.128684043884277,11.089524269104004
11.900000875,11.796887397766113,11.719780921936035,11.777099609375
11.900000875,11.86413288116455,11.958240509033203,12.001008033752441
11.1,11.027092933654785,11.021697998046875,11.015825271606445
13.99997427,13.327249526977539,12.249578475952148,12.983251571655273
11.300000237,11.064071655273438,11.273638725280762,11.105539321899414
13.010094889,12.171246528625488,12.175954818725586,12.151939392089844
11.1,11.040928840637207,11.187807083129883,11.162435531616211
11.999998417,12.11187744140625,12.155349731445312,12.131814956665039
11.300000237,11.545967102050781,11.842450141906738,11.677806854248047
12.399997603,12.166379928588867,13.487371444702148,12.768357276916504
11.200000128,11.051636695861816,11.136661529541016,11.034305572509766
11.400000202,11.627389907836914,11.367942810058594,11.442761421203613
11.200000128,11.25079345703125,11.503052711486816,11.362154006958008
14.500116928,14.757404327392578,14.079505920410156,14.580382347106934
11.800000504,11.732793807983398,12.029501914978027,11.768209457397461
12.499996913,12.645392417907715,12.469719886779785,12.575275421142578
11.699999383,11.61523151397705,11.462841033935547,11.566004753112793
11.200000128,11.144296646118164,11.237603187561035,11.128094673156738
11.699999383,11.646470069885254,11.885162353515625,11.882528305053711
11.900000875,11.603286743164062,11.782126426696777,11.863151550292969
11.300000237,10.93212890625,11.681410789489746,11.744665145874023
11.200000128,11.138344764709473,11.3953857421875,11.16599178314209
11.400000202,11.120277404785156,11.11909294128418,10.981607437133789
11.400000202,11.34933853149414,11.43582820892334,11.368791580200195
14.299970641,13.543505668640137,11.04728889465332,11.439849853515625
12.1,10.736198425292969,10.533733367919922,10.524749755859375
11.900000875,12.113426208496094,11.456169128417969,11.931154251098633
11.699999383,11.830692291259766,12.103599548339844,11.826228141784668
11.300000237,11.213418006896973,11.25110149383545,11.230299949645996
11.351811973,10.075544357299805,9.885751724243164,9.990741729736328
11.999998417,11.444510459899902,11.400434494018555,11.385912895202637
11.300000237,11.14425277709961,11.166128158569336,11.202665328979492
11.200000128,11.037839889526367,11.21490478515625,11.062744140625
11.1,10.94552230834961,11.073180198669434,11.01671314239502
11.450000194,11.513654708862305,12.45870590209961,11.58094310760498
13.299970641,13.122949600219727,13.027986526489258,13.118127822875977
11.900000875,11.720161437988281,11.563713073730469,11.592933654785156
14.400162274,12.881491661071777,12.402082443237305,12.715995788574219
12.499996913,11.899188995361328,11.878067016601562,11.642465591430664
11.200000128,11.120040893554688,11.344279289245605,11.259943008422852
10.1,9.692931175231934,9.955764770507812,9.82870101928711
11.999998417,11.126547813415527,10.983467102050781,11.05258846282959
11.555931956,11.299394607543945,11.384151458740234,11.373785972595215
11.200000128,11.362847328186035,11.297908782958984,11.297520637512207
11.699999383,11.816472053527832,12.358004570007324,12.014796257019043
11.200000128,11.217691421508789,11.32533073425293,11.261825561523438
11.200000128,11.162247657775879,11.053450584411621,11.130979537963867
10.520216403,9.887960433959961,10.01338005065918,9.972646713256836
11.1,10.93304443359375,10.974020004272461,10.947368621826172
12.599996932,12.213083267211914,11.951762199401855,12.225669860839844
11.900000875,11.720128059387207,11.727851867675781,11.71994686126709
11.200000128,11.524044036865234,11.568459510803223,11.592507362365723
11.900000875,11.955430030822754,11.83776569366455,11.941953659057617
13.798970004,14.14515209197998,13.259135246276855,14.467183113098145
11.1,11.098875045776367,11.314722061157227,11.161128997802734
11.500000186,11.56889820098877,11.463302612304688,11.527365684509277
11.200000128,11.067808151245117,11.15071964263916,11.068438529968262
11.1,10.629631042480469,10.910428047180176,10.740766525268555
11.500000186,11.51339340209961,11.684468269348145,11.505690574645996
11.699999383,11.63033390045166,12.100520133972168,11.72945499420166
12.499996913,11.712723731994629,11.775160789489746,11.980367660522461
11.999998417,11.117568969726562,11.337000846862793,11.219158172607422
11.200000128,11.354391098022461,10.936056137084961,11.123226165771484
13.99997427,14.05025863647461,12.321765899658203,13.635921478271484
13.699980365,13.141806602478027,12.793936729431152,13.127159118652344
12.1,12.33447265625,12.505646705627441,12.767114639282227
11.500000186,11.022660255432129,10.978229522705078,11.00463581085205
11.599999679,11.62137222290039,11.140939712524414,11.550920486450195
11.300000237,11.326285362243652,11.359406471252441,11.344232559204102
11.300000237,11.66793441772461,11.202033042907715,11.565709114074707
11.300000237,12.588605880737305,12.684826850891113,12.585391998291016
12.1,12.155137062072754,10.026727676391602,11.031868934631348
11.400000202,11.281925201416016,12.029356956481934,11.512969017028809
11.900000875,11.840943336486816,11.879817008972168,11.883946418762207
11.800000504,11.796809196472168,11.770730018615723,11.834602355957031
11.599999679,11.31330680847168,11.43261432647705,11.364861488342285
11.200000128,11.007240295410156,10.98565673828125,10.978361129760742
11.568521083,11.841161727905273,13.870511054992676,12.519838333129883
12.1,12.446128845214844,11.975921630859375,12.245351791381836
11.500000186,11.52200698852539,11.313493728637695,11.451665878295898
11.900000875,12.526113510131836,11.125263214111328,11.65333080291748
11.900000875,11.831088066101074,11.936518669128418,11.914658546447754
12.299998172,12.778369903564453,12.684491157531738,12.705318450927734
11.500000186,11.738913536071777,12.645232200622559,12.182058334350586
11.800000504,11.774269104003906,11.839877128601074,11.800857543945312
11.900000875,11.772747039794922,12.124045372009277,11.881489753723145
11.699999383,11.362288475036621,11.172627449035645,11.232515335083008
13.8000571,13.91812515258789,13.626980781555176,14.159404754638672
11.900000875,11.86113166809082,11.82470989227295,11.853804588317871
11.900000875,11.878915786743164,12.054643630981445,11.917372703552246
11.200000128,11.163797378540039,11.163019180297852,11.17165756225586
11.1,11.01657485961914,11.320601463317871,11.046082496643066
11.599999679,11.303976058959961,11.062337875366211,11.157065391540527
11.900000875,12.081353187561035,12.035181999206543,12.094882011413574
11.999998417,12.127395629882812,12.328246116638184,12.195497512817383
11.900000875,11.639324188232422,11.409305572509766,11.464081764221191
14.200179498,14.808018684387207,12.052889823913574,14.642522811889648
11.500000186,11.935245513916016,11.413336753845215,11.328497886657715
12.399997603,11.629196166992188,11.275171279907227,11.435288429260254
11.300000237,11.230020523071289,11.307493209838867,11.39692497253418
11.900000875,12.058053016662598,11.885252952575684,12.16032886505127
11.699999383,11.750184059143066,11.981459617614746,11.601082801818848
10.1,9.822378158569336,9.989350318908691,9.878649711608887
11.710108639,11.846186637878418,11.796979904174805,11.818939208984375
11.500000186,11.756477355957031,11.672301292419434,11.644207000732422
11.200000128,12.437601089477539,11.299283981323242,11.722827911376953
12.1,12.085142135620117,11.8859281539917,11.88042163848877
11.699999383,12.058162689208984,11.719225883483887,11.911051750183105
11.884775977,11.809650421142578,11.871463775634766,11.834700584411621
11.400000202,11.990880966186523,11.780762672424316,11.969139099121094
13.344125144,11.649863243103027,11.787303924560547,11.769632339477539
10.702059991,10.44047737121582,10.376091957092285,10.447919845581055
13.899970733,14.365385055541992,13.522059440612793,14.22225570678711
11.900000875,12.652729988098145,11.779411315917969,12.282096862792969
11.400000202,11.297983169555664,11.28407096862793,11.285636901855469
11.800000504,11.53380298614502,11.50964641571045,11.503077507019043
11.1,10.338666915893555,10.692442893981934,10.381314277648926
11.999998417,12.03098201751709,11.908169746398926,12.010655403137207
11.200000128,11.330541610717773,11.036150932312012,11.045633316040039
11.1,11.338919639587402,11.221153259277344,11.283477783203125
11.999998417,11.546184539794922,12.903902053833008,11.91919231414795
11.500000186,11.268233299255371,12.262850761413574,11.428812980651855
11.1,11.746769905090332,11.114995956420898,12.027238845825195
11.400000202,11.30767822265625,11.295586585998535,11.259618759155273
12.499996913,13.646829605102539,13.252764701843262,13.673236846923828
11.599999679,11.556169509887695,11.204886436462402,11.369525909423828
11.900000875,12.078707695007324,11.96593189239502,12.028115272521973
11.900000875,11.798788070678711,11.813446998596191,11.793404579162598
10.798970004,10.205153465270996,10.288930892944336,10.198869705200195
11.500000186,11.24210262298584,11.404500961303711,11.33643913269043
11.599999679,12.351722717285156,11.768512725830078,11.968660354614258
11.900000875,12.557762145996094,11.425930976867676,12.017578125
11.999998417,12.17658519744873,12.032596588134766,12.182015419006348
11.300000237,11.381705284118652,11.408014297485352,11.418275833129883
11.999998417,11.317355155944824,11.298896789550781,11.310077667236328
11.668636236,13.70118236541748,12.758739471435547,13.448841094970703
13.399988938,13.264045715332031,12.851229667663574,13.252342224121094
11.200000128,11.117315292358398,11.160703659057617,11.16699504852295
11.300000237,11.23576831817627,11.340386390686035,11.151717185974121
12.1,12.333516120910645,13.135564804077148,12.684063911437988
11.1,11.021203994750977,11.110485076904297,11.029083251953125
11.599999679,11.514476776123047,11.838150024414062,11.762154579162598
11.400000202,11.649059295654297,11.08768081665039,11.578503608703613
11.500000186,11.748635292053223,11.577329635620117,11.695418357849121
9.921023053,9.713024139404297,9.922818183898926,9.769402503967285
12.899998135,13.358941078186035,12.64710807800293,12.877403259277344
11.300000237,11.654465675354004,11.711187362670898,11.59755802154541
11.900000875,11.788979530334473,11.795092582702637,11.760560035705566
12.399997603,11.171719551086426,10.957715034484863,10.997809410095215
11.599999679,11.428694725036621,11.489799499511719,11.456337928771973
10.401029995999998,10.04324722290039,11.54353141784668,10.088163375854492
11.699999383,11.566034317016602,11.40574836730957,11.46196174621582
11.900000875,12.778837203979492,12.554791450500488,12.757997512817383
12.199999035,12.096673965454102,12.1813325881958,12.126575469970703
11.200000128,11.460851669311523,12.083123207092285,11.771346092224121
11.200000128,11.155658721923828,11.146340370178223,11.12173080444336
11.900000875,12.022457122802734,11.87221622467041,11.990655899047852
11.300000237,11.278685569763184,11.163378715515137,11.265155792236328
12.32184875,12.545120239257812,14.069976806640625,13.277826309204102
12.359378467,11.943964958190918,12.019421577453613,11.925090789794922
11.174988111,11.090176582336426,11.602241516113281,11.300997734069824
10.224938737,9.898577690124512,10.073738098144531,9.896265983581543
12.199999035,11.22807788848877,11.222228050231934,11.240250587463379
11.500000186,11.265257835388184,11.193978309631348,11.245940208435059
11.300000237,11.15101432800293,12.986881256103516,11.382000923156738
13.200015437,13.664849281311035,11.624220848083496,13.157477378845215
11.400000202,11.338271141052246,11.457292556762695,11.34688663482666
11.699999383,11.71308708190918,11.661513328552246,11.683222770690918
11.900000875,11.832037925720215,11.768365859985352,11.805572509765625
11.800000504,11.779810905456543,11.775614738464355,11.777796745300293
11.699999383,12.106298446655273,11.83651351928711,11.70754337310791
11.800000504,11.624387741088867,11.976825714111328,11.837873458862305
11.900000875,11.304132461547852,11.91396713256836,11.65411376953125
11.999998417,12.611159324645996,11.292920112609863,12.183172225952148
11.500000186,11.558958053588867,11.391331672668457,11.527910232543945
11.500000186,11.539430618286133,11.17927074432373,11.472009658813477
10.401029995999998,10.233891487121582,10.180912017822266,10.209257125854492
11.1,11.77692985534668,10.769511222839355,11.645565032958984
11.1,10.500407218933105,10.558205604553223,10.504447937011719
10.596209317,10.926068305969238,11.168981552124023,10.997356414794922
11.300000237,11.35704517364502,11.785799026489258,11.563041687011719
11.699999383,12.251964569091797,12.443772315979004,12.422558784484863
11.200000128,11.649652481079102,11.966754913330078,11.639592170715332
11.300000237,11.597938537597656,11.93127155303955,11.674444198608398
13.399988938,14.004244804382324,13.024395942687988,13.581031799316406
11.400000202,11.302419662475586,11.185356140136719,11.22970199584961
14.200179498,14.139867782592773,13.298782348632812,13.938817024230957
13.600038134,14.128090858459473,14.034722328186035,14.217816352844238
11.300000237,11.280120849609375,11.454957962036133,11.365425109863281
11.300000237,11.181147575378418,11.85581111907959,11.30166244506836
11.599999679,11.060112953186035,11.072145462036133,11.048579216003418
13.699980365,12.683746337890625,12.579017639160156,12.75207233428955
11.900000875,12.031375885009766,11.687538146972656,11.957108497619629
11.543697499,11.841202735900879,11.398118019104004,11.789588928222656
11.1,11.026007652282715,11.260221481323242,11.174813270568848
11.300000237,11.323309898376465,11.710311889648438,11.50003433227539
11.500000186,11.606192588806152,11.801761627197266,11.791725158691406
11.900000875,11.717218399047852,11.643818855285645,11.59762191772461
11.900000875,11.74106216430664,11.731201171875,11.718204498291016
11.1,11.060648918151855,13.790365219116211,12.088796615600586
11.999998417,11.170272827148438,11.268131256103516,11.224495887756348
13.99997427,13.486748695373535,13.404945373535156,13.350592613220215
11.400000202,11.33975887298584,11.238675117492676,11.300981521606445
13.899970733,14.400773048400879,13.151726722717285,14.003589630126953
11.900000875,11.841314315795898,11.943021774291992,12.142945289611816
11.702059991,11.26771354675293,12.529389381408691,12.1281099319458
11.500000186,11.612478256225586,11.247515678405762,11.615666389465332
11.200000128,11.088092803955078,11.024801254272461,11.050992012023926
11.1,10.966781616210938,11.2864990234375,10.97126293182373
10.300000031,10.273088455200195,10.984212875366211,10.489686965942383
11.300000237,11.163545608520508,11.155198097229004,11.131194114685059
11.401029996,11.407979965209961,11.235860824584961,11.323840141296387
11.300000237,11.5904541015625,12.35605239868164,11.754392623901367
11.200000128,10.99380874633789,11.312399864196777,11.16124439239502
11.599999679,11.009315490722656,11.064498901367188,11.03518009185791
11.800000504,11.7053804397583,11.775386810302734,11.731972694396973
11.800000504,13.055157661437988,11.919589042663574,12.480428695678711
11.500000186,11.44717788696289,11.422472953796387,11.428670883178711
11.400000202,11.198290824890137,11.30118465423584,11.188745498657227
11.400000202,11.389034271240234,11.221613883972168,11.293354988098145
11.999998417,11.981548309326172,12.064963340759277,12.168128967285156
11.300000237,11.138538360595703,11.117874145507812,11.105618476867676
11.400000202,12.97211742401123,11.468461990356445,12.119579315185547
11.699999383,11.648780822753906,11.96202564239502,11.8203706741333
11.900000875,11.796921730041504,12.133955955505371,11.843316078186035
11.800000504,11.549418449401855,11.776688575744629,11.652713775634766
11.000000142,10.668476104736328,11.333093643188477,11.025835037231445
11.200000128,10.91732406616211,11.108040809631348,10.956526756286621
11.999998417,11.670531272888184,12.253291130065918,11.881956100463867
11.1,11.114367485046387,11.181707382202148,11.159187316894531
11.900000875,11.83452033996582,11.494904518127441,11.777947425842285
11.699999383,12.319536209106445,12.87899398803711,12.558192253112793
11.800000504,11.94674015045166,12.089311599731445,11.980889320373535
11.300000237,11.485974311828613,11.158576011657715,11.317373275756836
11.200000128,10.994513511657715,11.234886169433594,11.036067962646484
12.351811973,12.46231746673584,12.866400718688965,12.595637321472168
11.699999383,11.7091646194458,12.136013984680176,11.820489883422852
11.1,11.150457382202148,11.175237655639648,11.170166015625
11.900000875,11.956536293029785,12.092584609985352,11.972099304199219
10.497940009,10.179981231689453,10.435738563537598,10.165665626525879
12.1,11.291172981262207,11.446744918823242,11.288082122802734
11.699999383,11.503204345703125,12.163716316223145,11.796096801757812
11.599999679,12.805671691894531,11.201517105102539,12.274118423461914
14.901342913,14.125642776489258,13.663541793823242,14.42359733581543
11.200000128,12.16573715209961,11.818672180175781,12.197615623474121
11.1,10.283951759338379,11.695076942443848,10.726768493652344
11.900000875,11.930459022521973,12.555830955505371,12.313867568969727
13.299970641,12.662286758422852,11.673782348632812,11.919770240783691
11.200000128,11.226191520690918,11.477603912353516,11.318232536315918
11.500000186,11.609972953796387,11.943596839904785,11.748152732849121
10.702059991,10.619216918945312,11.568172454833984,10.825830459594727
13.1,12.59138011932373,12.656243324279785,12.925650596618652
11.900000875,11.94700813293457,12.207780838012695,12.07259464263916
11.900000875,11.73326301574707,11.78494644165039,11.789091110229492
11.300000237,11.652219772338867,12.424707412719727,11.789446830749512
11.900000875,11.82033920288086,11.728740692138672,11.711148262023926
11.1,11.010446548461914,10.89661693572998,10.98703670501709
11.500000186,11.473206520080566,11.833349227905273,11.620604515075684
11.192051478,10.0680570602417,11.95702838897705,10.451322555541992
11.200000128,11.0653657913208,11.15980339050293,11.17280101776123
12.199999035,11.199667930603027,11.700004577636719,11.502592086791992
10.400000029,10.04638671875,10.853397369384766,10.285361289978027
11.800000504,11.466535568237305,11.28576374053955,11.25512409210205
14.500116928,14.742307662963867,14.8095703125,14.875398635864258
11.800000504,12.36906623840332,12.794456481933594,12.949995040893555
11.500000186,11.393165588378906,11.137394905090332,11.33415412902832
12.299998172,12.031269073486328,13.892005920410156,13.011857032775879
11.1,11.169275283813477,11.242490768432617,11.195113182067871
11.200000128,10.981722831726074,11.236720085144043,11.055724143981934
11.800000504,11.706303596496582,11.617918968200684,11.718474388122559
11.1,10.987706184387207,11.082756996154785,10.992634773254395
13.200015437,13.773823738098145,13.70654582977295,13.882468223571777
11.500000186,11.330964088439941,11.203632354736328,11.274709701538086
11.699999383,11.616654396057129,11.902668952941895,11.777656555175781
11.200000128,11.050029754638672,11.051447868347168,11.059349060058594
11.900000875,11.76271915435791,11.765719413757324,11.816632270812988
12.699997654,13.57337760925293,13.167396545410156,13.874773025512695
11.599999679,11.8668212890625,11.483426094055176,11.556645393371582
11.200000128,11.056203842163086,11.023093223571777,11.031301498413086
11.400000202,11.236150741577148,11.26893424987793,11.20651912689209
11.400000202,11.11715030670166,10.999403953552246,11.048182487487793
11.599999679,11.632740020751953,12.416900634765625,12.002161979675293
11.500000186,11.687138557434082,11.4131441116333,11.51307201385498
11.200000128,11.136052131652832,11.132108688354492,11.159636497497559
11.500000186,11.27791976928711,10.59412956237793,11.05866813659668
11.400000202,11.295733451843262,11.198877334594727,11.23818588256836
