test_row,protein_length,affinity,compound_iso_smiles,target_sequence_sha256,archived_prediction,fresh_prediction,fresh_minus_archived
3726,215,11.1,C1CCOC2=CC(=C(C=C2NC(=O)NC3=CN=C(C(=N3)OCC1)C#N)Cl)OCCCO,feabc8446b38eabaabc0a48cb14d267357eac67b24b71ffc1835dd2abac6ab14,11.390406608581545,11.391441345214844,0.001034736633299005
3048,313,11.1,CC(=O)N1CCC(CC1)NC2=NC=C3CCC4=C(C3=N2)N(N=C4C(=O)N)C,c2d67004403cc5eab573dc776dd469ea460796b53c51aa5276867c8d25b04a46,11.20577907562256,11.205418586730957,-0.00036048889160333886
5608,350,11.1,CC(C)C1=NN=C2N1C=C(C=C2)C3=C(N=CO3)C4=CC(=C(C=C4F)F)F,eb840b9a76dffec202e489f9b566ffb3d8c0e577c03d8128351c824c3950bca7,11.088141441345217,11.088471412658691,0.00032997131347478614
834,367,13.200015437,C1=CC(=CC=C1C2=CC(=CC(=C2O)CNC(=O)C(F)(F)F)NC3=NC=NC(=N3)N)Cl,84750c804b7bfaa9857850ecef23aee009e3c1326d30eacf3c7fdd4434940ae8,14.163080215454102,14.165688514709473,0.0026082992553710938
5671,400,11.500000186,C1=CC2=NC=C(C=C2C=C1C3=CC=NC=C3)O,679986c39e4cb9599dc08211bd0f7b4941586aff6eabbf20148fcc35d02c21f4,11.614246368408203,11.613086700439453,-0.00115966796875
1996,420,11.58148606,C1=CC(=CC(=C1)Cl)C2=CNNC2=C3C=C(N=C3)C(=O)NC(CO)C4=CC(=C(C=C4)F)Cl,2ca842f3e7a01314833c340d495dc171c89dca6271a7cf89edb90e6194b06fa3,11.50477695465088,11.506362915039062,0.0015859603881818174
5896,450,10.622878745,C1=CC(=CC(=C1)C(F)(F)F)C(=O)NC2=CC(=C(C=C2)Cl)C(=O)NC3=CC(=C(N=C3)N)Cl,7c626d67b7728183c647d3ec913c34061573b652086f8b9b634c7cfd9be034a0,11.427985191345217,11.429130554199219,0.00114536285400213
3030,473,11.900000875,C1=CC(=CC(=C1)F)NC(=O)NC2=CC=C(C=C2)C3=CSC4=C3C(=NC=C4)N,528542a10fef0b8a0f93112ede0727889adc00b81a2b3f9391b82d79d775531a,11.952457427978516,11.953457832336426,0.0010004043579101562
1460,488,11.900000875,C1=CC2=C(C=C1C3=CC=NC=C3)N(C=C(C2=O)C(=O)N)C4=C(C=C(C=C4)O)Cl,58956edc77f669206b19d768b4e6e6d36a36d11d09aab0fbef799e909bdb039f,11.87975025177002,11.879955291748047,0.00020503997802734375
1400,509,13.1,C1=CC(=CC=C1C2=CSC3=C2C(=NC=C3C4=CN(N=C4)CCO)N)NC(=O)NC5=CC=C(C=C5)OC(F)F,7c2a7bcf3a9e687a4734d149429648beaeb58a4936962328b18c1fd4d5c90203,13.940874099731444,13.943495750427246,0.0026216506958025576
3376,543,10.685026652,CC(C1=C(C=CC(=C1Cl)F)Cl)OC2=CC3=CC(=CN=C3C=C2)C=CC(=O)N,346cb787e598f5e4716e72b52876c6d754b1a6dab9ed0f94e7677f3b5738d813,10.254868507385254,10.252457618713379,-0.002410888671875
1907,588,12.899998135,CC1=CC(=CC=C1)NC2=NC(=CN=C2C(=O)N)NC3CCCCC3N,dac286728e6e8f7fab2f5b0b3a3c663c7f04b01c5d8cd5872b6b184824e3c6f9,13.86244773864746,13.869253158569336,0.006805419921876776
4017,629,12.499996913,C1=CC=C(C(=C1)C(=O)O)NC2=NC(=NC=C2)NC3=CC=C(C=C3)[N+](=O)[O-],5bda1d18e5cf5b978cb1370cc64ed4f9a3a1129f104ea722fe7eccef5ec85ff1,13.019372940063477,13.02603816986084,0.006665229797363281
3821,671,11.800000504,C1=CC=C(C=C1)C2=CNC3=NC=C(C=C23)NC(=O)C4=C(C=CC=C4F)F,302cee0ea5d836a035a435c47963b1f5c713d909486a412fd74929f18d3298d7,11.683685302734377,11.682964324951172,-0.0007209777832049014
1956,725,11.500000186,C1=CC(=C(C=C1C2=C(C=NN2)C3=NC=NC=C3)Cl)Cl,84ef87007bc4953586dbc59ff06bf423f4c8d790ecaf87c0264ce09c00229a34,11.34465789794922,11.344012260437012,-0.0006456375122088076
2158,763,12.499996913,C1=CC(=C(C=C1F)F)C2=CN=CC3=C2C=C(S3)C(=O)N,ca8783b8053e1373c8358af24d59933449f4a63bbae1a5f44f9b3c81490c6c7f,12.552085876464844,12.551907539367676,-0.00017833709716796875
3718,816,11.144793462,C1COCC1N2C3=C(C(=N2)C4=CC(=C(C=C4)F)O)C(=NC=N3)N,3a907161380a3873709de6342dec9a9f21704b79ca62369479ec8a3fc313a2d8,10.614319801330566,10.615213394165039,0.0008935928344726562
1224,864,11.699999383,C1=CC(=CC(=C1)F)NC(=O)NC2=CC=C(C=C2)C3=CC4=C(C=C3)C=NN4,f8ee24a43bff700620ee6d489592c110b5897c7ee694aea1965b46264c679d9f,11.891186714172363,11.891407012939453,0.00022029876708984375
2676,972,10.300000031,C12=C(NN=C1N=C(S2)Cl)N,52b1cbc0ca3474810cb7949467e3a5a2851350643eb734f1c33aaca65b4a6fe4,9.993450164794922,9.992752075195312,-0.000698089599609375
5105,1052,11.900000875,C1=CC(=C2C=NSC2=C1)C3=CC=C(C=C3)NC(=O)NC4=CC(=C(C=C4)F)C(F)(F)F,673a5ff1e9eb71e9f4ce597ab556006ebebba414fa71bbe2287e813bbd3ddf7e,12.001473426818848,11.999260902404785,-0.0022125244140625
3716,1124,10.300000031,C1=CC(=CC(=C1)F)CNC2=NC=NC3=C2NC=N3,18a68eca96f64db10c5b38e1f1bf1b013e7dd5091fad780578010a93474da833,9.78431510925293,9.785115242004395,0.0008001327514648438
3674,1255,11.900000875,C1=CC(=CC(=C1)F)C2=CN=CC3=C2C=C(S3)C(=O)N,a5f256fc653515d110f6dd48ad55b8ea21bf6d45af33b7f5c182c6c31455b636,11.927131652832031,11.927642822265625,0.00051116943359375
1944,1374,10.622878745,CC(C)(C)C1=CC(=C(S1)NC(=O)NC2=C(C(=CC=C2)Cl)Cl)C(=O)N3CCC(=O)N(CC3)CCN(C)C,acb6bfceb028a3ae5829248426f3ea5eb5863b320d20d32d78a5fa3bcb55f7fe,10.091482162475586,10.089698791503906,-0.0017833709716796875
1036,4128,10.1,C1CCC(C1)N2C3=C(C(=N2)C4=CC5=C(C=C4)NC(=O)C=C5)C(=NC=N3)N,0b73a9ecfe713d096e2570931e596b9d42e47a4359a3d72144f02dde6c361636,10.339829444885254,10.3392915725708,-0.000537872314453125
