ident,smiles,label,vina,deepdta_ibam,ecfp_nearest_active,ecfp_full_panel_reference
CHEMBL268868,O=c3[nH]c(=O)c4cc(Nc1ccccc1)c(Nc2ccccc2)cc34,1,8.969,11.284513,0.27906976744186046,0.27907
CHEMBL470011,Fc5ccc(Nc3ncnc4nc(Nc2ccc(CN1CCCCC1)cc2)sc34)cc5Cl,1,8.229,12.695122,0.9814814814814815,0.981481
CHEMBL7827,Oc3cc(O)c2c(=O)c(c1cccc(Cl)c1)coc2c3,1,9.029,11.794482,0.4126984126984127,0.412698
CHEMBL337026,CN[C@H]1C[C@@H]4O[C@](C)([C@H]1OC)n3c2ccccc2c8c3c6n4c5ccccc5c6c7c(=O)[nH]c(=O)c78,1,10.882,13.214447,0.7910447761194029,0.791045
CHEMBL193544,CN5CCC(Oc3cccc4ncnc(Nc2ccc(OCc1ccccn1)c(Cl)c2)c34)CC5,1,8.571,14.563855,0.7746478873239436,0.774648
CHEMBL26641,COc3cc2c(Nc1ccc(Br)cc1F)ncnc2cc3OCCC4CCNCC4,1,7.766,11.091473,0.6197183098591549,0.619718
CHEMBL372523,CCc5c(NC(=O)OCc1ccccc1)cn6ncnc(Nc4ccc3n(Cc2ccccc2)ncc3c4)c56,1,9.072,12.529114,0.6179775280898876,0.617978
CHEMBL565714,CCC5=C1C(N=CN=C1Nc4ccc3n(Cc2ccccc2)ncc3c4)N=C5NC(=O)OCCN6CCNCC6,1,8.507,12.16124,0.8554216867469879,0.855422
CHEMBL379001,COc4cc3CNc2c(N[C@H](C)c1ccccc1)ncnc2Nc3cc4OC,1,7.784,10.826624,0.4084507042253521,0.408451
CHEMBL470219,Fc5ccc(Nc3ncnc4nc(Nc2ccc(CN1CCCC1)cc2)sc34)cc5Cl,1,8.385,14.136031,0.9814814814814815,0.981481
CHEMBL433305,C1CCc3c(C1)[nH]c4ncnc(Nc2ccccc2)c34,1,8.055,10.700108,0.4107142857142857,0.410714
CHEMBL1090357,CN(C)CCc6ccc(Nc5nccc(c3c(c2cccc(NC(=O)c1c(F)cccc1F)c2)nc4sccn34)n5)cc6,1,9.688,14.037254,0.21495327102803738,0.214953
CHEMBL516979,COC[C@H]4Oc3cc2ncnc(Nc1cccc(I)c1)c2cc3O[C@@H]4COC,1,7.374,14.457502,0.4117647058823529,0.411765
CHEMBL116547,COc3cc(\C=C(/C#N)C(=O)c1ccc(O)c(O)c1)cc(CSCc2ccccc2)c3O,1,7.866,11.056007,0.4,0.4
CHEMBL508760,Clc5cc(Nc3ncnc4cc(C#C[C@@H]2C[C@@H](OC(=O)N1CCOCC1)CN2)sc34)ccc5OCc6cscn6,1,8.209,12.881674,0.7446808510638298,0.744681
CHEMBL45827,CCN(CC)CCCCNc3ncc2cc(c1c(Cl)cccc1Cl)c(NC(=O)NC(C)(C)C)nc2n3,1,7.114,12.667224,0.5294117647058824,0.529412
CHEMBL90541,COc4cc3ncnc(Nc2nnc1ccccc1n2)c3cc4OC,1,8.351,11.694683,0.6666666666666666,0.666667
CHEMBL592466,Oc3ccc(CN(Cc1cccc(Cl)c1O)C(=S)Nc2ccccc2)cc3,1,7.602,13.314181,0.24,0.24
CHEMBL522134,Cc3cccc(Cc1ncnc2ccc(NC(=O)C=C)cc12)c3,1,8.631,11.100569,0.484375,0.484375
CHEMBL168366,Oc3ccc(O)c(CNc2ccc(O)c(C(=O)OCCc1ccccc1)c2)c3,1,8.152,11.665554,0.625,0.625
CHEMBL53203,C=CC(=O)Nc4ccc3ncnc(Nc2ccc(Oc1ccccc1)cc2)c3c4,1,8.004,11.172199,0.5,0.5
CHEMBL63356,Oc3cc2cc(c1cccnc1)cnc2cc3O,1,7.951,10.721868,0.25,0.25
CHEMBL566337,CCC5=C1C(N=CN=C1Nc4ccc3n(Cc2ccccc2)ncc3c4)N=C5NC(=O)OCCn6ccnc6,1,8.581,11.529774,0.7701149425287356,0.770115
CHEMBL1173655,CN(C)C/C=C/C(=O)Nc3cc2c(Nc1ccc(F)c(Cl)c1)ncnc2cc3O[C@H]4CCOC4,1,8.064,14.053029,0.5376344086021505,0.537634
CHEMBL245996,COc5cc4ncc(C#N)c(N[C@@H]1C[C@H]1c3ccc(Oc2ccccc2)cc3)c4cc5OC,1,8.213,11.983594,0.746031746031746,0.746032
CHEMBL186580,COc4cc3ncnc(Nc2cc(NC(=O)c1ccccc1)c(F)cc2F)c3cc4OC,1,9.333,13.118299,0.47540983606557374,0.47541
CHEMBL246687,N[C@H]6CCN(Cc4ccn5ncnc(Nc3ccc2n(Cc1cccc(F)c1)ncc2c3)c45)C6,1,9.523,12.638962,0.8266666666666667,0.826667
CHEMBL135853,COc3cc2ncnc(Oc1cccc(Cl)c1)c2cc3OC,1,7.916,12.793272,0.41818181818181815,0.418182
CHEMBL162981,Brc4cccc(Nc2ncnc3cnc(NCCCn1ccnc1)cc23)c4,1,8.116,12.762933,0.7121212121212122,0.712121
CHEMBL312753,OCc5ccc(c4cc3ncnc(Nc2ccc1[nH]ccc1c2)c3s4)cc5,1,8.901,12.305615,0.6619718309859155,0.661972
CHEMBL251125,CCOc4cc3ncnc(C#Cc1c[nH]nc1c2ccc(F)cc2)c3cc4OCC,1,8.774,12.215425,0.45454545454545453,0.454545
CHEMBL387187,FC(F)(F)c4cccc(Nc3cc(Nc2cccc(NC(=O)C1CC1)c2)ncn3)c4,1,8.358,12.233989,0.3559322033898305,0.355932
CHEMBL293749,Oc2ccc(\C=C(/C#N)C(=O)NCCc1ccccc1)cc2O,1,7.884,11.734571,0.8695652173913043,0.869565
CHEMBL231875,Fc6cccc(Cn4ncc5cc(Nc2ncnn3ccc(CN1CCNCC1)c23)ccc45)c6,1,8.241,12.571061,0.8513513513513513,0.851351
CHEMBL304442,O=C(CCCC(=O)Oc1ccc(/C=C/N(=O)=O)cc1)Oc2ccccc2,1,6.575,11.42546,0.6666666666666666,0.666667
CHEMBL169390,Nc3ncnc4n(C1CCCC1)cc(c2cccc(O)c2)c34,1,8.9,11.542561,0.9555555555555556,0.955556
CHEMBL138940,Fc4ccc(Nc2ncnc3cnc(NC(=O)/C=C/C(=O)NCCCN1CCOCC1)cc23)cc4Cl,1,8.24,13.413971,0.6794871794871795,0.679487
CHEMBL24133,COc3cc2c(Nc1ccc(Cl)cc1F)ncnc2cc3OCCCN4CCCC4,1,7.479,12.933713,0.8095238095238095,0.809524
CHEMBL417478,Fc4ccc(Nc2ncnc3cc(\C=C\CCN1CCOCC1)c(NC(=O)C=C)nc23)cc4Cl,1,8.25,14.404493,0.7721518987341772,0.772152
CHEMBL97162,COc4nccc(c2c(c1ccc(F)cc1)ncn2C3CCC(O)CC3)n4,1,8.426,12.591795,0.2602739726027397,0.260274
CHEMBL202556,Fc4ccc(Nc2ncnc3cnc(NC(=O)C#CCN1CCOCC1)cc23)cc4Cl,1,8.914,11.971662,0.726027397260274,0.726027
CHEMBL56731,Oc2ccc(\C=C(/C#N)C(=O)Nc1ccccc1)cc2O,1,8.182,11.97056,0.6511627906976745,0.651163
CHEMBL475768,CS(=O)(=O)CCNCc5ccc(c4cc3ncnc(Nc2ccc(OCc1cccc(F)c1)c(Cl)c2)c3s4)o5,1,8.054,14.686191,0.8192771084337349,0.819277
CHEMBL513418,NS(=O)(=O)c4ccc(Nc3nc2ncnc(Nc1cccc(Cl)c1)c2s3)cc4,1,8.078,14.378883,0.4782608695652174,0.478261
CHEMBL195204,CN5CCC(Oc3cccc4ncnc(Nc2ccc(OCc1cscn1)c(Cl)c2)c34)CC5,1,8.222,12.717965,0.7746478873239436,0.774648
CHEMBL204420,COc3cc2ncnc(Nc1cccc(Cl)c1F)c2cc3CN4CCN(C)CC4C(N)=O,1,9.153,13.798096,0.782051282051282,0.782051
CHEMBL204268,COc4cc(OC1CCOC1)c3c(Nc2ccc(F)c(Cl)c2)ncnc3c4,1,8.811,14.683264,0.6901408450704225,0.690141
CHEMBL293584,Oc2cc1CCC(=C(C#N)C#N)c1cc2O,1,7.381,10.792953,0.25,0.25
CHEMBL217090,Clc2ccc1OCOc1c2Nc5ncnc6cc(OCCCN3CCCC3)cc(OC4CCOCC4)c56,1,8.397,12.235112,0.6046511627906976,0.604651
CHEMBL205776,CN5CCN(CCCOc4cc(OC1CCOCC1)c3c(Nc2ccc(F)c(Cl)c2)ncnc3c4)CC5,1,9.134,13.708413,0.6666666666666666,0.666667
CHEMBL506414,Fc5cccc(COc4ccc(Nc2ncnc3sc(c1cccs1)cc23)cc4Cl)c5,1,8.788,14.298319,0.7846153846153846,0.784615
CHEMBL55729,Nc2ccc1cncnc1c2,1,5.475,10.718938,0.25,0.25
CHEMBL574738,CCN4CCN(Cc3ccc(NC(=O)Nc2ccc(Oc1cc(NC)ncn1)cc2)cc3C(F)(F)F)CC4,1,7.898,11.969469,0.2872340425531915,0.287234
CHEMBL247916,NC6CCN(Cc4ccn5ncnc(Nc3ccc2n(Cc1ccncc1)ncc2c3)c45)CC6,1,8.227,11.630487,0.8055555555555556,0.805556
CHEMBL291514,COc3cc2ncnc(Nc1ccc(F)c(Cl)c1)c2cc3OCCCN4CCCCC4,1,8.731,11.66361,0.9827586206896551,0.982759
CHEMBL489058,CCN5CCN(CC/C=C/c4ccc3c(Nc2ccc(Sc1nccn1C)c(Cl)c2)c(C#N)cnc3c4)CC5,1,8.187,14.120629,0.53,0.53
CHEMBL456758,COC[C@@H]1CCCN1/N=C/c2c(N)ncnc2Nc5ccc4n(Cc3cccc(F)c3)ncc4c5,1,8.424,13.001244,0.6904761904761905,0.690476
CHEMBL94109,Brc5cccc(Nc3ncnc4ccc(NC(=O)\C=C\CN2CCC(N1CCCCC1)CC2)cc34)c5,1,8.705,13.059928,0.75,0.75
CHEMBL278041,Oc4ccc(c3nc(c1ccc(F)cc1)c(c2ccncc2)[nH]3)cc4,1,9.187,11.654729,0.3389830508474576,0.338983
CHEMBL399373,CCOc4cc3ncnc(C#C[C@@](C)(Cc1ccccc1)N2CCC(C(O)=O)CC2)c3cc4OCC,1,8.689,11.71191,0.44594594594594594,0.445946
CHEMBL370934,CCOC(=O)c3cn2ncnc(Nc1cccc(Br)c1)c2c3CC,1,7.512,14.851114,0.6567164179104478,0.656716
CHEMBL203599,CN4CCN(CCC#CC(=O)Nc3cc2c(Nc1ccc(F)c(Cl)c1)ncnc2cn3)CC4,1,8.652,12.062624,0.8676470588235294,0.867647
CHEMBL1095761,Nc4nc(Nc1cccc(Br)c1)c3cc(Cc2ccc(Cl)cc2Cl)[nH]c3n4,1,8.729,12.394583,0.6166666666666667,0.616667
CHEMBL473553,COc5cc4ncnc(Nc3ccc(c2nc1ccccc1s2)c(OC)c3)c4cc5OC,1,8.128,13.42979,0.746268656716418,0.746269
CHEMBL258694,CC(C)c4c(c1nnc(C)o1)cn5ncnc(Nc3cnc2[nH]ccc2c3)c45,1,9.584,12.426957,0.3181818181818182,0.318182
CHEMBL169514,Oc4ccc(O)c(CNc3ccc(O)c(C(=O)Oc2ccc1ccccc1c2)c3)c4,1,8.735,11.607282,0.7037037037037037,0.703704
CHEMBL81712,O=C(c1ccccc1)c5cc4ncnc(Nc3ccc2[nH]ccc2c3)c4s5,1,9.089,12.900547,0.5964912280701754,0.596491
CHEMBL255866,CO/N=C/c1c(N)ncnc1Nc3ccc2[nH]ncc2c3,1,7.435,12.038177,0.49295774647887325,0.492958
CHEMBL408683,NC(=O)CN4CCC(n2cc(c1cccc(O)c1)c3c(N)ncnc23)C4,1,8.725,11.694446,0.6666666666666666,0.666667
CHEMBL166307,CN4CCN(NCCCNc3cc2c(Nc1cccc(Br)c1)ncnc2cn3)CC4,1,7.701,12.755488,0.696969696969697,0.69697
CHEMBL1421,Cc4nc(Nc2ncc(C(=O)Nc1c(C)cccc1Cl)s2)cc(N3CCN(CCO)CC3)n4,1,7.891,11.268098,0.26666666666666666,0.266667
CHEMBL80540,C6CN(CCNCc5ccc(c4cc3nccc(Nc2ccc1[nH]ccc1c2)c3s4)cc5)CCN6,1,8.779,12.026357,0.5064935064935064,0.506494
CHEMBL207674,COc3cc2ncnc(Nc1cccc(Cl)c1F)c2cc3CN4CCOCC4C(N)=O,1,8.904,13.800335,0.782051282051282,0.782051
CHEMBL207037,COc3cc2ncnc(Nc1cccc(Cl)c1F)c2cc3CN4CC(C(N)=O)C4,1,8.869,13.677011,0.7466666666666667,0.746667
CHEMBL178265,CCOc4cc3ncc(C#N)c(Nc2ccc(Oc1ccncc1)c(Cl)c2)c3cc4NC(=O)\C=C\CN(C)C,1,8.726,12.230918,0.7777777777777778,0.777778
CHEMBL258940,CN4CCC(Nc3ncc2ncnc(Nc1ccc(F)c(Cl)c1)c2n3)CC4,1,8.255,11.379091,0.4567901234567901,0.45679
CHEMBL398960,CCN(CC)C(C)(Cc1ccncc1)C#Cc2ncnc3cc(OC)c(OC)cc23,1,7.593,11.282986,0.5161290322580645,0.516129
CHEMBL328977,Brc4cccc(Nc2ncnc3ccc(NC(=O)C#CCN1CCSCC1)cc23)c4,1,8.267,10.987194,0.84375,0.84375
CHEMBL939,COc3cc2ncnc(Nc1ccc(F)c(Cl)c1)c2cc3OCCCN4CCOCC4,1,8.338,13.554596,0.8571428571428571,0.857143
CHEMBL455433,O=C(O[C@H]5CN[C@H](C#Cc4cc3ncnc(NCc2cccc(Oc1ccccc1)c2)c3s4)C5)N6CCOCC6,1,8.978,11.086615,0.6122448979591837,0.612245
CHEMBL180175,COc4cc3ncc(C#N)c(Nc2ccc(Sc1nccn1C)c(Cl)c2)c3cc4NC(=O)\C=C\CN(C)C,1,8.422,13.594148,0.7666666666666667,0.766667
CHEMBL606403,CC(C)c4nsc(C(=O)Nc3ccc2ncnc(Nc1cccc(Br)c1)c2c3)n4,1,8.188,11.946857,0.5616438356164384,0.561644
CHEMBL193368,CCc5c(C(=O)OCCCn1ccnc1)cn6ncnc(Nc4ccc3n(Cc2ccccc2)ncc3c4)c56,1,8.337,11.949934,0.8095238095238095,0.809524
CHEMBL472581,CS(=O)(=O)CCNCc6nc(c5ccc4ncnc(Nc3ccc2n(Cc1ccccc1)ncc2c3)c4c5)cs6,1,7.901,12.168242,0.7023809523809523,0.702381
CHEMBL583218,CCC5=C1C(N=CN=C1Nc4ccc3n(Cc2ccccc2)ncc3c4)N=C5NC(=O)OCC6CCNCC6,1,8.332,11.735834,0.8117647058823529,0.811765
CHEMBL366580,Brc4cccc(Nc2ncnc3cc1c[nH]nc1cc23)c4,1,8.693,12.335567,0.6956521739130435,0.695652
CHEMBL138125,Brc4cccc(Nc2ncnc3ccc(NN=NCc1ccccn1)cc23)c4,1,8.861,11.201524,0.7719298245614035,0.77193
CHEMBL372112,CCOC(=O)c4cn3ncnc(Nc2ccc1[nH]ncc1c2)c3c4CC,1,7.73,12.120044,0.6567164179104478,0.656716
CHEMBL346863,Brc4cccc(Nc1ncnc3c1sc2ncsc23)c4,1,7.603,13.556047,0.66,0.66
CHEMBL90595,Brc4cccc(Nc2ncnc3ccc(NC(=O)C#CCN1CCCCC1)cc23)c4,1,8.441,10.875931,0.84375,0.84375
CHEMBL453398,Clc5cc(Nc3ncnc4cc(C#C[C@@H]2C[C@@H](OC(=O)N1CCOCC1)CN2)sc34)ccc5Oc6ccccn6,1,8.738,14.1471,0.7446808510638298,0.744681
CHEMBL216048,COc4cc3CNc2c(Oc1cccc(Br)c1)ncnc2Oc3cc4OC,1,7.23,11.192977,0.6557377049180327,0.655738
CHEMBL511623,Fc4ccc(Nc2ncnc3nc(NCCN1CCOCC1)sc23)cc4Cl,1,7.739,13.893597,0.6268656716417911,0.626866
CHEMBL480349,CS(=O)(=O)CCNCc5ccc(c4cc3c(Nc2ccc(OCc1cccc(F)c1)c(Cl)c2)ncnc3s4)o5,1,8.106,14.366103,0.8192771084337349,0.819277
CHEMBL178199,CCOc4cc3ncc(C#N)c(Nc2ccc(OCCc1ccccc1)c(Cl)c2)c3cc4NC(=O)\C=C\CN(C)C,1,7.63,12.811838,0.8023255813953488,0.802326
CHEMBL137364,Brc4cccc(Nc2ncnc3ccc(NN=NCCN1CCOCC1)cc23)c4,1,8.599,10.634077,0.65625,0.65625
CHEMBL246492,Fc6cccc(Cn4ncc5cc(Nc2ncnn3ccc(COC[C@@H]1COCCN1)c23)ccc45)c6,1,9.144,11.958218,0.8235294117647058,0.823529
CHEMBL213560,Oc3ccc(\C=c2\n(CCc1ccccc1)c(=O)[nH]c2=O)cc3,1,7.97,11.85121,0.2698412698412698,0.269841
CHEMBL325589,Cn3c(=O)c(c1c(Cl)cccc1Cl)cc4cnc(Nc2cccnc2)nc34,1,8.127,11.605027,0.7368421052631579,0.736842
CHEMBL471058,CCc1nccn1Cc5ccc(Nc4nc3ncnc(Nc2ccc(F)c(Cl)c2)c3s4)cc5,1,7.657,14.175693,0.6716417910447762,0.671642
CHEMBL206955,COc3cc2ncnc(Nc1ccc(F)c(Cl)c1)c2cc3CN4CCC[C@@H]4C(N)=O,1,8.869,13.99755,0.675,0.675
CHEMBL294475,Brc4cccc(Nc2ncnc3cnc(NCCN1CCOCC1)nc23)c4,1,7.709,11.695543,0.8983050847457628,0.898305
CHEMBL120069,Cc4cccc(Nc2[nH]cnc3nnc(Nc1cccc(Cl)c1)c23)c4,1,9.263,11.256371,0.6153846153846154,0.615385
CHEMBL51028,CN5CCN(CCCNc4ncc3cc(c1c(Cl)cccc1Cl)c(NC(=O)NC2CCCCC2)nc3n4)CC5,1,7.9,13.049642,0.5294117647058824,0.529412
CHEMBL28418,Fc3ccc(Nc1ncnc2ccc(NC(=O)C=C)nc12)cc3Cl,1,8.085,12.049057,0.5789473684210527,0.578947
CHEMBL281543,Fc4ccc(Nc2ncnc3cc(CCCCN1CCOCC1)c(NC(=O)C=C)nc23)cc4Cl,1,8.799,12.506349,0.7375,0.7375
CHEMBL569880,COCCOc3cc2ncnc(Nc1ccc(F)c(Cl)c1F)c2cc3NC(=O)[C@@H]4CCCN4C(=O)C=C,1,7.936,14.199597,0.4444444444444444,0.444444
CHEMBL1082012,CN5CCN(CCNC(=O)c4[nH]c3cnnc(Nc2ccc(OCc1cccc(F)c1)c(Cl)c2)c3c4C)CC5,1,8.415,14.032905,0.4563106796116505,0.456311
CHEMBL30432,CN(C)c5cc4c(Nc3ccc2n(Cc1ccccc1)ncc2c3)ncnc4cn5,1,8.172,12.370977,0.532258064516129,0.532258
CHEMBL473944,Brc4cccc(Cc2ncnc3cc(OCCCn1ccnc1)c(NC(=O)C=C)cc23)c4,1,6.771,11.894671,0.7,0.7
CHEMBL319620,OC(=O)c2cc(NCc1cc(O)ccc1O)ccc2O,1,8.016,11.65517,0.625,0.625
CHEMBL519757,Fc6cccc(COc5ccc(Nc3ncnc4sc(c2ccc(CNCc1ccccc1)o2)cc34)cc5Cl)c6,1,8.46,14.162554,0.7901234567901234,0.790123
CHEMBL65376,O=C(CCCC(=O)Oc1ccc(/C=C/N(=O)=O)cc1)OCc2ccco2,1,6.23,11.394751,0.6666666666666666,0.666667
CHEMBL474343,C=CC(=O)NC3=CC=C4N=CN=C(Nc2ccc(Oc1ccccc1)cc2)C34,1,7.526,11.717599,0.6551724137931034,0.655172
CHEMBL144842,Oc2ccc(\C=C(/C#N)C(=O)NCCCCCNC(=O)C(=C/c1ccc(O)c(O)c1)/C#N)cc2O,1,7.865,11.738758,0.868421052631579,0.868421
CHEMBL246284,Fc6cccc(Cn4ncc5cc(Nc2ncnn3ccc(COC[C@@H]1CNCCO1)c23)ccc45)c6,1,9.551,12.417991,0.8235294117647058,0.823529
CHEMBL332906,Nc4ccc(c2[nH]nc3ncnc(Nc1cccc(Cl)c1)c23)cc4,1,8.806,12.787479,0.5535714285714286,0.553571
CHEMBL368702,CCOc4cc3ncc(C#N)c(Nc2ccc(OCc1ccccc1)c(Cl)c2)c3cc4NC(=O)\C=C\CN5CCC5,1,8.256,13.459657,0.975,0.975
CHEMBL256297,CO/N=C/c1c(N)ncnc1Nc3ccc(OCc2cccc(F)c2)c(Cl)c3,1,7.79,14.001761,0.5466666666666666,0.546667
CHEMBL207869,Fc4cccc(COc3ccc(Nc1ncncc1C#Cc2ncccn2)cc3Cl)c4,1,8.73,12.34597,0.7575757575757576,0.757576
CHEMBL553137,Cn3c1ccccc1c4ncnc(Nc2cccc(Br)c2)c34,1,8.636,14.732433,0.5471698113207547,0.54717
CHEMBL304271,CCN(CC)CC(O)CNC(=O)c4cc(C)c(\C=c2/c(=O)[nH]c3ncnc(Nc1ccc(F)c(Cl)c1)c23)[nH]4,1,8.691,12.555756,0.6222222222222222,0.622222
CHEMBL250924,COc4cc3ncnc(C#Cc1ccccc1c2ccccc2)c3cc4OC,1,8.595,12.805293,0.5454545454545454,0.545455
CHEMBL515082,CS(=O)(=O)CCNCc5nc(c4ccc3ncnc(Nc2ccc(OCc1ccccc1)c(Cl)c2)c3c4)cs5,1,8.903,14.20298,0.7023809523809523,0.702381
CHEMBL248391,COc4cc3c(N[C@@H]1C[C@H]1c2ccccc2)c(C#N)cnc3cc4OCCCc5cccnc5,1,8.046,11.417902,0.7536231884057971,0.753623
CHEMBL593860,COc5cc4c(Nc3ccc(c2nc1ccccc1s2)c(OC)c3)ncnc4cc5OCCCN6CCN(C)CC6,1,7.72,12.956402,0.746268656716418,0.746269
CHEMBL162622,Brc4cccc(Nc2ncnc3cnc(NCCN1CCOCC1)cc23)c4,1,7.953,12.638196,0.896551724137931,0.896552
CHEMBL179164,CCOc5cc4ncc(C#N)c(Nc3ccc2n(S(=O)(=O)c1ccccc1)ccc2c3)c4cc5NC(=O)\C=C\CN(C)C,1,8.846,11.908714,0.7777777777777778,0.777778
CHEMBL381604,Nc4nccc(C#Cc1cncnc1Nc3ccc(OCc2cccc(F)c2)c(Cl)c3)n4,1,8.926,12.508121,0.75,0.75
CHEMBL125920,CCOc4cc3ncnc(Nc2cccc(c1cc[nH]n1)c2)c3cc4OCC,1,7.784,13.605865,0.7017543859649122,0.701754
CHEMBL257859,Clc4cc(Nc2ncnc3[nH]nc(OCCCN1CCOCC1)c23)ccc4OCc5ccccn5,1,7.999,14.091383,0.7532467532467533,0.753247
CHEMBL460722,Brc4cccc(Nc2ncnc3cnc(CC(=O)\C=C\C(=O)NCCCN1CCOCC1)cc23)c4,1,8.131,13.905743,0.7215189873417721,0.721519
CHEMBL40130,Brc5cccc(Nc3ncnc4cc2n(CCN1CCOCC1)ccc2cc34)c5,1,9.091,14.122103,0.7014925373134329,0.701493
CHEMBL281467,Brc3cccc(Nc1c(C#N)cnc2ncc(NC(=O)C=C)cc12)c3,1,8.086,10.65031,0.5205479452054794,0.520548
CHEMBL446250,COc1ccccc1Cc8nc7ccc(c5nn(C4CCC(N3CCN(CC2CC2)CC3)CC4)c6ncnc(N)c56)cc7[nH]8,1,8.828,13.670694,0.7619047619047619,0.761905
CHEMBL179652,CCOc5cc4ncc(C#N)c(Nc3ccc2n(Cc1ccccc1)ccc2c3)c4cc5NC(=O)\C=C\CN(C)C,1,8.571,12.518594,0.7777777777777778,0.777778
CHEMBL251700,Fc4ccc(Nc2ncnc3ccc(C#CCN1CCCCC1)cc23)cc4Cl,1,9.153,10.858932,0.8333333333333334,0.833333
CHEMBL461114,Nc3ncnc(Nc2ccc(OCc1ccccc1)c(Cl)c2)c3C(=O)Nc4ccccc4,1,8.352,11.970761,0.625,0.625
CHEMBL245799,N#Cc4cnc3ccc(c2cccc(CN1CCOCC1)c2)cc3c4N[C@@H]5C[C@H]5c6ccccc6,1,9.563,11.81485,0.7714285714285715,0.771429
CHEMBL426051,CCOc4cc3ncc(C#N)c(Nc2ccc(OCc1cccs1)c(Cl)c2)c3cc4NC(=O)\C=C\CN(C)C,1,7.861,13.148747,0.7840909090909091,0.784091
CHEMBL144908,Oc2ccc(\C=C(/C#N)C(=O)NCCNC(=O)C(=C/c1ccc(O)c(O)c1)/C#N)cc2O,1,7.828,11.413363,0.868421052631579,0.868421
CHEMBL485320,Nc4nc(Nc1cccc(Br)c1)c3cc(CCc2ccccc2)[nH]c3n4,1,7.943,12.646956,0.6166666666666667,0.616667
CHEMBL173498,Brc4cccc(Nc2ncnc3cc1nccnc1cc23)c4,1,8.717,12.00475,0.7142857142857143,0.714286
CHEMBL193681,CCc5c(C(=O)NCCCn1ccnc1)cn6ncnc(Nc4ccc3n(Cc2ccccc2)ncc3c4)c56,1,8.517,11.705911,0.8095238095238095,0.809524
CHEMBL119977,Clc4cccc(Nc2[nH]cnc3nnc(c1ccccc1)c23)c4,1,8.836,12.575516,0.6153846153846154,0.615385
CHEMBL330668,COc4cc3ncnc(Nc2cnc1ccccc1n2)c3cc4OC,1,8.549,12.245787,0.7391304347826086,0.73913
CHEMBL233325,O[C@H]6CNCCN(Cc4ccn5ncnc(Nc3ccc2n(Cc1cccc(F)c1)ncc2c3)c45)C6,1,6.588,12.841513,0.8513513513513513,0.851351
CHEMBL105436,COc4cccc(c2cn(c1ccc(CCN(C)CCO)cc1)c3ncnc(N)c23)c4,1,8.126,11.178394,0.37333333333333335,0.373333
CHEMBL542891,CCOC(=O)C3CCN(CCC(=O)c2ccc(OCc1ccccc1)cc2)CC3,1,7.192,11.501779,0.2823529411764706,0.282353
CHEMBL203779,CCCN4CCC(Oc2cc(OC)cc3ncnc(Nc1ccc(F)c(Cl)c1)c23)CC4,1,8.69,14.14147,0.6901408450704225,0.690141
CHEMBL473437,CN(C)Cc5ccc(c4cc3ncnc(Nc2ccc(OCc1cccc(F)c1)c(Cl)c2)c3s4)[nH]5,1,8.793,14.444789,0.6756756756756757,0.675676
CHEMBL246072,Fc6cccc(Cn4ncc5cc(Nc2ncnn3ccc(COCC1CCNCC1)c23)ccc45)c6,1,9.304,12.020564,0.8072289156626506,0.807229
CHEMBL442749,N(c2ccc1[nH]ccc1c2)c3ncnc4ccsc34,1,7.977,12.447269,0.5964912280701754,0.596491
CHEMBL248114,Cc6cncc(Cn4ncc5cc(Nc2ncnn3ccc(CN1CCC(N)CC1)c23)ccc45)c6,1,8.441,11.62604,0.8055555555555556,0.805556
CHEMBL589588,COc2ccc(NC(=O)c1ccc(N(CCCl)CCCl)cc1)cc2,1,6.58,11.732511,0.52,0.52
CHEMBL52882,CNC3=CC2N=CN(C)C(=N/c1cccc(Br)c1)\C2C=N3,1,7.393,10.624907,0.2361111111111111,0.236111
CHEMBL139307,Brc4cccc(Nc2ncnc3ccc(N(CCCN1CCOCC1)C(=O)C=C)cc23)c4,1,7.593,13.731857,0.6296296296296297,0.62963
CHEMBL359630,CCOc4cc3ncc(C#N)c(Nc2ccc(OCc1ccccc1)c(Cl)c2)c3cc4NC(=O)\C=C\Cc5c[nH]cn5,1,8.736,11.52422,0.7391304347826086,0.73913
CHEMBL225721,COc4ccc(N(CCNN=Nc3ccc2ncnc(Nc1cccc(Cl)c1)c2c3)CC(C)Cl)cc4,1,8.518,12.965223,0.5802469135802469,0.580247
CHEMBL395591,Fc6cccc(Cn4ncc5cc(Nc2ncnn3ccc(COCC1CNCCOC1)c23)ccc45)c6,1,6.166,12.701719,0.8235294117647058,0.823529
CHEMBL355982,Brc3cccc(Nc1ncnc2sccc12)c3,1,7.38,14.475856,0.5652173913043478,0.565217
CHEMBL201307,COc4cc3c(Nc2ncc(CC(=O)Nc1cccc(F)c1)s2)ncnc3cc4OCCCN5CCC(CO)CC5,1,7.538,11.058185,0.4631578947368421,0.463158
CHEMBL248220,COc4cc3ncc(C#N)c(N[C@@H]1C[C@H]1c2ccccc2)c3cc4OCc5ccccc5,1,7.548,11.866549,0.7536231884057971,0.753623
CHEMBL399438,N#Cc4cnc3cc(c2ccc(CN1CCOCC1)cc2)ccc3c4N[C@@H]5C[C@H]5c6ccccc6,1,8.705,11.835924,0.7714285714285715,0.771429
CHEMBL509914,Brc4cccc(Nc2ncnc3cnc(CC(=O)\C=C\c1ccccc1)cc23)c4,1,8.867,14.396275,0.5921052631578947,0.592105
CHEMBL447331,Brc4cccc(Nc2ncnc3cc1NCc1cc23)c4,1,8.577,13.851549,0.6595744680851063,0.659574
CHEMBL599863,Brc4cccc(Nc2ncnc3ccc(NC(=O)CNC(=O)Oc1ccccc1)cc23)c4,1,8.461,12.476751,0.6515151515151515,0.651515
CHEMBL420059,COc4cc3ncnc(NC1CC1c2ccccc2)c3cc4OCCN5CCOCC5,1,8.555,11.678205,0.5256410256410257,0.525641
CHEMBL555797,COc4cc3ncnc(Nc2ccc1CCCc1c2)c3cc4OC,1,8.178,14.358682,0.5166666666666667,0.516667
CHEMBL590109,NCCn5cc(c4cc(c2cc1ccccc1s2)c3[nH]ncc3c4)c6nc(N)ncc56,1,10.126,11.781077,0.1686746987951807,0.168675
CHEMBL57758,COc3cc2ncnc(Nc1ccc(F)c(Cl)c1)c2cc3OCCN4CCCC4,1,8.036,13.452192,0.9152542372881356,0.915254
CHEMBL75177,Clc4cccc(Nc2[nH]cnc3nc1CCCCc1c23)c4,1,8.506,10.829561,0.5454545454545454,0.545455
CHEMBL215973,COc5cc4CNc3c(Nc2ccc1ccccc1c2)ncnc3Oc4cc5OC,1,8.478,13.849657,0.7288135593220338,0.728814
CHEMBL332333,N(c1ccccc1)c3nc[nH]c4nnc(Nc2ccccc2)c34,1,8.337,10.173944,0.37735849056603776,0.377358
CHEMBL94019,COc4cc3ncnc(NC1CCc2ccccc12)c3cc4OC,1,8.26,10.404889,0.49122807017543857,0.491228
CHEMBL93386,Brc4cccc(Nc2ncnc3ccc(NC(=O)C#CCN1CCOCC1)cc23)c4,1,8.339,10.937281,0.84375,0.84375
CHEMBL399372,CCOc4cc3ncnc(C#Cc1nccn1c2ccccc2)c3cc4OCC,1,7.792,11.354394,0.45454545454545453,0.454545
CHEMBL172652,Brc4cccc(Nc2ncnc3cc1[nH]nnc1cc23)c4,1,8.643,12.149261,0.6595744680851063,0.659574
CHEMBL39355,Brc5cccc(Nc3ncnc4cc2n(CCCN1CCOCC1)ncc2cc34)c5,1,8.773,13.314941,0.7014925373134329,0.701493
CHEMBL355330,Nc3ncnc4n(C1CCC1)cc(c2cccc(O)c2)c34,1,8.669,11.664782,0.9555555555555556,0.955556
CHEMBL248322,NC5CCN(Cc3ccn4ncnc(Nc2ccc(OCc1ccccn1=O)c(Cl)c2)c34)CC5,1,8.755,12.420953,0.6790123456790124,0.679012
CHEMBL219557,COc5cc(Nc3c(C#N)cnc4cc(c2coc(CN1CCN(C)CC1)c2)c(OC)cc34)c(Cl)cc5Cl,1,8.305,12.64916,0.37209302325581395,0.372093
CHEMBL53898,Oc2ccc(\C=C(/C#N)C(=O)NCCCc1ccccc1)cc2O,1,7.911,11.689969,0.8695652173913043,0.869565
CHEMBL304971,CN5CCN(C(=O)c4c[nH]c(\C=c2/c(=O)[nH]c3ncnc(Nc1ccc(F)c(Cl)c1)c23)c4C)CC5,1,9.581,12.110556,0.6547619047619048,0.654762
CHEMBL462162,COc3cc(Nc1ncnc2[nH]ccc12)ccc3c5nc4ccccc4s5,1,8.67,11.820826,0.7457627118644068,0.745763
CHEMBL253292,CCN(CC)CCOc3ccc(Nc2cc(NC(=O)Nc1c(Cl)cccc1Cl)ncn2)cc3,1,6.868,12.771698,0.3287671232876712,0.328767
CHEMBL122245,COc4ccc(CNc2[nH]nc3ncnc(Nc1cccc(Cl)c1)c23)cc4,1,8.418,14.905557,0.5238095238095238,0.52381
CHEMBL234580,Fc6cccc(Cn4ncc5cc(Nc2ncnn3ccc(CN1CCNCC(=O)C1)c23)ccc45)c6,1,6.535,12.810308,0.8571428571428571,0.857143
CHEMBL338049,CN[C@H]1C[C@@H]5O[C@](C)([C@H]1OC)n7c2ccccc2c8c3[C@@H](O)NC(=O)c3c6c4ccccc4n5c6c78,1,9.98,13.387547,0.7910447761194029,0.791045
CHEMBL165574,Brc4cccc(Nc2ncnc3cnc(NCCCN1CCOCC1)cc23)c4,1,8.247,12.449607,0.896551724137931,0.896552
CHEMBL182254,Fc5cccc(COc4ccc(Nc2ncnc3nn1ccccc1c23)cc4Cl)c5,1,8.999,14.678478,0.5466666666666666,0.546667
CHEMBL53711,CN(C)c3cc2c(Nc1cccc(Br)c1)ncnc2cn3,1,7.95,14.353411,0.6041666666666666,0.604167
CHEMBL179458,COc4cc3ncc(C#N)c(Nc2ccc(n1ccnc1)c(Cl)c2)c3cc4NC(=O)\C=C\CN(C)C,1,9.177,12.297426,0.7142857142857143,0.714286
CHEMBL168915,Oc4ccc(O)c(CNc3ccc(O)c(C(=O)Oc1cccc2ccccc12)c3)c4,1,9.57,11.60929,0.7037037037037037,0.703704
CHEMBL179363,CCOc4cc3ncc(C#N)c(Nc2ccc(OCc1cccc(Cl)c1)c(Cl)c2)c3cc4NC(=O)\C=C\CN(C)C,1,8.268,13.183233,0.8023255813953488,0.802326
CHEMBL245800,NCc5ccc(c4ccc3ncc(C#N)c(N[C@@H]1C[C@H]1c2ccccc2)c3c4)cc5,1,9.808,11.568825,0.6811594202898551,0.681159
CHEMBL149512,Brc4cccc(Nc2ncnc3c1ccccc1oc23)c4,1,7.854,14.76326,0.5471698113207547,0.54717
CHEMBL316127,Brc4cccc(Nc2ncnc3ccc(NC(=O)\C=C\CN1CCOCC1)cc23)c4,1,8.027,14.041236,0.75,0.75
CHEMBL127223,CCOc4cc3ncnc(Nc2cccc(c1cscn1)c2)c3cc4OCC,1,7.415,11.626139,0.7017543859649122,0.701754
CHEMBL516365,CC4CCN(CCCOc3cc2ncnc(Cc1cccc(Br)c1)c2cc3NC(=O)C=C)CC4,1,7.249,11.461056,0.7,0.7
CHEMBL474147,Cc3cccc(NC1=NC=NC2=CC=C(NC(=O)C=C)C12)c3,1,7.982,11.976851,0.7272727272727273,0.727273
CHEMBL179577,CCOc4cc3ncc(C#N)c(Nc2ccc(NCc1ccccc1)c(Cl)c2)c3cc4NC(=O)\C=C\CN(C)C,1,8.646,12.420354,0.8,0.8
CHEMBL22978,CN4CCC(O)(c3nc(c1ccc(F)cc1)c(c2ccncc2)o3)CC4,1,8.831,10.96566,0.3389830508474576,0.338983
CHEMBL572881,CC4(C)CNc3cc(NC(=O)c1cccnc1NCc2ccncc2)ccc34,1,8.097,10.582072,0.21978021978021978,0.21978
CHEMBL132466,COc4cc3cc2ncc(C#N)c(Nc1ccc(F)c(Cl)c1)c2cc3cc4OC,1,8.879,11.415576,0.5256410256410257,0.525641
CHEMBL1171792,Cc2ccc(Br)c3c(C#N)cc(C(=O)C1CC1)n23,1,7.203,10.725839,0.20689655172413793,0.206897
CHEMBL111197,COc4cccc(Nc3ncc2cc(c1c(Cl)cccc1Cl)c(=O)n(C)c2n3)c4,1,8.175,11.919641,0.7368421052631579,0.736842
CHEMBL153525,Brc4cccc(Nc2ncnc3ccc1cc[nH]c1c23)c4,1,8.729,13.7521,0.5294117647058824,0.529412
CHEMBL475761,CN6CCN(Cc5ccc(c4cc3ncnc(Nc2ccc(OCc1cccc(F)c1)c(Cl)c2)c3s4)o5)CC6,1,9.011,14.453859,0.6818181818181818,0.681818
CHEMBL597200,Fc4ccc(OCC(=O)Nc3ccc2ncnc(Nc1cccc(Br)c1)c2c3)cc4,1,8.263,11.217089,0.6515151515151515,0.651515
CHEMBL460723,Brc4cccc(Nc2ncnc3cnc(CC(=O)\C=C\C(=O)NCCCn1ccnc1)cc23)c4,1,7.695,14.051641,0.7215189873417721,0.721519
CHEMBL122068,Nc3nc(N)c2c(Nc1cccc(Cl)c1)[nH]nc2n3,1,7.791,12.438946,0.45614035087719296,0.45614
CHEMBL489313,Brc5cccc(Nc3ncnc4cc2N(CCC(=O)N1CCOCC1)Cc2cc34)c5,1,8.104,14.042478,0.5263157894736842,0.526316
CHEMBL212965,Clc5cc(Nc3ncnc4ccc(c2ccc(CN1CCS(=O)CC1)o2)cc34)ccc5OCc6ccccc6,1,8.667,13.830646,0.5161290322580645,0.516129
CHEMBL251498,Fc4ccc(Nc2ncnc3ccc(C#CCN1CCOCC1)cc23)cc4Cl,1,8.594,13.54758,0.8333333333333334,0.833333
CHEMBL311129,Cc3c(c1ccccc1)[nH]c4ncnc(Nc2cccc(Cl)c2)c34,1,8.716,12.416633,0.72,0.72
CHEMBL92902,CN4CCC=C(C(=O)Nc3ccc2ncnc(Nc1cccc(Br)c1)c2c3)C4,1,8.379,11.405959,0.5616438356164384,0.561644
CHEMBL1173814,COc3ccc(C2CC(c1ccc(C)c(C)c1)=NN2C(N)=S)cc3,1,8.033,10.421048,0.19047619047619047,0.190476
CHEMBL270448,Clc4cc(Nc2ncnc3[nH]nc(OCCN1CCCCCO1)c23)ccc4OCc5ccccn5,1,6.232,14.952454,0.7435897435897436,0.74359
CHEMBL250132,C[C@H](CN(C)C(=O)CO)Oc3cccc4ncnc(Nc2ccc(OCc1ccccn1)c(Cl)c2)c34,1,7.859,14.751314,0.5662650602409639,0.566265
CHEMBL1098120,NC1CCc4c(C1)c3cc(OCCc2ccc(O)cc2)ccc3n4CCCCCc5ccccc5,1,7.224,11.64275,0.23376623376623376,0.233766
CHEMBL554983,Brc4cccc(Nc2[nH]cnc3c1ccccc1nc23)c4,1,8.771,10.595238,0.4339622641509434,0.433962
CHEMBL516022,Cc3cccc(NC1=NC=NC2=CN=C(NC(=O)C=C)C12)c3,1,7.147,11.812944,0.7272727272727273,0.727273
CHEMBL7866,COC(=O)Cn2cc(c1cccc(Cl)c1)c(=O)c3c(O)cc(OC)cc23,1,8.917,10.772395,0.4126984126984127,0.412698
CHEMBL179572,COc4cc3ncc(C#N)c(Nc2ccc(Sc1nccs1)c(Cl)c2)c3cc4NC(=O)\C=C\CN(C)C,1,8.341,12.690186,0.7666666666666667,0.766667
CHEMBL473427,Fc5cccc(COc4ccc(Nc2ncnc3cc(c1cccs1)sc23)cc4Cl)c5,1,8.902,14.702843,0.7846153846153846,0.784615
CHEMBL67027,COc2ccc(\C=C(/C#N)c1cccnc1)cc2OC,1,7.602,11.948282,0.28,0.28
CHEMBL179123,CCOc4cc3ncc(C#N)c(Nc2ccc(OCC1CCCCC1)c(Cl)c2)c3cc4NC(=O)\C=C\CN(C)C,1,7.716,13.052769,0.7590361445783133,0.759036
CHEMBL31276,CN(C)C/C=C/C(=O)Nc3cc2c(Nc1cccc(Br)c1)c(C#N)cnc2cn3,1,8.148,12.511579,0.5357142857142857,0.535714
CHEMBL204467,OCc4ccc(C#Cc1cncnc1Nc3ccc(OCc2cccc(F)c2)c(Cl)c3)o4,1,8.522,13.925144,0.7142857142857143,0.714286
CHEMBL415738,Cc2cccc(Nc1cc(NCCO)ncn1)c2,1,6.501,12.736862,0.3559322033898305,0.355932
CHEMBL69960,Cc2cc(C(=O)N1CCOCC1)[nH]c2\C=c4/c(=O)[nH]c5ncnc(Nc3ccc(F)c(Cl)c3)c45,1,10.22,11.604139,0.6547619047619048,0.654762
CHEMBL360958,CCOc4cc3ncc(C#N)c(Nc2ccc(OCc1ccccc1)c(Cl)c2)c3cc4NC(=O)\C=C\CN5CCCCC5,1,8.544,11.520308,0.9875,0.9875
CHEMBL53426,Brc4cccc(Nc2ncnc3cnc(NCCc1c[nH]cn1)nc23)c4,1,7.733,12.024994,0.6268656716417911,0.626866
CHEMBL417420,Brc4cccc(Nc2ncnc3cnc(NCCCN1CCOCC1)nc23)c4,1,7.46,12.559068,0.8983050847457628,0.898305
CHEMBL461113,Nc3ncnc(Nc2ccc(OCc1ccccc1)c(Cl)c2)c3C(=O)OCCN4CCOCC4,1,7.479,13.925058,0.625,0.625
CHEMBL51228,Brc4cccc(Nc2ncnc3cnc(NCCCn1ccnc1)nc23)c4,1,7.693,12.536863,0.7121212121212122,0.712121
CHEMBL578255,CCC5=C1C(N=CN=C1Nc4ccc3n(Cc2ccccc2)ncc3c4)N=C5NC(=O)OCCN6CCOCC6,1,8.088,12.31986,0.8554216867469879,0.855422
CHEMBL250923,COc3cc2ncnc(\C=C\CCc1ccccc1)c2cc3OC,1,7.528,11.604134,0.6938775510204082,0.693878
CHEMBL155100,Brc4cccc(Nc1ncnc3c1ccc2[nH]cnc23)c4,1,8.278,14.858612,0.5098039215686274,0.509804
CHEMBL180227,COc5cc4ncc(C#N)c(Nc3ccc2n(Cc1ccccc1)ncc2c3)c4cc5NC(=O)\C=C\CN(C)C,1,9.25,11.967784,0.7252747252747253,0.725275
CHEMBL247127,C6CO[C@H](COCc4ccn5ncnc(Nc3ccc2n(Cc1cccnc1)ncc2c3)c45)CN6,1,8.348,11.322882,0.8214285714285714,0.821429
CHEMBL378370,COc3cc2ncnc(Nc1cccc(Cl)c1F)c2cc3CN(C)C4CCNC4=O,1,8.967,13.815948,0.5802469135802469,0.580247
CHEMBL251123,CCOc3cc2ncnc(\C=C\CCCc1ccccc1)c2cc3OCC,1,7.406,11.801816,0.6938775510204082,0.693878
CHEMBL1173718,Cc1ncc(N(=O)=O)n1CCOC(=O)\C=C\c3ccc(c2ccccc2)cc3,1,8.221,10.946354,0.29411764705882354,0.294118
CHEMBL76444,CN(c1cccc(Cl)c1)c2[nH]cnc3nc(C)c(C)c23,1,7.84,10.660245,0.3548387096774194,0.354839
CHEMBL243410,CCOc3cc2ncnc(Nc1cc(=O)c(OC(CF)CF)cc1=O)c2cc3NC(=O)\C=C\CN(C)C,1,7.415,13.290195,0.7195121951219512,0.719512
CHEMBL265629,Fc6cccc(Cn4ncc5cc(Nc2ncnn3ccc(CN1CCNC(=O)C1)c23)ccc45)c6,1,8.347,13.091217,0.8571428571428571,0.857143
CHEMBL250524,COc3cc2ncnc(C#CC(C)(C)N(C)c1ccccc1)c2cc3OC,1,7.754,12.191833,0.5454545454545454,0.545455
CHEMBL510597,Brc4cccc(Nc2ncnc3cnc(C(CCCN1CCOCC1)C(=O)C=C)cc23)c4,1,7.774,14.163683,0.6296296296296297,0.62963
CHEMBL178312,CCOc4cc3ncc(C#N)c(Nc2ccc(OCc1ccccc1)c(Cl)c2)c3cc4NC(=O)\C=C\CN5CCCC5,1,8.448,13.197457,0.9875,0.9875
CHEMBL490496,Fc4ccc(Cc2ncnc3cc(\C=C\CCN1CCOCC1)c(NC(=O)C=C)nc23)cc4Cl,1,8.414,12.501543,0.7721518987341772,0.772152
CHEMBL461967,COc3cc2ncnc(Nc1ccc(F)c(Cl)c1)c2cc3CNC(=O)[C@H]4CCCCN4C,1,9.465,13.417773,0.675,0.675
CHEMBL153419,C(Nc2ncnc3c1ccccc1sc23)c4ccccc4,1,8.027,12.6739,0.3448275862068966,0.344828
CHEMBL126192,CCOc4cc3ncnc(Nc2cccc(c1nccs1)c2)c3cc4OCC,1,7.362,11.954705,0.6610169491525424,0.661017
CHEMBL279334,CS(=O)(=O)CNCCCCOc4ccc3ncnc(Nc2ccc(S(=O)(=O)c1ccccc1)cc2)c3c4,1,7.52,13.61866,0.410958904109589,0.410959
CHEMBL213007,COc3cc2ncnc(Nc1cc(Cl)ccc1F)c2cc3OC4CCN(S(C)(=O)=O)CC4,1,8.073,13.494665,0.5194805194805194,0.519481
CHEMBL380972,COc4cc3CNc2c(Nc1cccc(Br)c1)ncnc2Oc3cc4OC,1,7.047,14.023979,0.7288135593220338,0.728814
CHEMBL91428,COc4cc3ncnc(Nc2cc1ccccc1cn2)c3cc4OC,1,8.756,12.663875,0.7391304347826086,0.73913
CHEMBL327023,Brc4cccc(Nc2c(C#N)cnc3ccc(NC(=O)C#CCN1CCSCC1)cc23)c4,1,8.993,10.086402,0.7123287671232876,0.712329
CHEMBL299672,COc3cc2ncnc(Nc1ccc(F)c(Cl)c1)c2cc3OCCCN4CCCC4,1,7.959,13.314746,0.9827586206896551,0.982759
CHEMBL444619,COc5cc(ON1CCC(C)CC1)c4c(Nc3ccc(OCc2ccccn2)c(Cl)c3)ncnc4c5,1,8.393,14.256332,0.6,0.6
CHEMBL474524,COc4cc3ncnc(c1c[nH]c2cc(F)c(Cl)cc12)c3cc4OCCCN5CCOCC5,1,8.563,11.984562,0.5974025974025974,0.597403
CHEMBL396079,C6CO[C@H](COCc4ccn5ncnc(Nc3ccc2n(Cc1ccccn1)ncc2c3)c45)CN6,1,7.805,12.484395,0.7976190476190477,0.797619
CHEMBL428741,CCOc4cc3ncnc(Nc2cc(=O)c(OCc1cccc(F)c1)cc2=O)c3cc4NC(=O)\C=C\CN(C)C,1,7.465,13.50112,0.7195121951219512,0.719512
CHEMBL583403,CCC5=C1C(N=CN=C1Nc4ccc3n(Cc2cccc(F)c2)ncc3c4)N=C5NC(=O)OC[C@@H]6COCCN6,1,8.713,12.053609,0.673469387755102,0.673469
CHEMBL248115,Cc5cncc(COc4ccc(Nc2ncnn3ccc(CN1CCC(N)CC1)c23)cc4Cl)c5,1,9.107,11.629397,0.6875,0.6875
CHEMBL225929,ClCCN(CCNN=Nc3ccc2ncnc(Nc1cccc(Cl)c1)c2c3)Cc4ccccc4,1,8.117,12.449537,0.5802469135802469,0.580247
CHEMBL391778,NCC6CCN(Cc4ccn5ncnc(Nc3ccc2n(Cc1cccc(F)c1)ncc2c3)c45)CC6,1,9.644,12.176774,0.8266666666666667,0.826667
CHEMBL92356,CCN4CCN(CC#CC(=O)Nc3ccc2ncnc(Nc1cccc(Br)c1)c2c3)CC4,1,7.991,11.591455,0.84375,0.84375
CHEMBL205059,Fc4ccc(Nc2ncnc3cnc(NC(=O)C#CCCN1CCCCC1)cc23)cc4Cl,1,8.739,11.960016,0.8676470588235294,0.867647
CHEMBL153409,Brc4cccc(Nc2ncnc3c1cccnc1sc23)c4,1,7.268,14.451972,0.66,0.66
CHEMBL179310,CCOc5cc4ncc(C#N)c(Nc3ccc2N(Cc1ccccc1)CCc2c3)c4cc5NC(=O)\C=C\CN(C)C,1,9.084,13.452722,0.7282608695652174,0.728261
CHEMBL178096,COc4cc3ncc(C#N)c(Nc2ccc(NCNc1ccccc1)c(Cl)c2)c3cc4NC(=O)\C=C\CN(C)C,1,8.546,11.649158,0.7558139534883721,0.755814
CHEMBL404405,OC5CCN(CCOc3n[nH]c4ncnc(Nc2ccc(OCc1ccccn1)c(Cl)c2)c34)CC5,1,7.805,14.608276,0.7532467532467533,0.753247
CHEMBL448172,CC4CCN(CCCOc3cc2ncnc(Cc1ccc(F)c(Cl)c1)c2nc3NC(=O)C=C)CC4,1,7.434,12.099491,0.6136363636363636,0.613636
CHEMBL306732,CN(C)c4ccc(Nc2ncnc3cc(c1ccccc1)sc23)cc4,1,8.12,11.943501,0.453125,0.453125
CHEMBL39320,Cn3ncc4cc2c(Nc1cccc(Br)c1)ncnc2cc34,1,9.021,13.673195,0.6530612244897959,0.653061
CHEMBL63786,Brc4cccc(Nc2ncnc3cc1ccccc1cc23)c4,1,8.792,14.555509,0.7142857142857143,0.714286
CHEMBL1077305,COc1ccccc1Cc7nc6ccc(c4nn(C3CCC(C2CCN(C)CC2)CC3)c5ncnc(N)c45)cc6[nH]7,1,9.035,12.368094,0.7619047619047619,0.761905
CHEMBL436137,Cc1cccc(C)c1c5cc(C)c4nc(Nc3ccc(OCCN2CCCC2)cc3)nnc4c5,1,8.764,12.158738,0.32142857142857145,0.321429
CHEMBL356324,Oc2ccc(\C=C(/C#N)S(=O)(=O)C(=C/c1ccc(O)c(O)c1)/C#N)cc2O,1,9.043,10.854371,0.5,0.5
CHEMBL175556,CCOc4cc3ncc(C#N)c(Nc2ccc(OCc1ccccc1)c(Cl)c2)c3cc4NC(=O)\C=C\CN5CCOCC5,1,9.11,11.805311,0.8941176470588236,0.894118
CHEMBL311109,NC(=O)C6CCN(Cc5ccc(c4cc3ncnc(Nc2ccc1[nH]ccc1c2)c3s4)cc5)CC6,1,9.317,13.409803,0.6619718309859155,0.661972
CHEMBL1172843,OC[C@H](Nc3ncnc4oc(c1ccccc1)c(c2cccc(NC(=O)C=C)c2)c34)c5ccccc5,1,9.137,12.003914,0.35443037974683544,0.35443
CHEMBL372246,CN4CCN(c3cc2ncnc(Nc1cc(Cl)c(Cl)cc1F)c2cc3NC(=O)C=C)CC4,1,8.239,11.8937,0.41975308641975306,0.419753
CHEMBL176582,Cn3cnc4cc2ncnc(Nc1cccc(Br)c1)c2cc34,1,8.883,14.586412,0.6458333333333334,0.645833
CHEMBL424093,Brc4cccc(Nc2ncnc3ccc(NN=NCc1ccccc1)cc23)c4,1,8.999,11.639145,0.7719298245614035,0.77193
CHEMBL74722,Cc3[nH]c2ncnc(Nc1cccc(Br)c1)c2c3C,1,8.207,13.194812,0.5283018867924528,0.528302
CHEMBL308593,Cc3[nH]c2ncnc(Nc1cccc(Cl)c1)c2c3c4ccccc4,1,9.123,13.437483,0.72,0.72
CHEMBL28148,COc3cc2c(Nc1ccc(Cl)cc1F)ncnc2cc3OC/C=C/CN4CCCC4,1,8.055,13.150702,0.746268656716418,0.746269
CHEMBL602728,ClCCN(CCCl)c3ccc(C(=O)Nc1cccc2ccccc12)cc3,1,7.415,11.645739,0.52,0.52
CHEMBL125086,CCOc4cc3ncnc(Nc2cccc(c1ccco1)c2)c3cc4OCC,1,7.554,14.515572,0.6551724137931034,0.655172
CHEMBL607707,CCOc3cc2ncc(C#N)c(Nc1ccc(F)c(Cl)c1)c2cc3NC(=O)\C=C\CN(C)C,1,8.617,13.024989,0.7777777777777778,0.777778
CHEMBL498133,Nc4ncnc(Nc3ccc2n(Cc1cccc(F)c1)ncc2c3)c4\C=N\N5CCOCC5,1,8.371,12.547388,0.6904761904761905,0.690476
CHEMBL283088,COc3cc2c(Nc1ccc(Cl)cc1F)ncnc2cc3OCCN4CCN(C)CC4,1,8.076,13.561498,0.8095238095238095,0.809524
CHEMBL213874,COc3cc2ncnc(Nc1cccc(Cl)c1F)c2cc3OCC4CCN(C)CC4,1,8.855,10.544589,0.6,0.6
CHEMBL205284,Fc4cccc(COc3ccc(Nc1ncncc1C#Cc2cc[nH]n2)cc3Cl)c4,1,8.716,13.190353,0.7575757575757576,0.757576
CHEMBL281872,COc3cc2c(Nc1ccc(Br)cc1F)ncnc2cc3OCCn4ccnn4,1,8.278,12.486594,0.6197183098591549,0.619718
CHEMBL592457,Oc1ccc(Br)cc1\C=N\NC2=NC(=O)CS2,1,6.612,11.736176,0.20481927710843373,0.204819
C13150992,CCC[C@H](C(=O)NC(C)(C)CC)N(C[C@@H]1CCCO1)C(=O)CNS(=O)(=O)c2ccc(cc2)F,0,6.958,10.916831,0.16216216216216217,0.162162
C00114173,c1cc(ccc1[C@H]2[NH2+][C@@H](CS2)C(=O)[O-])Cl,0,6.773,11.818891,0.1527777777777778,0.152778
C36587483,CC(C)(C)CC(C)(C)NC(=O)[C@@H](c1ccc(c(c1)OC)OC)N(C(=O)CCc2ccc(cc2)OC)C(C)(C)C,0,7.364,10.815752,0.22666666666666666,0.226667
C33937119,CC[C@@H](c1nnnn1C[C@H]2CCCO2)[NH+](Cc3ccc4c(c3)OCO4)Cc5cc6cc(cc(c6[nH]c5=O)C)C,0,8.407,11.111904,0.15447154471544716,0.154472
C39667178,Cc1ccc(c(c1)C)CCNC(=O)[C@@H]2CN(CC23CC[NH2+]CC3)C(=O)c4c(noc4C)C,0,8.051,10.818903,0.1592920353982301,0.159292
C63480010,Cc1ccc(cc1)N2C(=O)[C@@H]3[C@H](N[C@]4([C@@H]3C2=O)c5cc(ccc5NC4=O)F)CC6=c7ccccc7=[NH+]C6,0,10.222,11.676437,0.14173228346456693,0.141732
C36718396,c1ccc2c(c1)C[C@H](N(C2)C(=O)c3ccco3)C(=O)Oc4ccc(cc4)NC(=O)c5cccs5,0,8.637,11.817852,0.2,0.2
C39933409,C[C@@H](C(=O)Nc1ccc(cc1)NC(=O)C)S[C@@H]2NN=C(N2c3ccccc3)C4=c5ccccc5=[NH+]C4,0,8.437,11.213967,0.18681318681318682,0.186813
C15401521,C[C@@H]1C[C@@H](CN(C1)C(=O)Nc2c[nH]c3c2cccc3)C,0,8.302,11.463723,0.20253164556962025,0.202532
C39762619,C[C@@H](c1nnc(n1CC(C)C)SCC(=O)Nc2ccccc2C(C)C)NC(=O)c3ccc(cc3)Cl,0,7.332,10.362183,0.225,0.225
C62198656,CC(C)(C)n1c(cc(n1)C(=O)N2CCc3ccccc3C2)N,0,7.445,10.823612,0.2,0.2
C09467755,Cc1cccc2n1cc(n2)C(=O)Nc3[nH]nc(n3)SCc4ccc(cc4)Cl,0,7.88,11.817949,0.22093023255813954,0.22093
C13722516,CC1(CC(CC([NH2+]1)(C)C)N2Cc3c(ccc4c3occ(c4=O)c5ccccc5OC)OC2)C,0,8.999,11.293338,0.19148936170212766,0.191489
C06879832,Cc1csc(n1)N(c2ccccc2)C(=O)Cn3cnc4c(c3=O)ccs4,0,7.394,11.807329,0.20833333333333334,0.208333
C36540909,CCC(CC)[C@@H](C(=O)NCS(=O)(=O)c1ccc(cc1)C)N(c2ccccc2Cl)C(=O)C3CCCCC3,0,6.704,10.801048,0.19101123595505617,0.191011
C28783576,c1cc2c(cc1NS(=O)(=O)c3cc(cc(c3)F)F)OC4(O2)CCCCC4,0,8.872,11.61962,0.17045454545454544,0.170455
C05867364,Cc1ccc(cc1)c2nc([nH]n2)S[C@@H](C)C(=O)N3CCCC3,0,7.373,10.196073,0.17567567567567569,0.175676
C13612613,CN(C)c1ccc(cc1)c2c(c(nc(c2C#N)SCCO)N)C#N,0,7.282,12.206136,0.18055555555555555,0.180556
C39677607,CCC[C@H](C)C(=O)N1C[C@H](C2(C1)CC[NH2+]CC2)C(=O)NCc3ccc(s3)c4ccccn4,0,7.695,10.745131,0.1774193548387097,0.177419
C58930012,Cc1ccccc1N2[C@H](NC(=CC2=O)C)Nc3nc(cc(n3)C)C,0,7.938,11.228317,0.17543859649122806,0.175439
C38660209,CCCCOc1ccc(cc1OC)[C@@H]2c3ccc(cc3OC(=C2C#N)N)OC(=O)c4cccc(c4)[N+](=O)[O-],0,8.128,11.1715,0.21359223300970873,0.213592
C22188011,Cc1ccc(cc1)n2c(nnc2SCc3[nH]c(=O)c4cc(ccc4n3)Cl)N5CCOCC5,0,8.969,10.955503,0.21,0.21
C21397278,Cc1ccc(cc1)c2nnc(n2c3ccc(cc3)Cl)SCC(=O)NC(=O)NCc4ccco4,0,8.34,11.772681,0.18888888888888888,0.188889
C61684145,CC(C)n1cc(cn1)NC(=O)C2(CCCCC2)/C(=N/O)/N,0,7.143,11.021772,0.16666666666666666,0.166667
C13065409,COc1ccc(cc1)Cn2c(nnn2)C[NH+](CCc3ccccc3)Cc4cc5cc6c(cc5[nH]c4=O)OCO6,0,8.501,11.715822,0.2184873949579832,0.218487
C60168639,c1cc(oc1)/C=C/[C@@H]2Nc3cc(c(cc3S(=O)(=O)N2)S(=O)(=O)N)Cl,0,7.595,12.086159,0.16470588235294117,0.164706
C63165325,Cc1ccc(cc1)N2[C@@H](NN[C@@H]2SCC3[NH+]=c4ccccc4=[NH+]3)c5cccc(c5)Cl,0,9.229,11.965181,0.2236842105263158,0.223684
C35710481,CCCN1C(=C([C@H](NC1=O)c2ccc(cc2)NC(=O)/C=C/c3ccc(cc3)[N+](=O)[O-])C(=O)OCC(C)C)C,0,7.73,11.139234,0.2717391304347826,0.271739
C66396691,CC(C)(C)c1ccc(cc1)[C@H](C#N)NC(=O)CCCc2nc(no2)C(C)(C)C,0,7.512,10.807938,0.16049382716049382,0.160494
C20876866,CCCCCC[NH2+]Cc1cc(c(c(c1)Br)OCc2ccc3c(c2)OCCO3)OC,0,6.774,10.882483,0.2087912087912088,0.208791
C48261991,c1cc(ccc1CNC(=O)NCc2cc[nH]n2)N3CCSCC3,0,6.786,11.939326,0.21794871794871795,0.217949
C01886702,CC1(CC2=C(C(=O)C1)[C@](C(=O)N2Cc3cc(cc(c3)OC)OC)(C(F)(F)F)NC(=O)CCc4ccc(cc4)OC)C,0,7.984,10.9464,0.20652173913043478,0.206522
C39688730,C[C@@H](Cc1ccc(cc1)F)NC(=O)[C@@H]2CN(CC23CC[NH2+]CC3)C(=O)c4ccc(o4)c5ccccc5F,0,9.443,10.785115,0.17204301075268819,0.172043
C56206904,CC[C@H](C)c1ccccc1NC(=O)[C@@H](C)Nc2ccc(cc2C)OCC(=O)N,0,7.651,11.591882,0.19540229885057472,0.195402
C63961737,Cc1ccc(cc1NC(=O)c2ccc(s2)NC(=O)c3ccco3)C#N,0,8.145,11.117577,0.2,0.2
C38597967,Cc1ccc(c(c1)[N+](=O)[O-])NC(=O)C(=O)NC[C@@H](c2ccco2)[NH+]3CCN(CC3)c4ccc(cc4)F,0,7.753,11.831858,0.2,0.2
C25570750,Cc1cc(c(n1c2nccs2)C)C(=O)CSc3nnc(n3N)COc4cccc(c4)OC,0,6.953,11.166863,0.20588235294117646,0.205882
C39942171,C[C@@H](C(=O)NCc1ccco1)S[C@@H]2NN=C(N2C3CC3)C4=c5ccccc5=[NH+]C4,0,7.828,10.569542,0.17894736842105263,0.178947
C67312961,Cc1ccc(cc1C(=O)N)NC(=O)N[C@@H](c2cccs2)C3CCCC3,0,7.194,11.887636,0.2235294117647059,0.223529
C36601010,Cc1ccc(o1)CN([C@@H](c2ccc(cc2)N(C)C)C(=O)NC3CCCCC3)C(=O)CNC(=O)c4ccccc4,0,8.01,11.111051,0.20238095238095238,0.202381
C02265252,CC(=O)c1ccc(cc1)NC(=O)CSc2nnc3n2c(nc4c3c5c(s4)COC(C5)(C)C)N,0,8.283,12.250644,0.17045454545454544,0.170455
C19225938,C[C@]1(C(=O)N(C(=O)N1)Cc2ccc(cc2)F)C3CCN(CC3)C(=O)CCc4c[nH]c5c4cccc5,0,8.995,11.279443,0.18085106382978725,0.180851
C06135154,CCc1ccc2c(c1)cc(c(=O)[nH]2)[C@@H](c3nnnn3C(C)(C)C)[NH+]4CCN(CC4)c5ccc(cc5)OC,0,8.32,11.154394,0.16822429906542055,0.168224
C63830630,CCCn1c2ccc(cc2nc1CCC(=O)NC[C@H]3C(=CC(=NC3=O)C)C)S(=O)(=O)N4CCCC4,0,8.032,10.685833,0.21428571428571427,0.214286
C00083131,c1ccc2c(c1)N[C@H](C(=O)N2)CC(=O)Nc3ccccc3OC(F)F,0,7.365,11.215042,0.20689655172413793,0.206897
C67629551,C[C@H](c1ccccc1[N+](=O)[O-])OC(=O)CNC(=O)NCc2ccc(cc2)Cl,0,6.405,11.87168,0.2112676056338028,0.211268
C36654293,c1cc(ccc1[C@H](C(=O)N)N2CCN(CC2)c3ccc(cc3[N+](=O)[O-])C(F)(F)F)Cl,0,7.875,10.256511,0.1875,0.1875
C50769212,Cc1ccc(cc1)C[C@@H]2CCCN(C2)C(=O)[C@@H](C)NC(=O)N,0,7.224,10.310252,0.1935483870967742,0.193548
C36083329,CC[NH+](CC)CCN(CC(=O)N1CCCN(CC1)c2ccc(nn2)c3ccc(cc3)F)C(=O)NC(C)C,0,5.526,10.477401,0.17582417582417584,0.175824
C59475529,C=CCn1c(nnc1SCC(=O)N/N=C/c2cccc3c2cccc3)CNc4cccc5c4cccc5,0,7.955,12.064883,0.24050632911392406,0.240506
C36063044,CC[NH+](CC)[C@H](CNC(=O)CN1C(=O)[C@@](NC1=O)(C)c2ccc(cc2)C)c3ccccc3,0,7.362,11.217565,0.19736842105263158,0.197368
C14241794,c1ccc(cc1)C(=O)NNC(=O)C[C@](c2ccccc2)(C(F)(F)F)O,0,7.266,11.294183,0.21739130434782608,0.217391
C13098034,CCN(CC)S(=O)(=O)c1ccc(c(c1)NC(=O)C[NH2+]Cc2ccc3c(c2)OCO3)N4CCCCC4,0,7.0,10.657238,0.18811881188118812,0.188119
C25041830,Cc1ccc(cc1)c2cnc(n2c3ccccc3)SCc4nc(nc(n4)N(C)C)N,0,7.573,12.056805,0.19318181818181818,0.193182
C18355815,CCCN(Cc1nnc(o1)c2cccs2)C(=O)CSc3nnc(n3N)c4ccccc4Cl,0,6.806,11.687204,0.20833333333333334,0.208333
C39198079,Cc1ccc(cc1)S(=O)(=O)n2cc(c3c2cccc3)/C=C/C(=O)N4CCC(CC4)[NH+]5CCC(=O)NCC5,0,7.372,12.021572,0.1951219512195122,0.195122
C63383579,CC[C@@H](C)[C@@H](C(=O)NCCCOC)NC(=O)[C@@H]1CC2=c3ccccc3=[NH+][C@H]2[C@@H]4N1C(=O)c5c4cccc5,0,7.244,10.847881,0.1619047619047619,0.161905
C39325229,Cc1ccc(c2=[NH+]C(=O)[C@@H](C=c12)CN(Cc3ccccc3)S(=O)(=O)c4ccc(cc4)Br)C,0,7.372,11.16707,0.15053763440860216,0.150538
C13430169,CCC1=C(C(=Nc2ccccc2N1)N/C=C/3\c4ccccc4C(=O)N(C3=O)c5ccc(cc5)C)C(=O)OCC,0,7.22,12.052097,0.22340425531914893,0.223404
C09789683,c1ccc2cc(ccc2c1)S(=O)(=O)N3CCC(CC3)C(=O)NC[C@@H](c4ccco4)[NH+]5CCCCC5,0,8.405,11.364434,0.19540229885057472,0.195402
C38915295,Cc1ccc(cc1)SCC2=C3[C@@H](C(=C(O[C@@H]3N=N2)N)C#N)c4ccc(cc4)Cl,0,8.357,11.592033,0.13580246913580246,0.135802
C04508359,Cc1ccc(cc1C)C(=O)[C@@H](C)OC(=O)c2ccc(c(c2)[N+](=O)[O-])N(C)C,0,7.168,10.919057,0.17073170731707318,0.170732
C24988917,C[C@@H](C(=O)Nc1ccccc1F)[NH+]2CCC(CC2)NS(=O)(=O)c3cccs3,0,7.402,11.572087,0.1724137931034483,0.172414
C48605316,CC1(CC(CC([NH2+]1)(C)C)NC(=O)C(=O)Nc2ccc(cc2)N3CCNC3=O)C,0,8.424,10.498793,0.20481927710843373,0.204819
C13637734,CC(C)Oc1ccc2c(c1)[C@H]3C=CC[C@H]3[C@@H](N2)c4ccc(cc4)O,0,8.694,11.923415,0.18181818181818182,0.181818
C09123780,CCc1ccc(cc1)[C@H]2c3c(n[nH]c3C(=O)N2CCc4ccc(c(c4)OC)OC)c5cc(cc(c5O)C)C,0,8.271,10.83655,0.20224719101123595,0.202247
C09227607,CC[C@@H]1CCCC[NH+]1Cc2ccc(o2)CNC(=O)Nc3cn(c(=O)c4c3cccc4)CC(C)C,0,8.671,11.912417,0.16853932584269662,0.168539
C17156186,c1cc(ccc1NC(=O)CSc2ncc(c(n2)N)S(=O)(=O)c3ccc(s3)Cl)Cl,0,7.021,11.452462,0.22093023255813954,0.22093
C05748509,C[C@H]1CCCC[C@H]1NS(=O)(=O)N(C)C,0,5.302,11.132259,0.10869565217391304,0.108696
C37289618,CC[C@@H](C)NC(=O)[C@@H](C)Oc1ccc(cc1C(=O)[O-])N,0,6.615,10.853106,0.22727272727272727,0.227273
C43119707,C[C@H]([C@@H](c1ccsc1)[NH+](C)Cc2ccccc2Br)[NH3+],0,6.371,11.641407,0.13513513513513514,0.135135
C39364668,Cc1cc2c(c(c1)Cl)O[C@H]([C@@H]2C)C(=O)NCC3=C(N=N[C@@H]3C)C,0,7.893,10.475731,0.1958762886597938,0.195876
C40313383,Cc1cccc(c1)OC[C@H](C[NH+](Cc2cc(c(c(c2)OC)OC)OC)[C@@H]3CCS(=O)(=O)C3)O,0,7.041,11.432222,0.2,0.2
C04217317,CC1([C@@H](N2[C@H](S1)[C@@H](C2=O)NC(=O)[C@@H](c3ccccc3)NC(=O)CNC(=[NH2+])c4ccncc4)C(=O)[O-])C,0,7.747,10.587006,0.1650485436893204,0.165049
C35361452,CC(=O)[C@]1(CC[C@H]2[C@@]1(CC[C@H]3[C@@H]2CCC4=C/C(=N\OCC(=O)NCCc5c[nH]c[nH+]5)/CC[C@]34C)C)O,0,8.04,10.81077,0.12727272727272726,0.127273
C32603007,CC1(OC[C@H](O1)[C@H]2[C@H]([C@H]3[C@@H](O2)OC(O3)(C)C)OC(=O)c4ccc(cc4)/N=N/c5ccc(cc5)N(C)C)C,0,8.078,11.744764,0.16455696202531644,0.164557
C39593002,c1cc(ccc1C2=C[C@H](N=N2)c3nnc4n3N[C@@H](S4)c5ccc(o5)Br)Cl,0,8.783,11.752873,0.13580246913580246,0.135802
C60363281,Cc1ccc(c(c1)Sc2ccc(cc2)NC(=O)C[NH+]3CCC[C@H](C3)C4OCCO4)C,0,7.224,11.843601,0.18181818181818182,0.181818
C38806115,CCOC(=O)c1c2c(sc1NC(=O)/C=C/c3cc(c(c(c3)OC)OC)OC)C([NH2+]C(C2)(C)C)(C)C,0,7.325,10.659349,0.19444444444444445,0.194444
C67231210,c1ccc(cc1)OS(=O)(=O)CC[NH+]2CCC[C@H]2c3cccc4c3OCCO4,0,7.528,11.539042,0.16822429906542055,0.168224
C39709157,c1ccc(cc1)[C@H]2C(=c3ccccc3=[NH+]2)C(=O)CSc4[nH]c(=O)cc(n4)N,0,8.411,11.264297,0.1724137931034483,0.172414
C05896427,Cc1ccc(cc1)S(=O)(=O)NNC(=S)Nc2ccccc2C,0,7.382,12.018036,0.171875,0.171875
C63752779,Cc1ccc2=[NH+][C@H](C(=c2c1)NC(=O)c3ccc(cc3)F)C(=O)NCc4c(nn(c4C)C)C,0,8.896,11.26557,0.20952380952380953,0.209524
C34618050,c1cc(ccc1[C@@H](C(F)(F)F)O)[N+](=O)[O-],0,6.101,10.991823,0.16666666666666666,0.166667
C58236560,Cc1ccc(cc1)c2nc(cs2)CC(=O)N[C@H](C)c3ccc(cc3)NC(=O)N,0,8.149,11.814344,0.22784810126582278,0.227848
C13065090,CC[C@H](c1nnnn1CC(=O)OCC)[NH+](Cc2cccs2)Cc3cc4ccc(c(c4[nH]c3=O)C)C,0,7.687,11.135004,0.19047619047619047,0.190476
C04571588,C[C@@H]1CCc2c(sc3c2C(=N[C@H](N3)c4cccn4C)O)C1,0,7.128,11.366034,0.16831683168316833,0.168317
C02151836,CC1(CC(CC([NH2+]1)(C)C)N2CC(=O)N3[C@H](C2=O)Cc4c5ccccc5[nH]c4[C@@H]3c6ccccc6)C,0,8.778,10.82878,0.16842105263157894,0.168421
C36284355,Cc1ccc(cc1)c2nc3c(cccc3n2C(C)C)N,0,7.52,10.987216,0.20270270270270271,0.202703
C33258510,Cc1c(cn(n1)c2ccc(cc2)c3nc(on3)C)C(=O)Nc4cccc5c4CCCC5,0,8.95,10.428591,0.2125,0.2125
C38631948,C[C@H]1CC(=C(N1CCOC)C)C(=O)CSc2[nH]nc(n2)c3ccc(cc3)Br,0,6.446,10.592862,0.18478260869565216,0.184783
C46710012,CC(C)[C@@H](C(=O)N1CCC[NH+](CC1)Cc2cccs2)NS(=O)(=O)c3ccc(cc3)OC,0,5.282,10.974046,0.22784810126582278,0.227848
C06193801,CC[NH+](Cc1ccccc1)[C@H](c2cc3cccc(c3[nH]c2=O)C)c4nnnn4Cc5ccc(cc5)OC,0,8.057,11.473319,0.20408163265306123,0.204082
C09502944,C[NH+](Cc1ccc(o1)c2ccc(cc2)Cl)CC(=O)Nc3ccccc3SCC#N,0,7.214,11.822999,0.19230769230769232,0.192308
C33810556,CCCSc1[nH]c(=O)c2c(n1)NC3=C([C@H]2c4ccc(cc4)CC)C(=O)CC(C3)(C)C,0,8.061,11.174142,0.13793103448275862,0.137931
C35462892,C[NH2+][C@@H](c1ccc(cc1)Br)c2ccccc2C(F)(F)F,0,7.624,11.59207,0.15254237288135594,0.152542
C02457860,CCc1ccc(cc1)N2C(=O)Nc3ccc(cc3[C@]2(C(=O)N[C@@H](C)CC)O)Br,0,7.746,10.952738,0.21176470588235294,0.211765
C11705754,Cc1cc(no1)C(=O)NC[C@H]2CCC[NH+](C2)Cc3ccc(s3)C#CC(C)(C)O,0,7.76,11.644636,0.17307692307692307,0.173077
C07049270,Cc1ccc2cc(c(nc2c1C)Cl)CSc3nc(cc(n3)N)C,0,8.379,11.027012,0.16071428571428573,0.160714
C45329773,CCOC(=O)C[C@H](C[C@@H](/C=C/c1c(nc(nc1C(C)C)N(C)S(=O)(=O)C)c2ccc(cc2)F)O)O,0,8.366,11.117229,0.21978021978021978,0.21978
C12090163,CC[NH+]1[C@H]([C@H](C[C@@]1(C)CO)C[NH2+]CC2CC2)c3ccc(cc3)Cl,0,6.272,11.438727,0.13829787234042554,0.138298
C28864152,Cc1c2ccccc2sc1C[NH+]3CCc4c(c(=O)n(c(n4)[O-])CC[NH+](C)CCc5ccccn5)C3,0,7.355,11.252975,0.18181818181818182,0.181818
C17749652,C[C@H](C(=O)Nc1cc(ccc1Cl)[N+](=O)[O-])Sc2[nH]c(cn2)c3ccc(cc3)F,0,8.398,11.013983,0.18888888888888888,0.188889
C08978292,CCCCc1nnc(n1N)SCC(=O)Nc2c(c3c(s2)C[C@H](CC3)C)C(=O)OCC,0,6.011,11.40373,0.18032786885245902,0.180328
C05137081,Cc1cc(ccc1[N+](=O)[O-])C(=O)NCCc2c(nc(s2)c3cccc(c3)F)C,0,8.175,11.313883,0.2072072072072072,0.207207
C05522875,c1ccc(cc1)N(c2ccccc2)C(=O)CSc3[nH]nc(n3)c4ccccc4O,0,8.444,11.532615,0.19117647058823528,0.191176
C45047151,CC1(CCCCC1)NC(=O)[C@@H]2CCc3ccccc3N2,0,7.903,10.902623,0.2,0.2
C22626081,Cc1cccc(c1)[C@@H](c2c(n3c(s2)nc(n3)C)[O-])[NH+]4CCC[C@@H](C4)C,0,7.779,11.096728,0.16666666666666666,0.166667
C20593947,c1cc(ccc1n2c(c(cn2)Br)C(F)(F)F)[N+](=O)[O-],0,7.16,11.655665,0.1780821917808219,0.178082
C31159791,C/C=C/c1ccc2c(c1)cc(o2)c3ccc(cc3O)O,0,8.569,12.217637,0.2037037037037037,0.203704
C01789604,c1ccc(cc1)n2c(=O)c3ccccc3nc2SCc4[nH]c(=O)c5c(n4)-c6ccccc6CC57CCCCC7,0,10.221,11.115161,0.18823529411764706,0.188235
C03482527,C[C@H](C(=O)NC(=O)N)Sc1nnc(n1c2ccccc2C(C)C)c3ccc(cc3)Cl,0,7.554,10.490976,0.189873417721519,0.189873
C19790685,C[C@@H]1CC[C@H]([C@H](C1)OC[C@H](CN2CC[NH+](CC2)CCN3C(=O)c4cccc5c4c(ccc5)C3=O)O)C(C)C,0,8.52,11.403636,0.168141592920354,0.168142
C03865677,CCc1ccc(cc1)/C=C\2/C(=O)N(C(=S)S2)CC(=O)Nc3ccc(cc3O)[N+](=O)[O-],0,7.345,11.23274,0.19753086419753085,0.197531
C10210893,CC(C)[C@H](C(=O)NC(=O)N)OC(=O)c1ccccc1NS(=O)(=O)c2ccc3c(c2)OCCO3,0,7.723,10.603274,0.17757009345794392,0.17757
C08553728,c1ccc(cc1)NC(=O)c\2cc3cc4c5c(c3o/c2=N\c6cccc(c6)C(=O)N)CCCN5CCC4,0,10.459,11.61997,0.18823529411764706,0.188235
C39757541,C=CCn1c(nnc1SCC(=O)c2ccc(c(c2)[N+](=O)[O-])Cl)CCNC(=O)c3ccccc3F,0,7.842,11.392241,0.19,0.19
C20082452,CCc1ccc2c(c1)cc(c(=O)[nH]2)[C@H](c3nnnn3C4CCCCC4)N(Cc5cccs5)C[C@@H]6CCCO6,0,7.76,11.67884,0.15789473684210525,0.157895
C63230045,c1ccc2cc(ccc2c1)C(=O)NC[C@@H]([C@H]3CC=CS3)C4=c5ccccc5=[NH+]C4,0,9.505,10.477313,0.1951219512195122,0.195122
C33279540,Cc1ccc(cc1NC(=O)CNS(=O)(=O)c2cc(cs2)c3nc(on3)C4CCC4)Cl,0,7.619,11.383876,0.19230769230769232,0.192308
C63683241,c1ccc(cc1)c2c(oc(n2)NC(=O)CSC3=NC(=O)CC(=N3)c4ccccc4)c5ccccc5,0,10.121,10.956817,0.2236842105263158,0.223684
C04916645,Cc1ccc(nc1)N2[C@@H](c3ccccc3C2=O)Nc4cccc(c4C)C,0,9.547,11.765624,0.20512820512820512,0.205128
C01058881,c1ccc(cc1)n2c(nnc2SCC(=O)Nc3nccs3)c4ccccc4O,0,7.559,11.456492,0.1891891891891892,0.189189
C33051525,CCc1ccccc1NC(=O)N2Cc3c(nn(c3-n4cccc4[C@H]2c5ccc(cc5)C(C)C)c6ccccc6)C,0,9.802,11.800679,0.17,0.17
C12488510,CCC(C)(C)NC(=O)[C@@H](c1cccc(c1)OC)N(c2cccc(c2C)C)C(=O)CNC(=O)c3cccs3,0,8.544,11.857332,0.19,0.19
C48081283,c1cc(ccc1CNC(=O)Nc2ccc(nc2)OCC(F)(F)F)[N+](=O)[O-],0,7.742,11.811357,0.23863636363636365,0.238636
C38667066,Cc1ccc(cc1NC(=O)C(=O)NC[C@@H](c2ccc(cc2)N(C)C)N3CCc4ccccc4C3)[N+](=O)[O-],0,8.681,11.658912,0.19008264462809918,0.190083
C40917148,COc1cc(cc(c1OCc2ccccc2F)Br)[C@H]3C4=C(CCCC4=O)Nc5n3nnn5,0,8.673,11.192187,0.21568627450980393,0.215686
C20732819,C[NH+](CCCNC(=O)C[C@@H]1C(=O)Nc2ccccc2N1)C3CCCCC3,0,7.124,11.273149,0.1919191919191919,0.191919
C38736223,Cc1c(sc(n1)c2cccc(c2)F)CCNC(=O)c3ccc(cc3Cl)[N+](=O)[O-],0,8.226,11.322405,0.23636363636363636,0.236364
C18024420,CN(C)c1ccc(cc1)/C=N/NC(=[NH2+])S[C@H]2CC(=O)N(C2=O)c3ccc(cc3)Br,0,7.541,11.822548,0.22077922077922077,0.220779
C12513300,Cc1ccc(cc1C)n2c(nnc2SCC(=O)Nc3ccccc3N4CCCC4)c5ccncc5,0,8.712,11.127841,0.20192307692307693,0.201923
C12450388,c1cscc1CC(=O)N(CCC2=CCCCC2)Cc3cc4cc5c(cc4[nH+]c3N6CCOCC6)OCO5,0,8.784,11.18797,0.1746031746031746,0.174603
C58895156,CCOc1ccc(cc1)[C@@H](CCC(=O)N/N=C\c2ccc(c(c2)CC=C)OCc3cccc4c3cccc4)O,0,7.313,11.630947,0.22105263157894736,0.221053
C64789115,CC[NH+](CC)c1ccc(cc1)[C@H]2C/C(=C/3\C(=O)NC(=O)N(C3=O)c4cccc(c4)Cl)/NN2C(=O)C,0,7.824,11.020209,0.2087912087912088,0.208791
C12605593,Cc1ccc(cc1S(=O)(=O)N2CCCCCC2)NS(=O)(=O)c3ccc4c(c3)ccc(=O)o4,0,6.436,11.826664,0.20689655172413793,0.206897
C29403818,Cn1cc[nH+]c1[C@H](c2ccc(cc2)OC)Nc3cnn(c(=O)c3Cl)c4ccccc4C(=O)OC,0,7.327,11.983345,0.22580645161290322,0.225806
C02247337,c1cc(cc(c1)F)/C=C/2\C(=O)N/C(=N\c3cccc(c3Cl)Cl)/S2,0,7.324,11.823078,0.1839080459770115,0.183908
C13811119,CCOc1ccc(cc1)[C@@H]2C3=C(c4ccccc4O2)N=C5[NH+]=CNN5[C@H]3c6ccc(c(c6)OC)OCC,0,8.03,11.906847,0.21052631578947367,0.210526
C35842497,CC(C)(C)c1ccc(cc1)CN(CCc2c[nH]c3c2cccc3)C(=O)CN(CCCOC)C(=O)C4CCCC4,0,7.09,11.819807,0.19318181818181818,0.193182
C17306239,Cc1cc(cc(c1C)NC(=O)C[NH+](C)[C@@H](C)c2ccc(cc2)n3cncn3)S(=O)(=O)N,0,8.279,11.700563,0.16129032258064516,0.16129
C35968370,CC(C)[C@@H](C(=O)NCc1ccco1)N2CC3=C(C2=O)[C@@H](NC(=O)N3C)c4cccc(c4)Oc5ccccc5,0,8.172,10.941251,0.2413793103448276,0.241379
C14731859,c1cc(ccc1c2cnc(o2)CCC(=O)Nc3ccc(cc3)S(=O)(=O)Nc4nccs4)Cl,0,7.931,11.785995,0.2159090909090909,0.215909
C39362574,CCOc1ccc(cc1)N2[C@@H](NN=C2SCC(=O)NC[C@H]3CCCO3)Cc4cc(=O)[nH]c(=O)[nH]4,0,8.045,11.579725,0.18627450980392157,0.186275
C34786861,Cc1cc(n(n1)c2nc(c3c4c(sc3n2)CCC4)N(Nc5ccccc5)Nc6ccccc6)C,0,8.885,11.889363,0.2361111111111111,0.236111
C06996470,CCCCn1c2ccc(cc2nc1C[NH2+][C@@H](C)c3ccccc3Cl)S(=O)(=O)N,0,7.361,11.416636,0.22093023255813954,0.22093
C64760757,Cc1ccc(c(c1)C)NC(=O)c2cc(n3c(n2)ccn3)C(C)C,0,7.829,10.914395,0.20430107526881722,0.204301
C35667416,Cc1ccc(cc1)n\2cc([nH]/c2=N\C(=O)C[NH2+]C[C@@H]3CCCO3)c4ccc(cc4)OC,0,7.766,11.560372,0.22093023255813954,0.22093
C15957033,C[C@@]12CCC(=O)C=C1CC[C@@H]3[C@@H]2CC[C@]4([C@@H]3CC[C@]4(C(=O)COC(=O)CCC(=O)NCc5ccccn5)O)C,0,7.455,11.062627,0.19047619047619047,0.190476
C08757693,c1ccc(cc1)N/C(=C\2/C(=O)NC(=O)N(C2=O)c3ccc(cc3)Br)/NCc4ccccc4C(F)(F)F,0,8.63,11.216812,0.2153846153846154,0.215385
C53457964,CC(C)(C(=O)N(C)Cc1ccc(cc1)C#N)NC(=O)NC,0,6.575,11.808876,0.19047619047619047,0.190476
C05444699,CCOc1ccc2ccc(c(c2c1)[C@@H]3c4c(n[nH]c4OC(=C3C#N)N)C)OCC,0,6.941,11.632879,0.24390243902439024,0.243902
C09033500,Cc1cc(c(c(c1CC[C@@](C)(C#C[C@@H]2c3c(cc4c(c3OC)OCO4)CC[NH+]2C)O)C)C)OC,0,8.024,10.843148,0.17307692307692307,0.173077
C06523255,C[C@@H]1CCc2c(c(no2)C(=O)N[C@H]3CCCC[C@@H]3C)C1,0,8.831,11.753481,0.14736842105263157,0.147368
C23038235,CCC[NH+](Cc1nc(c2c3c(sc2n1)CCCCC3)N)CC(=O)Nc4ccccc4C,0,6.153,11.712344,0.18292682926829268,0.182927
C01432612,CC1(CC2=C([C@H]([NH+]=C(N2)Nc3nc4ccccc4o3)c5ccc(cc5)F)C(=O)C1)C,0,9.107,11.546278,0.19047619047619047,0.190476
C56955949,C[C@@H]1C=CC2=CCC[C@H]([C@@H]2[C@@H]1CC[C@@H]3C[C@@H](CC(=O)O3)O)[C@@H](C)[C@@H](C)C(=O)[O-],0,8.357,10.925525,0.13513513513513514,0.135135
C43763814,C[C@@]12CCCC([C@H]1[C@@H](C[C@]3([C@H]2C(=O)C[C@@](O3)(C)C=C)C)O)(C)C,0,7.488,11.027044,0.12631578947368421,0.126316
C10338932,Cc1c(c2[nH]c(cc(=O)n2n1)CSc3nnc(s3)N)c4ccc(cc4)Br,0,8.18,11.050663,0.16455696202531644,0.164557
C08345956,c1ccc(cc1)c2c3cc(cnn3c(=S)[nH]2)C(=O)c4ccccc4O,0,9.592,11.463832,0.20967741935483872,0.209677
C20683096,CN(C1CCCCC1)S(=O)(=O)c2ccc3c(c2)[C@@H]4C=CC[C@H]4[C@@H](N3)c5cc(c(c(c5)OC)OC)OC,0,7.5,11.355892,0.1574074074074074,0.157407
C36969328,C[C@H]1CCCC[C@H]1Nc2ccc3c(c2)NC(=O)[C@@H](O3)C,0,7.604,10.732764,0.17857142857142858,0.178571
C12913493,CC(C)[C@H](c1ccc2c(c1)OCCCO2)[NH2+]Cc3csc(n3)c4ccc(c(c4)OC)OC,0,6.422,11.484191,0.1797752808988764,0.179775
C09722403,c1ccc2c(c1)[nH]c(=O)n2C3CC[NH+](CC3)CC(=O)NN4C(=O)C5(CCCCC5)NC4=O,0,8.988,11.098524,0.1702127659574468,0.170213
C42334069,Cc1ccc(cc1NC(=O)[C@H](C)N[C@H](C)c2cccc(c2)Cl)[N+](=O)[O-],0,8.094,10.777056,0.19736842105263158,0.197368
C43078846,CC(C)(C)OC(=O)NNC(=O)NC[C@@H](c1ccccc1)c2c[nH]c3c2cccc3,0,8.555,11.817648,0.1834862385321101,0.183486
C40762777,c1cc(ccc1c2ccc3c(c2)cnn(c3=O)c4ccc([nH+]c4)N5CC[C@H](C5)NN6CCOCC6)Cl,0,8.964,11.027311,0.22549019607843138,0.22549
C12186354,CC(C)(C)c1c2cc(c(=O)[nH]c2n(n1)c3ccccc3)C[NH2+]C4CC4,0,8.379,11.268948,0.2111111111111111,0.211111
C09328284,CCn1c(nnc1SCC(=O)c2ccc(cc2)C#N)[C@@H](C)NC(=O)c3ccc(cc3)Cl,0,7.615,10.729859,0.18181818181818182,0.181818
C18230170,Cc1cccc([nH+]1)N/C=C/2\c3ccccc3C(=O)N(C2=O)c4cccc(c4)S(=O)(=O)NCc5ccco5,0,9.162,12.127862,0.16842105263157894,0.168421
C01382425,CCc1ccc2c(c1)cc(c(=O)[nH]2)[C@@H](c3nnnn3Cc4ccco4)N(Cc5cccnc5)Cc6ccccc6Cl,0,8.674,11.771144,0.21153846153846154,0.211538
C58828583,C[C@@H](c1ccc(cc1)S(=O)(=O)N)N(C)C(=O)Nc2ccccc2C(F)(F)F,0,8.005,11.20311,0.189873417721519,0.189873
C39532318,CCc1ccc(cc1)[C@H](CNc2ccccc2O)N3CCN[C@@H](C3)Cl,0,8.106,11.666718,0.18691588785046728,0.186916
C40426493,CC(C)C[C@@H](C(=O)NC1CC[NH+](CC1)C)N2CC3=C(C2=O)[C@@H](NC(=O)N3C)c4ccccc4C(F)(F)F,0,7.994,10.864012,0.17204301075268819,0.172043
C17982574,COCCCN(c1c(n(c(=O)[nH]c1=O)Cc2ccccc2)N)C(=O)CSc3ccc(c(c3)F)F,0,7.616,11.548607,0.22115384615384615,0.221154
C43313972,CC[C@H](CO)NC(=O)/N=c/1\[nH]c2ccc(cc2s1)C,0,7.071,11.787702,0.20238095238095238,0.202381
C38546638,c1cc[nH+]c(c1)N2CC[NH+](CC2)[C@@H](c3ccccn3)c4c5c(sc4NC(=O)c6ccco6)CCCC5,0,8.605,10.808132,0.17543859649122806,0.175439
C17157288,Cc1ccc(cc1C)S(=O)(=O)N2CCC(CC2)C(=O)NNC(=O)C34CC5CC(C3)CC(C5)C4,0,9.193,10.627575,0.1951219512195122,0.195122
C62826103,Cc1cc(c(c(c1)C(=O)[O-])NC(=O)N(C)[C@H](C)C2CC2)C,0,6.877,10.615208,0.15789473684210525,0.157895
C33270923,Cc1ccc(cc1)c2nc([nH]n2)SCc3nc(on3)CCC(=O)Nc4cc(ccc4C)Cl,0,7.692,10.395695,0.17582417582417584,0.175824
C20284357,CCOc1ccc(cc1)NC(=O)[C@H](CC(C)C)NS(=O)(=O)c2ccc3c(c2)oc(=O)n3C,0,7.839,11.913647,0.21929824561403508,0.219298
C63375763,CCc1cc(=O)oc2c1cc(c(c2)O[C@@H](C)C(=O)NCCC3=c4ccccc4=[NH+]C3)Cl,0,9.097,10.891036,0.2037037037037037,0.203704
C20737671,CC[NH+]1CCC[C@H]1CNC(=O)c2ccc3c(c2)N(C(=O)/C(=C/c4ccccc4)/S3)Cc5cccc(c5)C,0,8.661,11.816935,0.21428571428571427,0.214286
C12219039,c1cc(oc1)C[NH+]2CCC(CC2)(c3ccc4c(c3)cc(o4)C(=O)NCc5ccc6c(c5)OCO6)O,0,8.767,11.3541,0.18085106382978725,0.180851
C39655951,Cc1ccc2c(c1)c(c[nH]2)CCNC(=O)[C@@H]3CN(CC34CC[NH2+]CC4)C(=O)[C@H](C)Oc5ccccc5,0,8.311,10.474917,0.17708333333333334,0.177083
C39933039,Cc1cc(cc(c1)Oc2cc(nc(n2)SC)n3c(c(c(n3)SC)C#N)N)C,0,7.526,13.249515,0.13953488372093023,0.139535
C13568120,CCn1c(nnc1S[C@H](C)C(=O)Nc2ccc3c(c2)OCO3)[C@H](C)NC(=O)c4ccccc4,0,7.379,10.626799,0.21,0.21
C08343761,COc1ccc(cc1)[C@@H](CNC(=O)C[C@H]2c3ccccc3C(=O)O2)[NH+]4CCOCC4,0,8.159,11.068352,0.2077922077922078,0.207792
C03953782,c1cc(ccc1N2C=NC(=NC23CCCCC3)N)Br,0,7.127,11.0119,0.15,0.15
C24640142,CCOC(=O)c1c(c(c(s1)N)C#N)CSc2nc3c(c(c(s3)C)C)c(=O)n2C,0,7.558,11.10149,0.1836734693877551,0.183673
C65464072,Cc1cc(cc(c1C)S(=O)(=O)N)C(=O)NCC2(CCC2)CO,0,7.093,11.527319,0.17647058823529413,0.176471
C63941240,CCCCC[C@H]1NN[C@@H](S1)NC(=O)[C@@H]2CC(=O)N(C2)CCC3=c4cc(ccc4=[NH+]C3)C,0,7.79,10.635332,0.17094017094017094,0.17094
C09813353,CCCCn1c(c(c(=O)[nH]c1=O)N(C2CCCC2)C(=O)c3ccc(s3)c4ccc(cc4)F)N,0,7.497,11.091499,0.1978021978021978,0.197802
C35697754,CC1=C([C@@H](N2C(=CSC2=N1)/C=C(/NCc3ccco3)\[O-])c4ccc(c(c4)OC)OC)C(=O)OC,0,7.1,11.184775,0.21666666666666667,0.216667
C02154830,C[NH+]1CCc2cc3c(c(c2[C@H]1c4c(=O)[nH]c(=S)n(c4O)c5ccccc5OC)OC)OCO3,0,7.708,11.11311,0.1827956989247312,0.182796
C36069370,C[C@H]1CCc2c(sc3c2c(=O)n(c(n3)C[NH+](C)C)CC(=O)OCC(C)C)C1,0,6.341,10.882905,0.15454545454545454,0.154545
C67382827,CCc1ccc(cc1)[C@@H](CNC(=O)NNC(=O)c2c(ccs2)C)[NH+](C)C,0,7.348,11.87161,0.17647058823529413,0.176471
C45830135,C[C@H](C(=O)Nc1ccc(cc1[N+](=O)[O-])Cl)Sc2nnc(n2c3ccccc3)C[NH+]4CCCC4,0,7.853,11.552814,0.20388349514563106,0.203883
C39431393,C[C@@]12CC[C@@H](C1(C)C)C(=O)N(C2=O)c3ccc(cc3)C(=O)OC,0,7.342,11.264895,0.2,0.2
C06703835,CC(C)(C)c1ccc(cc1)c2nnc(o2)c3ccc(cc3)N,0,7.497,11.108646,0.18604651162790697,0.186047
C03227169,c1ccc(cc1)[C@]2(C(=C3N(c4ccccc4S3)C(=O)N2)C#N)C(F)(F)F,0,8.05,11.042763,0.1694915254237288,0.169492
C65074809,Cc1ccc(c(c1)C)S(=O)(=O)N2CCC3(CC2)C(=[NH+]CCN3)NC(C)(C)C,0,7.108,11.040133,0.16831683168316833,0.168317
C02211399,Cc1ccc(cc1C)n2c(c(c3c2nc4ccccc4n3)C(=O)OCC=C)N,0,8.541,10.844783,0.1958762886597938,0.195876
C01017574,Cc1c(c(=O)n(n1C)c2ccccc2)NC(=O)CSc3c4c5c(sc4ncn3)C[C@H](CC5)C,0,8.272,11.665507,0.21621621621621623,0.216216
C14625038,c1ccc2c(c1)n(c(=O)o2)CC(=O)Nc3nc(c(s3)c4cccs4)c5cccs5,0,7.804,11.21701,0.18681318681318682,0.186813
C25677458,Cc1ccc(c(c1)C)S(=O)(=O)N2CC[NH+](CC2)[C@@H](C)C(=O)Nc3c(ccs3)C(=O)N,0,7.384,11.268583,0.16831683168316833,0.168317
C16434074,CCCCN(CC(=O)Nc1cc(nn1c2ccc(cc2)C)C(C)(C)C)C(=O)c3ccc(cc3)c4ccccc4,0,8.545,11.264787,0.1956521739130435,0.195652
C00631010,Cc1cc2c(cc1C)NC3=C([C@H](N2)c4ccc(cc4)C(=O)OC)C(=O)CC(C3)(C)C,0,7.062,11.255671,0.19230769230769232,0.192308
C35705805,c1ccc2c(c1)c(c[nH]2)CC[NH+](Cc3ccc4c(c3)OCO4)Cc5nc(co5)C(=O)NCC6CC6,0,8.964,11.573068,0.17346938775510204,0.173469
C05256177,COc1ccc(cc1)[C@@H]2c3cccn3CCN2C(=O)Nc4cccs4,0,7.082,11.0843,0.22535211267605634,0.225352
C41585407,Cc1cc(c(c2c1C(=O)/C(=C/C=C/c3ccccc3)/O2)C[NH+]4CCN(CC4)c5ccccc5F)O,0,9.748,11.180399,0.17699115044247787,0.176991
C08779731,CCN(Cc1ccc2c(c1)OCCO2)C(=O)CSc3nnc(n3c4ccc(cc4)F)[C@H](C)[NH+](C)C,0,7.354,11.256097,0.15833333333333333,0.158333
C06282815,COc1ccc2cc(c(=O)[nH]c2c1)C[NH+](Cc3cccs3)Cc4nnnn4C[C@H]5CCCO5,0,7.329,11.612665,0.18032786885245902,0.180328
C10980429,Cc1ccc(cc1O)C(=O)O[C@H](C)C(=O)Nc2cc(ccc2Cl)S(=O)(=O)N3CCCCC3,0,8.253,11.196402,0.1826086956521739,0.182609
C14912166,CC[C@]1(C(=O)N(C(=O)N1)CC(=O)Nc2cc(ccc2N3CCCCC3)Cl)c4ccccc4,0,8.489,10.595974,0.22340425531914893,0.223404
C44783018,C[C@H](C(C)C)NC(=O)C1(CCCC1)/C(=N/O)/N,0,6.561,10.583355,0.10294117647058823,0.102941
C63426904,C[C@H]1C/C(=C\c2cc(c(c(c2)OC)OC)OC)/C3=C(C1)[C@H](NC(=S)N3)c4cc(c(c(c4)OC)OC)OC,0,7.923,11.039657,0.16216216216216217,0.162162
C06464479,CCOc1cc(ccc1O)/C=C\2/C(=N/C(=N\c3cccc(c3C)C)/S2)O,0,7.399,12.434005,0.22077922077922077,0.220779
C60280644,C#CCN1C(=[NH2+])[C@H]([NH+]=C1C2CC2)c3cccc(c3)F,0,7.454,11.804305,0.18085106382978725,0.180851
C43215780,c1ccc(cc1)C[C@@H](c2ccccc2)NC(=O)c3coc(n3)c4ccc(cc4)N,0,8.407,11.6054,0.2564102564102564,0.25641
C08854980,CCCCOc1ccc(cc1)C2=NN=C3[C@H]2[C@H](C(=C(O3)N)C#N)c4cc5c(cc4Br)OCO5,0,7.945,11.688538,0.2018348623853211,0.201835
C06312658,C/C(=N\Nc1ccccn1)/c2ccc3c(c2)Nc4ccccc4S3,0,8.185,11.730433,0.20987654320987653,0.209877
C13654256,C[C@@H]1C[C@@H](C[NH+](C1)Cc2c(ccc3c2O/C(=C/c4cn(c5c4cc(cc5)OC)C)/C3=O)[O-])C,0,8.079,11.293693,0.1717171717171717,0.171717
C21660736,Cc1c2c(n(n1)c3[nH]c4ccccc4n3)NC(=O)C[C@H]2c5ccc(cc5)C(F)(F)F,0,9.233,11.627557,0.16470588235294117,0.164706
C06843952,C[C@@H](c1nnc(o1)c2cccs2)Sc3nc(n(n3)c4ccccc4)C5CC5,0,7.906,10.832136,0.17894736842105263,0.178947
C39686601,C[C@H](Cc1ccccc1OC)NC(=O)[C@H]2CN(CC23CC[NH2+]CC3)C(=O)c4cccn4C,0,7.566,10.774119,0.19047619047619047,0.190476
C03841359,CC(=O)Nc1ccc(cc1)S(=O)(=O)Nc2ccc3n(c2=O)C[C@H]4C[C@@H]3C[NH+](C4)CCCc5ccccc5,0,8.222,11.720692,0.1827956989247312,0.182796
C38702817,CCc1ccc2c(c1)c(=O)c3c(o2)C(=O)N[C@H]3c4ccc(c(c4)Cl)Cl,0,8.199,11.395019,0.16494845360824742,0.164948
C14479336,Cc1ccc(c(c1)C)NS(=O)(=O)c2ccc3c(c2)[C@@H]4C=CC[C@H]4[C@@H](N3)c5ccc(c(c5)OC)OC,0,9.266,11.464128,0.17475728155339806,0.174757
C40376889,CCC[C@H](/C(=N/O)/N)NS(=O)(=O)c1cc(cc(c1)Cl)Cl,0,6.622,10.478578,0.17567567567567569,0.175676
C02518742,Cc1cc(ccc1O[C@@H](C)c2nnc(n2CC=C)S)Cl,0,6.092,10.509547,0.19540229885057472,0.195402
C14151958,CCc1ccccc1NC(=O)COC(=O)c2c(c3c(cc(nc3s2)C)C)N,0,7.983,11.717511,0.20652173913043478,0.206522
C02645160,c1ccc2c(c1)CN(C2=[NH2+])c3ccc(cc3)c4ccc(cc4)N5Cc6ccccc6C5=[NH2+],0,10.352,10.75538,0.16216216216216217,0.162162
C12925347,CCCC(=O)Nc1ccc(cc1)C(=O)[C@H](C)OC(=O)[C@@]23CCC(=O)N2c4ccccc4S3,0,7.978,10.810718,0.19753086419753085,0.197531
C13064445,CC[C@@H](c1nnnn1C2CCCC2)[NH+](Cc3ccc(cc3)C)Cc4cc5cc6c(cc5[nH]c4=O)OCCO6,0,8.883,11.644154,0.1721311475409836,0.172131
C64050837,c1ccc(cc1)c2ccccc2NC(=O)COC(=O)CCC3=NC(=O)C4=C5CCCC[C@@H]5SC4=N3,0,8.892,11.290328,0.18947368421052632,0.189474
C15675588,Cc1ccc(cc1)CN2Cc3c([nH]c[nH+]3)C[C@H]2c4nc(no4)c5ccc(cc5)OC(F)(F)F,0,9.489,11.561461,0.17582417582417584,0.175824
C62851373,Cc1c(cccc1[N+](=O)[O-])CC2(CC[NH2+]CC2)C(=O)[O-],0,6.4,11.067008,0.21052631578947367,0.210526
C13064513,CC[C@@H](c1nnnn1CCOC)[NH+](Cc2ccc(cc2)C)Cc3cc4cc(c(cc4[nH]c3=O)OC)OC,0,7.483,11.784242,0.17355371900826447,0.173554
C09403374,C[C@H]1Cc2cc(ccc2O1)C(=O)C3=C(C(=O)N([C@H]3c4ccc(cc4)OC)CCC[NH+](C)C)[O-],0,7.305,10.757259,0.22988505747126436,0.229885
C27231993,Cc1ccc(cc1)c2c(cn(n2)c3ccccc3)C(=O)c4nc(ns4)CC(=O)C,0,8.961,10.784735,0.18604651162790697,0.186047
C21808570,CC1CCC(CC1)NC(=O)[C@]2(Cn3c4ccsc4cc3C(=O)N2CCc5ccccc5)C,0,8.524,10.775437,0.24050632911392406,0.240506
C65882705,CC(C)(C)c1nc(no1)c2ccc(cc2)NC(=O)[C@@H]3CC(=O)N(C3)C4CCCC4,0,7.871,10.892655,0.22784810126582278,0.227848
C49763116,C[C@H](c1ccccc1Cl)[NH2+]CC(=O)/N=c\2/[nH]c(cs2)c3ccc(cc3)OC,0,7.281,11.489206,0.21333333333333335,0.213333
C00305800,CCC(=O)NC1=C(C2(CCCCC2)Cc3c1cccc3)C#N,0,7.94,11.455276,0.20388349514563106,0.203883
C39669190,c1ccc(cc1)c2ccc(o2)C(=O)N3C[C@@H](C4(C3)CC[NH2+]CC4)C(=O)NC[C@H]5c6ccccc6CCO5,0,9.608,11.023531,0.1595744680851064,0.159574
C63135279,CCCCC1=[NH+][C@H](ON1)[C@H](C)Sc2nnc(n2C[C@@H]3CCCO3)C4=c5ccccc5=[NH+]C4,0,7.332,11.271311,0.13157894736842105,0.131579
C57945367,Cc1cccc(c1OC[C@H](C[NH+](C)[C@@H](C)c2ccc(cc2)S(=O)(=O)N)O)C,0,7.025,11.306477,0.20512820512820512,0.205128
C22504408,CC(C)C(=O)N1CCCc2c1ccc(c2)NC(=O)Nc3ccc4c(c3)OCO4,0,8.438,10.125749,0.22727272727272727,0.227273
C19927053,C/C(=N\NC(=O)c1c(nnn1c2c(non2)N)C[NH+]3CCCCC3)/c4ccc(cc4)Cl,0,7.963,10.773561,0.16666666666666666,0.166667
C57956057,Cc1c(c([nH]c1C(=O)[C@@H](C)OC(=O)c2cc(c(cc2NC(=O)[C@H]3C[C@@H]3C)OC)OC)C)C(=O)C,0,7.802,10.830703,0.19101123595505617,0.191011
C35842575,CCC[NH+](C[C@H](COC(C)C)O)CC(=O)N(CCc1c[nH]c2c1cccc2)Cc3ccc(cc3)C(C)(C)C,0,6.941,11.695084,0.16304347826086957,0.163043
C43254386,CC[C@@H]([C@H](c1ccc(s1)Cl)n2cnc3c2cccc3)[NH3+],0,6.826,11.107166,0.17105263157894737,0.171053
C54197073,CC[C@H](C)[C@@H](C(=O)NCCc1ccccc1C(F)(F)F)NC(=O)N,0,7.052,11.134007,0.1917808219178082,0.191781
C50389797,C[C@H](C/C(=N/O)/N)NS(=O)(=O)c1ccccc1Br,0,6.627,11.180294,0.1506849315068493,0.150685
C00759064,c1cc(c(c(c1)Cl)COc2ccc(cc2)[C@H]3c4c(n[nH]c4OC(=C3C#N)N)c5ccncc5)F,0,9.181,11.059158,0.19801980198019803,0.19802
C58282003,CC(C)NC(=O)c1ccc(cc1NC(=O)CN2C(=O)[C@]3(CCc4c3cccc4)NC2=O)Cl,0,8.296,10.381311,0.2087912087912088,0.208791
C59489262,C/C(=N\NC(=[NH2+])S[C@H]1CC(=O)N(C1=O)c2ccc(cc2)C(=O)[O-])/c3ccc(cc3)Br,0,8.313,11.469188,0.17721518987341772,0.177215
C61845114,c1cc(c(cc1c2nc(no2)c3ccc(cc3Cl)F)N)F,0,8.648,10.787082,0.18421052631578946,0.184211
C12709984,CC[NH+](CC)CCN(Cc1cc2cc3c(cc2[nH]c1=O)OCCO3)C(=O)Nc4ccccc4OC,0,7.826,12.106798,0.22018348623853212,0.220183
C53625674,CC[C@H](C)[C@@H](C(=O)NNC(=O)c1ccc2c(c1)OCCO2)NC(=O)N,0,6.998,11.829497,0.16901408450704225,0.169014
C36313702,CCCCOC[C@H](C[NH+](Cc1c(nn(c1Oc2cccc(c2)F)c3ccccc3)CC)C[C@@H]4CCCO4)O,0,7.499,11.686587,0.19117647058823528,0.191176
C39710574,CCc1ccc2=[NH+]C(=O)[C@@H](C=c2c1)[C@H]([C@@H]3N=NNN3C(C)(C)C)[NH+](Cc4ccc(cc4)F)Cc5ccco5,0,8.006,11.137625,0.16129032258064516,0.16129
C25257998,CC(C)[C@H](C(=O)NNC(=O)c1ccc(cc1)C(C)(C)C)NC(=O)c2c(cccc2F)F,0,7.766,11.560429,0.19480519480519481,0.194805
C12443411,c1ccc(cc1)C[C@@H](C(=O)N)NC(=O)CC2c3ccccc3CCc4c2cccc4,0,6.742,10.6614,0.21428571428571427,0.214286
C62805521,c1cc\2c(cc1OCC(F)F)OC/C2=N\O,0,6.594,10.994137,0.16049382716049382,0.160494
C13506838,Cc1cc(cc(c1)N([C@@H](c2ccccc2)C(=O)NC3CCCC3)C(=O)CNC(=O)c4ccco4)C,0,8.704,10.620201,0.20224719101123595,0.202247
C06757074,CCc1cc(=O)oc2c1cc(c(c2C[NH2+]C[C@H]3CCCO3)O)Cl,0,7.664,11.603217,0.16363636363636364,0.163636
C16646902,CCCCCc1ccc(cc1)C(=O)N2CCC3(CC2)C(=O)N(CN3c4ccccc4)CC(=O)N[C@@H](C)CC,0,8.03,10.634778,0.19148936170212766,0.191489
C02707268,COc1cccc(c1)[C@@H]2C3=C(c4ccccc4O2)N=C5N=CNN5[C@H]3c6cccs6,0,8.178,11.812885,0.17894736842105263,0.178947
C17670479,C[C@@H](c1nnc(o1)c2ccc(cc2)[N+](=O)[O-])Sc3nc4cc(ccc4c(=O)n3CCC(C)C)Cl,0,8.083,10.648346,0.17346938775510204,0.173469
C12104067,Cc1ccc(c(c1C)NC(=O)CSc2[nH]nc(n2)C3CCCC3)[N+](=O)[O-],0,7.319,10.787714,0.17777777777777778,0.177778
C59252024,C[C@H]1CC[C@H]([C@@H](C1)NC(=O)c2ccc(cc2)S(=O)(=O)N3CCNC(=O)C3)C(C)C,0,6.994,11.224107,0.1590909090909091,0.159091
C45899053,CC(C)CNC(=O)CCCCn1c(=O)c2ccccc2n(c1=O)CC(=O)NCc3ccccc3Cl,0,7.514,10.792768,0.1797752808988764,0.179775
C37442681,CCn1c2cccc(c2nc1c3ccc(c(c3)N)C)F,0,8.264,11.209556,0.20987654320987653,0.209877
C08791064,CC(C)[C@@H](C(=O)NC1CCCCC1)NC(=O)[C@@H]2Cc3c4ccccc4[nH]c3[C@H]5N2C(=O)c6c5cccc6,0,8.741,10.57151,0.1891891891891892,0.189189
C10891668,Cc1cccn2c1nc(c2)COc3cccc(c3)C(=O)NNC(=O)c4c[nH]c5c4cccc5,0,9.448,11.874891,0.22330097087378642,0.223301
C19955132,CC1=C([C@@H](C2=C(N1)C[C@H](CC2=O)c3cccs3)c4coc5ccccc5c4=O)C(=O)OC[C@H]6CCCO6,0,8.951,11.381323,0.16037735849056603,0.160377
C09593822,COCCNC(=O)[C@@H]1[C@@H](Nn2c(nnc2S1)c3ccccc3)c4ccc(cc4)Cl,0,8.731,11.237571,0.22727272727272727,0.227273
C58444582,c1ccc(c(c1)C#N)Sc2ccccc2C(=O)NNC(=O)c3ccc4c(c3)OCCO4,0,8.699,11.573669,0.1917808219178082,0.191781
C02504260,Cc1ccc(c(c1)NC(=O)c2cnn3c2nc(cc3C(F)(F)F)c4ccco4)C,0,8.763,11.445822,0.18823529411764706,0.188235
C44714407,Cc1c(c2cc(ccc2[nH]1)C#N)CCNC(=O)[C@H]3CN(CC34CC[NH2+]CC4)C(=O)c5cc(cc(c5)OC)OC,0,8.476,11.040876,0.18269230769230768,0.182692
C63110956,CC(=O)N[C@H](CC1=c2ccccc2=[NH+]C1)C(=O)NC[C@H](c3ccccc3Cl)[NH+](C)C,0,7.921,10.576814,0.16666666666666666,0.166667
C35354262,c1ccc(c(c1)NN)S(=O)(=O)N2CCCCCCC2,0,4.554,11.824422,0.1956521739130435,0.195652
C39666219,Cc1ccc(cc1)O[C@H](C)CNC(=O)[C@H]2CN(CC23CC[NH2+]CC3)C(=O)c4ccc(nc4)Oc5ccccc5,0,8.64,10.639051,0.21428571428571427,0.214286
C65133371,CC(C)CCNC(=O)NNC(=O)C1(CCCCC1)NC(=O)C,0,6.675,10.239202,0.14130434782608695,0.141304
C31874448,Cc1ccc(cc1NC(=O)c2cn(nn2)c3ccccc3Br)S(=O)(=O)N(C)C,0,7.964,10.995171,0.19480519480519481,0.194805
C59489317,Cc1ccc(cc1)/C(=N/NC(=[NH2+])S[C@H]2CC(=O)N(C2=O)c3ccc(cc3)F)/C,0,8.612,11.474497,0.16470588235294117,0.164706
C14263171,C[NH+](C)[C@@H](CNC(=O)[C@@H]1CCCN(C1)S(=O)(=O)c2ccc(cc2)Br)c3ccccc3,0,7.311,11.344987,0.19767441860465115,0.197674
C01182311,c1ccc2c(c1)N[C@H](C3=C(N2)CCCC3=O)c4ccc(cc4Cl)Cl,0,6.351,11.767688,0.19444444444444445,0.194444
C59516497,COc1ccc(c(c1)/C=N/c2cc(ccc2Oc3ccc(c(c3)Cl)Cl)C(F)(F)F)O,0,8.885,11.558307,0.1891891891891892,0.189189
C00678549,CC[C@@H](C)Sc1nc2c(n1C[C@@H](COc3ccc(cc3)Cl)O)c(=O)[nH]c(=O)n2C,0,7.618,11.416647,0.1978021978021978,0.197802
C27017117,CCOc1ccccc1NC(=O)C[C@@H]2C(=O)Nc3ccccc3N2C(=O)c4ccc(cc4)Br,0,7.438,11.694064,0.20689655172413793,0.206897
C13065484,Cc1ccc(cc1)C[NH+](Cc2cc3cccc(c3[nH]c2=O)C)Cc4nnnn4Cc5ccc(cc5)F,0,8.044,11.235788,0.19090909090909092,0.190909
C11267531,CC1CCC2(CC1)C(=O)N(C(=O)N2)NC(=O)CN3C(=O)[C@](NC3=O)(C)c4cccc5c4cccc5,0,8.513,10.583523,0.20253164556962025,0.202532
C66055304,CCOC(=O)C(C)(c1ccc(c(c1)[N+](=O)[O-])C(F)(F)F)C(=O)OCC,0,6.167,11.23066,0.21686746987951808,0.216867
C33266852,Cc1ccc(cc1)CNC(=O)N2Cc3c(nn(c3-n4cccc4[C@@H]2c5ccc(cc5)N(C)C)c6ccccc6)C,0,8.769,11.772591,0.17777777777777778,0.177778
C08413599,Cc1ccc(nc1)NC(=O)C2=C(NC3=C([C@@H]2c4cccc(c4)Oc5ccccc5)C(=O)CCC3)C,0,8.808,12.293691,0.2413793103448276,0.241379
C49605872,C[C@@H](c1ccc(cc1)S(=O)(=O)N)[NH2+]CC(=O)N(Cc2ccco2)[C@H]3CCS(=O)(=O)C3,0,7.203,11.237998,0.18681318681318682,0.186813
C08900396,CC[NH+](CC)c1ccc(c(c1)C)n2nc3cc(c(cc3n2)NC(=O)c4ccc(c(c4)[N+](=O)[O-])Cl)C,0,8.382,11.135846,0.1978021978021978,0.197802
C47128961,C[C@@H]1c2ccsc2CCN1C(=O)N[C@@H](C)c3ccc(cc3)NC(=O)NC4CC4,0,7.745,10.84115,0.2222222222222222,0.222222
C39527842,CC(C)S(=O)(=O)N1[C@H](CCC[C@@]12CCC[C@@H](C2)c3ccccc3O)F,0,7.081,11.070738,0.15384615384615385,0.153846
C36050691,Cc1ccccc1[C@H]2C(=C(N=C3N2C(=CS3)/C=C(/NC[C@H]4CCCO4)\[O-])C)C(=O)OC,0,7.224,11.239811,0.1926605504587156,0.192661
C06546244,CCOC(=O)CN([C@@H](c1ccc(o1)C)C(=O)NC2CCCC2)C(=O)Cn3nc(nn3)c4ccc(cc4)Cl,0,8.14,10.658257,0.20535714285714285,0.205357
C39687190,C[C@@H](Cc1ccccc1F)NC(=O)[C@@H]2CN(CC23CC[NH2+]CC3)C(=O)c4ccc5ccccc5n4,0,8.931,10.963701,0.18518518518518517,0.185185
C00695772,c1c(oc(c1)C(=O)N/N=C/C2CCCCC2)C(=O)N/N=C/C3CCCCC3,0,7.517,11.604637,0.1694915254237288,0.169492
C36050964,CCOC(=O)C1=C(N=C2N([C@@H]1c3cc(cc(c3)OC)OC)C(=CS2)/C=C(/NC[C@H]4CCCO4)\[O-])C,0,6.259,11.187857,0.19090909090909092,0.190909
C06134081,CCOc1ccc2c(c1)cc(c(=O)[nH]2)[C@H](c3nnnn3C4CCCC4)[NH+]5CCN(CC5)c6ccccc6F,0,8.786,11.234962,0.1951219512195122,0.195122
C02368123,c1ccc2c(c1)nc3c(c(n(c3n2)Cc4ccco4)N)S(=O)(=O)c5ccc(cc5)Cl,0,8.113,11.428893,0.18072289156626506,0.180723
C15606069,COCCCN(c1c(n(c(=O)[nH]c1=O)Cc2ccccc2)N)C(=O)[C@@H]3Cc4cc(ccc4OC3)Cl,0,8.193,11.393315,0.22321428571428573,0.223214
C15548600,c1cc(sc1)[C@H]2c3ccsc3CC[NH+]2CC(=O)Nc4c(cc(cc4Cl)Cl)Cl,0,7.064,11.17854,0.1926605504587156,0.192661
C59038452,CCNC(=O)c1ccc(c(c1)NC(=O)N[C@H](C)c2cc3ccccc3o2)C,0,8.152,11.754841,0.23943661971830985,0.239437
C39696863,CN1CCO[C@H](C1)CNC(=O)[C@@H]2CN(CC23CC[NH2+]CC3)C(=O)c4ccc(o4)c5ccc(cc5)F,0,8.525,10.93292,0.23595505617977527,0.235955
C36206498,Cc1ccc(c(c1)c2csc3c2c(=O)[nH]c(n3)C[NH+](CCOC)C[C@H](COC(C)C)O)C,0,6.48,11.73649,0.15702479338842976,0.157025
C66925113,Cc1cc2c(o1)CC(C[C@@H]2NC(=O)NNC(=O)Cc3ccccc3F)(C)C,0,8.425,11.710926,0.1717171717171717,0.171717
C63119347,CCCc1cc2cc(ccc2nc1NN)S(=O)(=O)C,0,6.675,11.193113,0.24,0.24
C11004399,Cc1ccc(cc1)n2c(=O)c3c4c(sc3nc2S[C@H](C)C(=O)Nc5cc(no5)C)CCC4,0,9.136,11.750497,0.16216216216216217,0.162162
C27902294,C[C@@H](C(=O)Nc1ccccc1Sc2ccc(cc2)Cl)N3CC[NH+](CC3)CC(=O)NCC=C,0,7.998,10.539472,0.1927710843373494,0.192771
C22242727,C=CCNC(=O)C[NH+]1CCN(CC1)CC(=O)N2c3ccccc3NC(=O)C[C@H]2C(F)(F)F,0,5.856,11.851855,0.15841584158415842,0.158416
C08909085,CCOc1ccccc1NC(=O)CSc2nnc(s2)NC(=O)[C@H]3CC(=O)N(C3)c4ccc(c(c4)C)C,0,8.06,10.465492,0.21818181818181817,0.218182
C62516477,CC(C)(C)c1nc(c2n1cccc2)C(=O)N3CCC[C@H](C3)CO,0,7.14,11.18459,0.1978021978021978,0.197802
C28297159,CC1([C@H]2CC[C@@]1(/C(=C/OC[C@H](CN3CCN(CC3)C[C@H](CO/N=C/4\C[C@@H]5CC[C@]4(C5(C)C)C)O)O)/C2)C)C,0,7.123,10.862042,0.14563106796116504,0.145631
C16652759,COCCN(CC(=O)N(Cc1ccc2c(c1)OCO2)Cc3ccco3)C(=O)c4cccc(c4)[N+](=O)[O-],0,7.678,11.275379,0.22340425531914893,0.223404
C35547937,CC[NH2+][C@H](c1cc(cc(c1)Cl)Cl)c2c(cc(cc2C)C)C,0,6.583,10.811563,0.15873015873015872,0.15873
C39676765,C[C@H](c1cccc(c1)OC)NC(=O)[C@H]2CN(CC23CC[NH2+]CC3)C(=O)c4ccc(c(c4)C(F)(F)F)OC,0,8.239,10.765415,0.19387755102040816,0.193878
C33371017,Cc1c(sc(n1)N2[C@@H](C(=C(C2=O)[O-])C(=O)c3ccncc3)c4cccc(c4)OCC=C)C(=O)OCC=C,0,7.262,10.935043,0.17307692307692307,0.173077
C38688357,Cc1ccc2c(c1)sc(c2Cl)C(=O)Oc3ccc4c(c3)OC(=C([C@@H]4c5cccs5)C#N)N,0,7.858,11.77508,0.2,0.2
C06282670,COc1ccc2c(c1)cc(c(=O)[nH]2)[C@H](c3nnnn3C4CCCC4)[NH+]5CCC(CC5)Cc6ccccc6,0,9.43,11.353768,0.22033898305084745,0.220339
C39446511,C[C@H]1C(=C2C(=N[C@@H](N(C2=O)c3ccccc3)SCc4[nH]c5ccccc5n4)S1)C,0,8.472,11.434795,0.18691588785046728,0.186916
C09135672,Cc1cc(c2ccccc2n1)NC(=O)C(=O)NC[C@@H](c3ccc4c(c3)CCCN4C)[NH+]5CCCC5,0,9.284,11.676317,0.2184873949579832,0.218487
C66084465,CC[C@H](C)NC(=O)c1cccc(c1)NCC(=O)Nc2cccc(c2C)C,0,8.059,11.52177,0.2112676056338028,0.211268
C48820255,Cc1cccc2c1NC(=O)[C@@H]2[NH2+]Cc3ccccc3Br,0,7.857,11.274063,0.16417910447761194,0.164179
C33069311,Cc1c(c(n(n1)c2ccccc2)N3CCC(CC3)C(=O)NCC[C@@H](C)[NH+]4CCCC4)NC(=O)C,0,7.651,10.889871,0.2247191011235955,0.224719
C57779997,Cc1ccccc1n2c(nnc2S[C@@H](C)C(=O)NCCc3cccs3)c4cccnc4,0,7.459,11.866229,0.19230769230769232,0.192308
C36502056,CC(C)(C)CC(C)(C)NC(=O)[C@@H](c1ccccc1O)N(Cc2ccco2)C(=O)Cc3ccc4c(c3)OCO4,0,7.511,10.957034,0.16822429906542055,0.168224
C00309745,Cc1ccc(cc1Cl)N2[C@@H](Nc3ccccc3C2=O)c4ccccc4,0,9.708,10.784796,0.2,0.2
C39697328,c1ccc(cc1)c2ccccc2NC(=O)CSC3=N[C@H]4C(=c5ccccc5=[NH+]4)N=N3,0,8.84,11.759363,0.16883116883116883,0.168831
C53200638,Cc1ccccc1c2nc(on2)Cc3ccccc3N,0,8.205,11.498135,0.16304347826086957,0.163043
C09187729,CC/C(=N\[C@@H](Cc1c[nH]c2c1cccc2)C(=O)OC)/C3C(=O)NC(=O)N(C3=O)Cc4ccccc4,0,7.816,11.816357,0.21929824561403508,0.219298
C64202776,CCCNC(=O)C1CCN(CC1)C(=O)NC[C@@H]([C@H]2CC=CS2)C3=c4ccccc4=[NH+]C3,0,7.994,11.614465,0.20430107526881722,0.204301
C25589169,CCc1c(c(nc(n1)S[C@@H](C)C(=O)N2CCNC2=O)N)c3ccc(cc3)Cl,0,8.319,10.806356,0.17857142857142858,0.178571
C63831623,COc1ccc(cc1)[C@H](CNC(=O)CN2C(=O)C3(CCCCC3)NC2=O)C4=c5ccccc5=[NH+]C4,0,9.582,11.990089,0.2073170731707317,0.207317
C20294931,Cc1c(c(sc1C(=O)N)NC(=O)C[NH+]2CCN(CC2)C(=O)c3ccco3)C(=O)OC(C)C,0,7.464,10.458368,0.17592592592592593,0.175926
C65474532,CN(C1CCCCC1)C(=O)CNc2ccc(cc2C(=O)N)Cl,0,7.1,12.294421,0.2222222222222222,0.222222
C63744051,Cc1cc(nc(n1)N/C(=N\C(=O)c2ccc(cc2)OC)/[N-]CCC3=c4ccccc4=[NH+]C3)C,0,8.345,11.157434,0.24358974358974358,0.24359
C39426586,CCc1ccc(cc1)c2c(c(nc(c2C#N)S[C@@H](C)C(=O)Nc3cc(on3)C)N)C#N,0,8.231,12.02661,0.17894736842105263,0.178947
C09602459,C[C@H]1CCCC[C@H]1NC(=S)Nc2ccnn2C3CCCCC3,0,7.401,10.746286,0.18055555555555555,0.180556
C28579343,C[C@@H]1CCc2c(sc(c2C#N)NC(=O)Nc3ccccc3Cl)C1,0,7.799,11.312977,0.2376237623762376,0.237624
C09343811,C[NH+](C)CCCN(c1nc2ccc(cc2s1)[N+](=O)[O-])C(=O)CCSc3ccc(cc3)Cl,0,6.802,11.828596,0.16494845360824742,0.164948
C21148512,CCCC[NH+](CCCNC(=O)[C@@H]1CCCN(C1)c2nn3c(=O)cc(nc3s2)C)Cc4ccccc4,0,7.938,10.93746,0.21649484536082475,0.216495
C64340166,CN(C)S(=O)(=O)c1cccc(c1)NC(=O)[C@H](CC2=c3ccccc3=[NH+]C2)NC(=O)c4cccs4,0,8.691,11.131291,0.21621621621621623,0.216216
C13759919,Cc1ccc(cc1)S(=O)(=O)NCCCC[NH+]2CCCC[C@]23Cc4c(cccc4OC)OC3,0,7.646,10.862177,0.16666666666666666,0.166667
C62613763,CS(=O)(=O)c1ccc(c(c1)[N+](=O)[O-])NCCNC(=O)C23C[C@@H]4C[C@H](C2)CC(C4)(C3)c5ccccc5,0,8.949,11.294201,0.1958762886597938,0.195876
C02568557,Cc1c(ccc2c1nc(cc2C(=O)NN)c3ccc(cc3)CC(C)C)Cl,0,8.456,11.252269,0.19047619047619047,0.190476
C35171047,Cc1cccc(c1Nc2c(nc3n2cccn3)c4c(ccs4)C)C,0,7.44,10.69802,0.21348314606741572,0.213483
C08800376,CN1CCCc2c1ccc(c2)[C@H](CNS(=O)(=O)Cc3ccc(cc3)F)[NH+]4CCCCC4,0,8.491,11.098592,0.17857142857142858,0.178571
C58491756,Cc1ccc(cc1)n2c(nnn2)SCCC(=O)N[C@@H](c3ccccc3)c4cccs4,0,7.558,11.177818,0.16304347826086957,0.163043
C02107585,c1ccc2c(c1)cccc2n3c(=O)c(c([nH]c3=S)O)[C@@H]4c5c(c6ccccc6[nH]5)CC[NH2+]4,0,9.459,11.431642,0.16049382716049382,0.160494
C45991701,CCc1ccccc1NC(=O)[C@H](C)Oc2cc(c3c(nn(c3n2)c4ccccc4)C)C,0,8.823,11.756986,0.22448979591836735,0.22449
C15188288,CC(=O)[C@]12[C@H]([NH2+]1)C[C@H]3[C@@]2(CC[C@@H]4[C@H]3CC=C5[C@@]4(CC[C@@H](C5)O)C)C,0,9.034,10.945363,0.1326530612244898,0.132653
C64713895,CCc1ccc(cc1)C2=C[C@@H]3C(=O)N=N[C@H](N3N2)SCc4cccc(c4)Br,0,8.591,11.394883,0.2159090909090909,0.215909
C42953148,CC[C@H]([C@@H](c1ccc(cc1)Br)[NH+](C)Cc2ccco2)[NH3+],0,6.101,11.447769,0.1780821917808219,0.178082
C20413336,Cc1c2c(ccc3c2[C@H](CC4(O3)CCCCC4)O)oc1C(=O)N[C@@H](C)CCc5ccccc5,0,9.197,10.906008,0.17777777777777778,0.177778
C50001328,c1ccc(c(c1)CNC(=O)c2ccc(c(c2)[N+](=O)[O-])N3CCCC3)N4CCCC4,0,8.029,11.075551,0.21505376344086022,0.215054
C09427688,Cc1cccn2c1nc(c(c2=O)/C=C/3\C(=O)N(C(=S)S3)[C@H](C)c4ccccc4)N5C[C@H](C[C@@H](C5)C)C,0,7.805,10.97008,0.1348314606741573,0.134831
C06601583,CCOc1ccc(cc1)[C@H](C(=O)NC2CCCCC2)N(C(=O)Cn3nc(nn3)c4ccc(cc4)C)C(C)(C)C,0,7.49,10.58784,0.22580645161290322,0.225806
C19450342,CC(C)Nc1ncc(c(n1)C2CC[NH+](CC2)Cc3ccccc3OCC#C)c4cccnc4,0,8.576,11.31876,0.23376623376623376,0.233766
C35957632,CC[C@@H](c1ccccc1)C(=O)N[C@H]2CCN(C2)c3[nH+]c4ccccc4n3C5CCCC5,0,8.05,11.45906,0.19318181818181818,0.193182
C59368086,CCCc1c(c([nH]c1C(=O)N(C)CC(=O)N2c3ccccc3NC(=O)C[C@@H]2C)C)C(=O)OC,0,5.962,11.73537,0.16842105263157894,0.168421
C66262570,c1c2c(cc(c1SCc3nc(nc(n3)N)N)Cl)OCCO2,0,7.079,12.024487,0.18055555555555555,0.180556
C13065237,CC[C@@H](c1nnnn1Cc2ccccc2)[NH+](CCc3ccccc3)Cc4cc5c(ccc(c5[nH]c4=O)C)C,0,8.273,11.281419,0.20175438596491227,0.201754
C38654597,c1ccc(cc1)/C=C/C(=O)Oc2ccc3c(c2)OC(=C([C@H]3c4ccc(cc4)[N+](=O)[O-])C#N)N,0,8.92,11.81539,0.28,0.28
C11904190,Cc1ccc(cc1)[C@H](CNS(=O)(=O)c2cc(ccc2OC)N3C(=O)CCS3(=O)=O)[NH+](C)C,0,8.182,10.928411,0.18,0.18
C63384450,c1ccc2=[NH+]CC(=c2c1)C[C@@H]3[C@H]4[C@H](C(=O)N(C4=O)C[C@@H]5CCCO5)[C@]6(N3)c7ccccc7NC6=O,0,9.582,12.229185,0.13186813186813187,0.131868
C27662939,Cc1ccc2c(c1)sc(c2Cl)C(=O)Nc3c4c(no3)CCCC4,0,9.209,11.799552,0.22077922077922077,0.220779
C39037776,c1ccc2c(c1)c(c[nH]2)C[C@H](C(=O)NCCCO)N3[C@@H](Nc4ccccc4C3=O)O,0,7.925,11.779704,0.17647058823529413,0.176471
C38597749,c1ccc(c(c1)C(=O)NC[C@@H](c2ccco2)[NH+]3CCN(CC3)c4ccc(cc4)F)I,0,8.49,10.538078,0.1625,0.1625
C46833892,Cc1ccc(c(c1)NC(=O)[C@@H](C)Nc2ccc3c(c2)nc(o3)C4CC4)C,0,8.14,10.612788,0.21951219512195122,0.219512
C36203681,CC(C)[NH+](Cc1ccc(o1)C(c2ccc(cc2)OC)(c3ccc(cc3)OC)O)Cc4cc(cc(c4)OC)OC,0,7.635,10.969081,0.21621621621621623,0.216216
C41006249,CCc1ccc(cc1)[C@@H]2[C@H](C(=O)C[C@@]([C@@H]2C(=O)Nc3ccccc3OC)(C)O)C(=O)Nc4ccccc4OC,0,8.55,12.940773,0.2,0.2
C36737159,c1cscc1C(=O)Nc2cc3c(cc2N)OCO3,0,6.947,12.499449,0.2054794520547945,0.205479
C12513092,CN(C)c1c(cc2cc3c(cc2[nH+]1)OCO3)CN(C[C@@H]4CCCO4)C(=O)C5(CC5)c6ccc(cc6)Cl,0,8.409,11.178856,0.18181818181818182,0.181818
C11867433,Cc1c(oc2c1cc3c(c(c(=O)oc3c2C)CC(=O)NCc4cccc(c4)Cl)C)C,0,8.821,11.160113,0.21686746987951808,0.216867
C60371525,CC1CC[NH+](CC1)[C@@H](CNC(=O)CCNC(=O)c2c3ccccc3[nH]n2)C(C)C,0,8.195,11.697324,0.18095238095238095,0.180952
C46817376,Cc1ccc(c(c1)Cl)NC(=O)[C@@H](C)Nc2cccc(c2)N3CCOC3=O,0,8.235,10.361768,0.21978021978021978,0.21978
C54080705,Cc1cccc2c1oc(c2C)C(=O)N(C)Cc3ccccc3O,0,8.258,10.175588,0.2191780821917808,0.219178
C21864297,CC(C)CCN1C(=O)c2ccc(n2C[C@]1(C)C(=O)NC3CCCCCC3)c4ccco4,0,6.287,10.944068,0.2376237623762376,0.237624
C39640567,C[C@@H]1CCCC[C@@H]1NC(=O)NC(=O)COC(=O)CNC(=O)C23CC4CC(C2)CC(C4)C3,0,7.877,11.791201,0.1411764705882353,0.141176
C64520859,C[C@H]1C(=C(NO1)C)S(=O)(=O)N2CCC(CC2)[C@H](C)C(=O)NCCC3=c4cc(ccc4=[NH+]C3)OC,0,7.62,11.05614,0.17647058823529413,0.176471
C40010923,Cc1cccc2=C[C@H](C(=O)[NH+]=c12)[C@@H]3c4cc(c(cc4CCN3C(=S)NC)OC)OC,0,7.991,10.782921,0.21428571428571427,0.214286
C03447642,CC(=CC(=O)Nc1c(c(cs1)c2ccccc2)C(=O)OCC(=O)C(=C3Nc4ccccc4N3)C#N)C,0,8.494,11.806355,0.20253164556962025,0.202532
C64087678,CCCC[C@@H](C(=O)N1CCC(=CC1)C2=c3c(cccc3=[NH+]C2)C)NC4=NS(=O)(=O)c5c4cccc5,0,9.402,11.11776,0.1875,0.1875
C04814180,c1ccc(c(c1)[C@@H]2C3=C(C[C@@H](CC3=O)c4cccc(c4)Cl)Nc5n2ncn5)F,0,9.53,10.834481,0.2087912087912088,0.208791
C35938503,Cc1ccccc1[C@H]2c3ccsc3CC[NH+]2CC(=O)N4CCN([C@@H](C4)C)C(=O)c5cccc6c5cccc6,0,8.578,10.567584,0.18181818181818182,0.181818
C09302085,C[NH+]1CCc2c(sc3c2C(=N[C@@H](N3)c4cccc(c4)OC(=O)c5cccs5)O)C1,0,8.45,11.354509,0.17582417582417584,0.175824
C66633282,CCCNC(=O)NNC(=O)[C@H]1C[C@H]2CCCC[C@@H]2N1C(=O)c3ccccc3,0,7.976,11.28853,0.22784810126582278,0.227848
C09226289,CC(=O)Nc1ccc(cc1)c2nnc(o2)SCC(=O)Nc3c(c4c(s3)CCCC4)C#N,0,7.992,11.517918,0.1792452830188679,0.179245
C39973384,CC(C)(C)[C@@H]1CCCC[C@@H]1NS(=O)(=O)c2cccc3c2nsn3,0,7.445,10.59486,0.16483516483516483,0.164835
C48547577,c1cc(ccc1c2csc(n2)[C@H](C#N)C(=O)C(=O)Nc3ccc(cc3[N+](=O)[O-])C(F)(F)F)[N+](=O)[O-],0,8.539,11.742745,0.19318181818181818,0.193182
C38672870,C[NH+]1CCN(CC1)[C@H](CNC(=O)c2cc(=O)c3ccccc3o2)c4ccc5c(c4)CCCN5C,0,9.289,11.593485,0.1885245901639344,0.188525
C32979157,C[C@H]1C[C@H]1C(=O)Nc2cccc(c2)C(=O)NCCN3C(=O)/C(=C/c4ccc(cc4)Cl)/SC3=O,0,7.979,10.591924,0.20689655172413793,0.206897
C35442675,CC1=C[C@H]([C@@H](C[C@H]1Cc2nnc(o2)c3ccc(cc3)N(C)C)C(C)C)C[NH+]4CCN(CC4)CCO,0,8.023,11.250799,0.1743119266055046,0.174312
C16780426,CC[NH+](CC)Cc1ccc(cc1)CNC(=O)[C@H](C)NS(=O)(=O)c2ccc(cc2)Br,0,6.695,11.121799,0.16666666666666666,0.166667
C14457691,Cc1ccc(c2c1N[C@@H]([C@@H]3[C@@H]2C=CC3)c4c(cc(cc4C)C)C)[N+](=O)[O-],0,7.931,10.910761,0.13924050632911392,0.139241
C63613218,Cc1ccc2=[NH+]CC(=c2c1)CCNC(=O)c3ccc4c(c3)NC(=O)/C(=C/c5ccccc5OC)/O4,0,8.946,11.682031,0.2,0.2
C08770134,c1ccc2c(c1)c(c[nH]2)CC[NH2+]C[C@H](Cn3cc(c4c3cccc4)/C=C/C(=O)c5ccc(cc5)Br)O,0,8.774,11.420022,0.17346938775510204,0.173469
C12887088,COCCN1C(=O)[C@@H]2[C@H]([NH2+][C@@]3([C@@H]2C1=O)c4cc(ccc4NC3=O)Cl)Cc5c[nH]c6c5cccc6,0,8.962,11.984975,0.17272727272727273,0.172727
C60751483,Cc1ccc(c(c1)C)OC(=O)CN2CCCC2=O,0,6.831,11.434468,0.189873417721519,0.189873
C09777225,CCCCN1[C@H]([C@@]23C=C[C@@H](O2)[C@@H]([C@@H]3C1=O)C(=O)Nc4ccc(cc4)OC)C(=O)N[C@@H]5CCC[C@@H]([C@@H]5C)C,0,8.066,14.211668,0.2441860465116279,0.244186
C43527841,CCC(CC)c1cc(nc(n1)c2ccncc2)[C@H]3C[NH+]4CC[C@@H]3C[C@@H]4CNC(=O)C(C)(C)C,0,7.887,11.29592,0.17307692307692307,0.173077
C43263113,CC[C@H]([C@@H](c1ccc(s1)Br)N2CCc3c(ccs3)[C@@H]2C)[NH3+],0,5.881,11.137381,0.13253012048192772,0.13253
C49201328,c1ccc(cc1)[C@@H]2CC(=NN2c3ccccc3)/C(=C(/C#N)\C(=O)c4ccco4)/[O-],0,8.112,10.883271,0.21052631578947367,0.210526
C08916583,CCCOc1ccc(cc1OCC)[C@H]2c3ccc(cc3OC(=C2C#N)N)O,0,7.047,11.212939,0.21951219512195122,0.219512
C12042928,CC[C@@H](C)C[NH+]1CCC(CC1)[C@]2(C(=O)N(C(=O)N2)CCc3ccc(cc3)OC)CC,0,7.89,10.589803,0.2236842105263158,0.223684
C36206834,Cc1c2c(=O)[nH]c(nc2sc1C(=O)OC(C)C)C[NH+](Cc3ccccc3)C[C@@H](COC(C)(C)C)O,0,7.377,11.645553,0.17045454545454544,0.170455
C19285968,CC[C@@]1(C(=O)N(C(=O)N1)NC(=O)CSc2nc3cc(sc3c(=O)n2CC=C)c4ccccc4)C,0,7.596,11.630733,0.26436781609195403,0.264368
C06409198,Cc1ccc2c(c1)cc(c(=O)[nH]2)[C@H](c3nnnn3C[C@@H]4CCCO4)[NH+](Cc5ccccc5)Cc6cccs6,0,7.972,11.626818,0.16279069767441862,0.162791
C36442627,Cc1c(c(n(n1)c2ccccc2)C)NC(=O)CN3CCc4c(ccs4)[C@@H]3c5cccs5,0,8.422,11.171175,0.18888888888888888,0.188889
C44254587,Cc1csc(c1c2ccc(o2)[C@@H](CC(=O)N)[NH3+])C(=O)OC,0,6.738,11.126915,0.19117647058823528,0.191176
C35747350,COCC[NH+](Cc1[nH]c(=O)c2c(csc2n1)c3ccc(cc3)Cl)C[C@@H](COc4ccccc4)O,0,7.506,11.717753,0.19387755102040816,0.193878
C08020942,CC1([C@@H](N2[C@@H](S1)[C@@H](C2=O)Nc3cc(nc(n3)SC)c4ccccc4)C(=O)[O-])C,0,7.996,11.689228,0.17346938775510204,0.173469
C04276755,c1cc(ccc1[N+](=O)[O-])Oc2c(cc(cc2Cl)S(=O)(=O)NC(=[NH2+])CCl)Cl,0,7.399,11.591736,0.18840579710144928,0.188406
C03945127,c1cc(ccc1C=NNc2nc(cnn2)[O-])C(F)(F)F,0,7.816,11.957878,0.16417910447761194,0.164179
C63439091,c1cc(oc1)c2nc(cs2)/C=C/3\C(=O)OC(=N3)c4ccsc4,0,7.002,11.732277,0.1875,0.1875
C40744525,CCOc1cc(cc(c1OCc2ccccc2C)Br)C[NH2+]CCNC(=O)c3c(non3)N,0,8.35,11.673367,0.23404255319148937,0.234043
C05106536,CCn1c(=O)c2c(c3ccccc3[nH]2)nc1SCC(=O)Nc4nc(cs4)C,0,7.498,11.595478,0.17582417582417584,0.175824
C63229077,CC(=O)N[C@@H](CC1=c2ccccc2=[NH+]C1)C(=O)Nc3cccc(c3)S(=O)(=O)/N=C\4/CCCN4,0,9.156,12.002282,0.17757009345794392,0.17757
C09843463,CCCn1c2cccnc2c(=O)n(c1=O)Cc3ccc(cc3)C,0,7.47,11.775767,0.20270270270270271,0.202703
C39741320,c1ccc2=[NH+]CC(=c2c1)C3=NN[C@@H](O3)SCC(=O)NC45CC6CC(C4)CC(C6)C5,0,7.906,11.389492,0.1565217391304348,0.156522
C21263926,CC1(CC(CC([NH2+]1)(C)C)NC(=S)N(Cc2ccncc2)C3CC([NH2+]C(C3)(C)C)(C)C)C,0,7.391,11.401017,0.23076923076923078,0.230769
C05298022,c1ccc(cc1)c2c(n3c(n2)SC=C(N3)c4ccc(cc4)Oc5ccccc5)Br,0,8.448,11.443347,0.2,0.2
C05351864,CC(C)C[C@@H]1[C@@H]2[C@@H](C(=O)N(C2=O)C(C)(C)C)[C@]3([NH2+]1)c4cccc(c4NC3=O)Cl,0,7.087,12.09812,0.16279069767441862,0.162791
C56953484,C[C@@H]1c2ccsc2CCN1C(=O)NCc3ccccc3N4CCCC4,0,7.747,11.657345,0.19387755102040816,0.193878
C62856352,Cc1c(cccc1S(=O)(=O)N)NC(=O)[C@@]2(CCC[NH2+]C2)C,0,7.065,10.650171,0.2,0.2
C08164265,CCn1c2ccc(cc2nc1C[NH2+][C@H](C)c3ccccc3OC)S(=O)(=O)N(C)C,0,7.292,11.038183,0.21428571428571427,0.214286
C29509191,c1ccc2c(c1)C[C@H](N(C2)C(=O)c3ccco3)C(=O)Nc4ccc(cc4)Cl,0,8.29,10.896544,0.2222222222222222,0.222222
C06016911,Cc1cc(cc(c1c2c(c([nH]n2)C)Oc3ccccc3)O)OCc4cnn(c4)c5ccccc5,0,8.034,10.774043,0.20689655172413793,0.206897
C45074574,CC(=CC[C@](C)(COC(=O)[C@@]12CC[C@@H](C1(C)C)CC2=O)c3ccccc3)C,0,7.402,11.17996,0.20481927710843373,0.204819
C64890537,Cc1ccc(cc1)S(=O)(=O)N[C@H]([C@@H]2[NH+]=C(NO2)c3ccc4c(c3)[nH]c(=O)c(=O)n4C)C(C)C,0,7.672,10.627823,0.14130434782608695,0.141304
C63735679,C[C@H]1C[C@H]1C(=O)Nc2ccc(cc2C(=O)N3CCC4(CC3)OCCO4)F,0,8.04,10.209486,0.21649484536082475,0.216495
C36013993,CCN1C(=C([C@@H](NC1=O)c2ccc(cc2)Cl)C(=O)OCC)CN3CCN([C@@H](C3)C)C(=O)NC(C)(C)C,0,6.971,10.734225,0.22772277227722773,0.227723
C20895461,Cc1cc2c(cc(=O)oc2cc1C)CN3C(=O)[C@@]4(CCCCc5c4cccc5)NC3=O,0,7.605,11.215117,0.15942028985507245,0.15942
C08619120,CC[NH+]1CCc2c(sc(c2[C@H](C)NC(=O)Nc3ccc(cc3)Br)n4cccc4)C1,0,7.466,11.611359,0.2127659574468085,0.212766
C38659794,COc1ccc(c(c1)[C@H]2c3ccc(cc3OC(=C2C#N)N)OC(=O)c4cc(c(c(c4)OC)OC)OC)OC,0,7.006,11.337493,0.20253164556962025,0.202532
C38663887,CC(C)(C)OC(=O)N[C@@H](Cc1c[nH]c2c1cccc2)[C@H]3N=N[C@H](O3)SCc4ccc(c(c4)Cl)Cl,0,8.509,11.811728,0.21052631578947367,0.210526
C06134080,CC(C)CCNC(=O)[C@@H](CC(C)C)N(Cc1ccc2c(c1)OCO2)C(=O)c3c(c(ns3)C(=O)N)N,0,7.672,10.947649,0.1565217391304348,0.156522
C00783156,Cc1ccccc1NC(=O)C(=CNc2ccccn2)C(=O)Nc3ccccc3C,0,8.969,12.186419,0.23333333333333334,0.233333
C06192991,CC[NH+](CC)CCCN(Cc1cc2cc3c(cc2[nH]c1=O)OCCO3)C(=S)NCCOC,0,6.741,11.496146,0.16666666666666666,0.166667
C15874676,c1cc(c(cc1Cl)Cl)C(=O)NNC(=S)NC2CCCCC2,0,7.452,11.375175,0.2441860465116279,0.244186
C36146366,c1ccc(cc1)COC[C@@H](C[NH+](Cc2ccc(cc2)F)C[C@@H]3CC(=NO3)c4ccc(c(c4)Cl)Cl)O,0,8.184,11.222799,0.21568627450980393,0.215686
C39227614,CC1CCC(CC1)NC(=O)c2cccc(c2)c3ccc4c(c3)CCC5(O4)CC[NH+](CC5)C,0,9.56,11.799123,0.19607843137254902,0.196078
C14546623,Cc1cc(cc2c1N[C@H]([C@@H]3[C@@H]2C=CC3)c4c(cccc4Cl)Cl)[N+](=O)[O-],0,8.294,10.596486,0.1625,0.1625
C57933411,c1c2c(cc(c1F)F)N(C(=O)CN2)CC(=O)NC3CCCCC3,0,7.073,10.970635,0.21739130434782608,0.217391
C46526969,CCc1ccccc1Nc2nc(nc(n2)N)CN(C)Cc3ccc(cc3)C#N,0,7.927,11.95839,0.19626168224299065,0.196262
C14365638,c1ccc(cc1)S(=O)(=O)C2(CCCC2)C(=O)OCC(=O)NC3(CCCCC3)C#N,0,7.896,11.936914,0.1891891891891892,0.189189
C00955961,c1ccc(cc1)Oc2cccc(c2)[C@H]3[C@@H]([C@@](NC(=O)N3)(C(F)(F)F)O)C(=O)c4ccc(cc4)Cl,0,7.887,11.388819,0.21296296296296297,0.212963
C13515952,CCCC(=O)Nc1[nH]c(=O)c2c(n1)n(cn2)[C@H]3[C@@H]([C@H]4[C@H](O3)CO[P@@](=O)(O4)[O-])OC(=O)CCC,0,8.206,11.793959,0.15702479338842976,0.157025
C63896768,c1ccc2=[NH+]CC(=c2c1)c3nnc(n3C4CC4)SCC(=O)N[C@H]5C(=C6CCCC[C@@H]6S5)C(=O)N,0,8.045,11.949121,0.16379310344827586,0.163793
C16807747,Cc1cc(c(c(c1O)Cl)Cl)N/C(=N/S(=O)(=O)c2ccccc2)/c3ccccc3,0,8.294,12.149206,0.21052631578947367,0.210526
C25643312,Cc1c(sc(c1C(=O)OCc2cc(oc-3cc(=[NH+]C(=O)C)ccc23)O)NC(=O)C(C)(C)C)C,0,8.442,11.698175,0.19148936170212766,0.191489
