generator,smiles,valid,tanimoto,QED,SA,lipinski_pass,MW,cLogP,AlertFree,LipinskiPass,PredAffinity
diffusion,C=C(Nc1c(C)cccc1O)n1ccc(Cc2cc(C)cc(C3CCC(CNC)CN3)c2)c1,1,0.16216216216216217,0.3607116776959661,3.9734665470230537,0,444.6230000000002,5.2017400000000045,0,0,11.992692947387695
diffusion,C=C(Cc1c(C)cccc1C)n1cc(Nc2cc(C)nc(C3CCC(CCC)CC3)n2)cn1,1,0.20388349514563106,0.4022269709882723,3.103070832632161,0,443.6390000000003,7.129260000000007,1,0,11.917524337768555
diffusion,C=C(Cc1c(N)ccnc1C)c1ncn(Nc2cc(C)cc(C3CCC(CCC)CC3)n2)n1,1,0.13043478260869565,0.47719456500962343,3.5404413727303616,0,445.61500000000035,5.472140000000005,1,0,11.904984474182129
diffusion,C=C(CN1C(N)=NC=CN1C)n1ccc(Cc2cc(C)cc(N3CNC(NNC)NC3)n2)c1,1,0.15789473684210525,0.35726116372183797,4.465147919375207,0,451.5830000000001,0.12312000000000306,0,0,11.904372215270996
diffusion,C=C(Cc1c(C)cccc1C)n1ccc(Cc2cc(C)cc(C3CCC(CNC)CC3)c2)c1,1,0.14285714285714285,0.39142887546684063,3.0286079848416545,0,440.67500000000024,7.210760000000008,1,0,11.895591735839844
diffusion,CNCN1CCC(c2cc(C)cc(Cc3ccn(C(=N)Oc4c(C)cccc4O)c3)c2)NN1,1,0.14912280701754385,0.29354843243314044,4.20626048292959,1,448.5710000000001,3.196110000000001,0,1,11.868934631347656
diffusion,C=C(Cc1c(C)cccc1C)n1cc(Cc2cc(C)nc(C3CCC(NCC)NC3)c2)nn1,1,0.1504424778761062,0.5420557063853605,4.219269656679353,1,444.6270000000002,4.3051600000000025,1,1,11.855378150939941
diffusion,C=C(Cc1c(C)cccc1C)n1ccc(CC2=CN(C3CCC(NCC)NC3)C=C(C)O2)c1,1,0.12280701754385964,0.5931416183790155,4.644455581392939,0,446.63900000000024,5.083340000000003,1,0,11.84848403930664
diffusion,CC1=CC(Cc2ccn(C(=N)Nc3c(C)ccnc3C)c2)=CN(N2CNC(NCN)NC2)O1,1,0.15789473684210525,0.21649987748809588,4.532416659146074,0,452.5670000000002,1.0865100000000014,0,0,11.8264741897583
diffusion,CCNC1CCC(c2cc(C)cc(Cc3cnn(C(=N)Cc4c(C)ccnc4C)c3)c2)NC1,1,0.1282051282051282,0.37571922888213494,4.095809100214543,1,444.6270000000002,4.264830000000003,0,1,11.805554389953613
diffusion,C=C(Cc1c(C)cncc1C)c1ncc(Cc2cc(C)nc(C3CCC(NCC)CC3)c2)s1,1,0.14953271028037382,0.4260042985282563,3.2908659226485293,0,460.69100000000026,6.340760000000007,1,0,11.800484657287598
diffusion,C=C(Nc1c(C)ccnc1N)n1ccc(Cc2cc(C)cc(C3CCC(NNC)NN3)n2)n1,1,0.1891891891891892,0.286507771518259,4.709388150951041,0,448.57900000000006,1.98244,0,0,11.799257278442383
diffusion,C=C(Oc1c(C)ncnc1N)n1cnc(Cc2cc(N)cc(C3CCC(NCC)CN3)c2)n1,1,0.09836065573770492,0.30005731341201886,4.3294217025058686,1,449.5630000000002,2.04152,0,1,11.791177749633789
diffusion,C=C(Cc1c(C)cncc1C)c1ccn(Cc2cc(C)nc(N3CCC(NCC)CN3)n2)c1,1,0.1391304347826087,0.5521647724687846,4.0621676842389185,1,445.6150000000002,3.595360000000001,1,1,11.781936645507812
diffusion,C=[IH](Cc1c(C)cccc1C)c1cc(Cc2cc(N)nc(N3CCC(CNO)NC3)c2)co1,1,0.2,0.18892162275463803,4.704795352260371,0,563.4840000000003,3.609540000000001,0,0,11.781414031982422
diffusion,CNNC1CCN(c2cc(C)cc(Cc3coc(C(=O)Cc4c(C)ccnc4C)c3)c2)NC1,1,0.1504424778761062,0.3605014976612528,3.9816346236824547,1,447.58300000000025,3.4233600000000015,0,1,11.768340110778809
diffusion,C=S(Cc1c(C)cccc1C)c1cc(Cc2cc(N)nc(N3CCC(CNO)NC3)c2)co1,1,0.1891891891891892,0.29511717491595985,4.506624484829927,1,467.6390000000002,3.8290400000000018,0,1,11.76562213897705
diffusion,CCNC1CCN(C2=NC(C)=CN(Cn3ccc(C(=O)Cc4c(C)ccnc4C)n3)O2)CC1,1,0.15178571428571427,0.6478241278011265,3.598439081404666,1,451.57500000000033,2.8162400000000005,1,1,11.731433868408203
diffusion,CNNC1CCN(c2cc(C)cc(Cc3coc(S(=O)Cc4c(C)ccnc4C)c3)c2)NC1,1,0.12931034482758622,0.4386026508871927,4.4811033719003035,1,467.63900000000024,3.305760000000001,0,1,11.697708129882812
diffusion,CNCC1CCC(c2cc(C)cc(Cn3cnc(C(=N)Cc4c(C)cccc4C)c3)c2)CC1,1,0.1588785046728972,0.4229340754503709,3.0150637949889543,0,442.65100000000024,5.960430000000006,0,0,11.65942096710205
diffusion,C=C(Cc1c(C)cnnc1N)n1ccc(Cc2cc(C)cc(N3CCC(NCC)CC3)c2)c1,1,0.14035087719298245,0.540127812913075,3.338306675512686,1,444.6270000000003,4.359640000000003,1,1,11.65125560760498
diffusion,C=C(Nc1c(C)cnnc1C)n1ccc(Cc2cc(N)cc(C3NCN(CNC)ON3)c2)c1,1,0.13675213675213677,0.32953469229505106,4.603425622045793,1,449.56300000000016,2.082640000000001,0,1,11.649581909179688
diffusion,C=C(Cc1c(C)cncc1C)c1ccc(Cc2cc(C)cc(C3CCC(CCC)CC3)c2)o1,1,0.11009174311926606,0.34995540895344357,3.0334732876239787,0,441.65900000000033,8.520460000000003,1,0,11.6349458694458
diffusion,C=C(CN1C(C)=CC=CN1C)c1coc(Cc2cc(C)cc(C3NCC(CCC)NN3)c2)c1,1,0.08196721311475409,0.548320416605268,4.732397807252187,1,447.6270000000001,4.636620000000003,1,1,11.596221923828125
diffusion,C=C(Cc1c(C)cccc1N)c1coc(Cc2cc(C)cc(C3CCC(CCN)NC3)c2)c1,1,0.1206896551724138,0.4012670830200754,3.9743930609346734,0,443.6350000000002,5.509740000000004,0,0,11.56119441986084
diffusion,C=[PH](Cc1c(C)cccc1C)c1cc(Cc2cc(N)nc(N3CCC(CNO)NC3)c2)co1,1,0.1891891891891892,0.2985299221314902,4.650064746695722,1,467.5540000000002,3.0407400000000004,0,1,11.548802375793457
diffusion,C=C(Cc1c(N)ccnc1C)c1cc(Cc2nc(C)cc(C3CCN(CCC)CC3)n2)co1,1,0.1504424778761062,0.5194819206843468,3.279576888278644,0,445.61100000000033,5.099740000000005,1,0,11.536539077758789
diffusion,C=C(Cc1c(N)cncc1N)n1cc(Nc2cc(N3CNC(NCC)NC3)nc(C)n2)cn1,1,0.23076923076923078,0.2880401802684572,3.9776690323048296,0,450.5550000000002,0.8052200000000003,1,0,11.531431198120117
diffusion,C=C(Oc1c(C)cncc1C)c1ccn(Cc2nc(C)cc(C3CNC(CCC)NN3)n2)c1,1,0.1206896551724138,0.45509801021977647,4.490221211507505,1,447.58700000000016,3.5610600000000012,0,1,11.523955345153809
diffusion,C=[IH](Cc1c(C)ccnc1C)c1cc(Cc2cc(C)cc(C3CCC(CCC)CN3)c2)co1,1,0.10256410256410256,0.23746084415770666,4.591379756794938,0,558.5480000000005,7.071960000000007,0,0,11.520808219909668
diffusion,CCNC1CNC(c2nc(C)cc(Cc3ccn(C(=O)NC4=C(C)OC=CN4C)c3)n2)NC1,1,0.1565217391304348,0.522684399681266,4.095817968475042,1,452.56300000000016,1.5267200000000003,1,1,11.503137588500977
diffusion,C=C(Cc1c(C)cccc1C)n1ncc(Cc2cc(C)nc(C3CCC(CCC)NN3)c2)n1,1,0.15454545454545454,0.5117082323965957,4.33412939481356,0,444.6270000000002,5.000360000000003,1,0,11.502452850341797
diffusion,Cc1cccc(C)c1CC(=N)n1ccc(Cc2cc(C3CCC(NCN)CC3)cc(N)n2)c1,1,0.16666666666666666,0.2479628527017658,3.3963161681477105,1,444.6270000000003,4.273010000000002,0,1,11.464469909667969
diffusion,C=[IH](Cc1c(C)ccnc1C)c1ccn(Cc2cc(C)cc(C3CCC(CNC)CC3)c2)c1,1,0.11403508771929824,0.25707615043178694,3.981840842995057,0,557.5640000000002,6.390360000000006,0,0,11.460186004638672
diffusion,C=C(Cc1c(C)cccc1O)n1ccc(Cc2cc(N)cc(C3CCC(CNC)NC3)c2)c1,1,0.1391304347826087,0.3875426496634987,4.077016628856114,1,444.6230000000002,4.443520000000003,0,1,11.4421968460083
diffusion,C=C(Cc1c(C)cccc1C)c1cc(Nc2cc(C3CCC(OON)NC3)cc(C)n2)co1,1,0.17272727272727273,0.32140341557641966,4.373490769608978,0,448.56700000000023,5.214360000000004,0,0,11.430049896240234
diffusion,C=C(Oc1c(C)cccc1C)c1ccn(Cc2cc(N3NCC(CCC)NO3)cc(C)n2)c1,1,0.1391304347826087,0.4821759256004668,4.145032496022879,1,447.5830000000002,4.835860000000004,0,1,11.404389381408691
diffusion,CCC[SH]1CCC(c2nc(C)cc(Cn3cnc(C(=N)Cc4c(C)cccc4C)c3)n2)CN1,1,0.16071428571428573,0.33458248260126067,4.685606645222726,1,464.6830000000002,4.660330000000004,0,1,11.389928817749023
diffusion,C=C(Cc1c(C)cccc1C)c1ccn(Nc2cc(C)cc(C3CCC(CCC)CC3)c2)c1,1,0.14018691588785046,0.37079601131583156,3.0648981648743883,0,440.67500000000035,8.618360000000003,1,0,11.376338958740234
diffusion,CC1=COC=C(N)N1CC(=N)n1ccc(Cc2cc(C)cc(C3CCC(CCO)CC3)c2)n1,1,0.13274336283185842,0.43414201816889453,3.6516259881149775,1,449.59900000000033,4.214990000000004,0,1,11.360344886779785
diffusion,CCCI1CCC(c2nc(C)cc(Cn3cnc(C(=N)Cc4c(C)cccc4C)c3)n2)CN1,1,0.16071428571428573,0.17325069113719296,4.471956391276562,0,558.5120000000002,5.165530000000004,0,0,11.351866722106934
diffusion,C=S(CC1=C(N)OC=CN1C)c1cc(Cc2nc(C)cc(C3NCC(CCC)OO3)n2)co1,1,0.0975609756097561,0.44084756583817486,5.375135403276117,1,473.59900000000033,3.308320000000002,0,1,11.346725463867188
diffusion,C=C(Cc1c(C)cccc1C)c1coc(Cc2cc(C)nc(C3CCC(CCC)CN3)c2)c1,1,0.13274336283185842,0.3979835362054392,3.948792406270189,0,442.6470000000002,7.287360000000008,1,0,11.304621696472168
diffusion,C=S(Cc1c(C)ccnc1C)c1cc(Cc2cc(C)cc(C3CCC(CCC)CN3)c2)co1,1,0.09243697478991597,0.35714565403764026,4.410510689691828,0,462.70300000000026,7.291460000000008,0,0,11.299055099487305
diffusion,COCN1CCC(c2cc(O)nc(Oc3coc(C(=N)Cc4c(C)cccc4C)c3)c2)NC1,1,0.15789473684210525,0.4397261838349367,4.113666538576071,1,450.5390000000002,4.297710000000002,0,1,11.29521369934082
diffusion,C=C(Cc1c(C)cccc1C)c1cc(Nc2cc(C3CCC(OOO)NC3)cc(C)n2)co1,1,0.17272727272727273,0.29516348030184164,4.327322684502596,0,449.5510000000002,5.813660000000005,0,0,11.279943466186523
diffusion,C=[PH](CC1=C(N)OC=CN1C)c1cc(Cc2nc(C)cc(C3NCC(CCC)OO3)n2)co1,1,0.0975609756097561,0.44163818193931703,5.501273864814579,1,473.5140000000003,2.5200199999999997,0,1,11.276257514953613
diffusion,C=C(Nc1c(C)cccc1C)c1ccn(Cc2cc(N)cc(C3CCC(CCC)CC3)c2)c1,1,0.16981132075471697,0.3489588679366633,2.8842353170838813,0,441.6630000000003,7.8921400000000075,0,0,11.276141166687012
diffusion,Cc1nc(Nc2ncc(C(=O)Nc3c(C)cccc3Cl)s2)cc(N2CCN(CCO)CC2)n1,1,1.0,0.46571730609788475,2.649762485659984,1,488.01700000000034,3.3135400000000015,1,1,11.269414901733398
diffusion,C=C(Cc1c(C)ccnc1N)c1coc(Cc2cc(C)cc(C3CCC(CCO)NC3)c2)c1,1,0.1271186440677966,0.4574037820364515,4.043587005288192,1,445.6070000000002,4.938340000000005,1,1,11.26478099822998
diffusion,CNCN1CCC(c2cc(Cc3ccn(C(=N)Cc4c(C)cccc4C)c3)cc(C)n2)NC1,1,0.1743119266055046,0.3814230015488329,4.018790924828117,1,444.6270000000002,3.938030000000003,0,1,11.248241424560547
diffusion,C=C(NN1C(C)=NC=NP1O)c1cn(Cc2cc(N)cc(N3CNI(OCC)CO3)c2)cn1,1,0.112,0.1208094373951841,5.471056554942683,0,587.363,2.599500000000001,0,0,11.242694854736328
diffusion,C=[PH](Cc1c(C)ccnc1C)n1ccc(CC2=NC(C)=CN(C3CCC(CCN)CC3)O2)c1,1,0.10256410256410256,0.5508044256604605,4.626302708788837,0,467.59800000000035,5.066540000000003,0,0,11.230480194091797
diffusion,C=C(Cc1c(C)cccc1C)c1cc(Cc2cc(C3CCC(OOO)NC3)cc(C)n2)co1,1,0.14414414414414414,0.34198777131555835,4.308060327710452,0,448.5630000000002,5.660860000000005,0,0,11.2244291305542
diffusion,C=C(NN1C(C)=NC=NP1O)c1cn(Cc2cc(N)cc(N3CNN(OCC)CO3)c2)cn1,1,0.12096774193548387,0.3276463914152791,5.1822081097708335,0,474.4660000000003,1.3950999999999996,0,0,11.221661567687988
diffusion,C=C(Cc1c(C)ncnc1C)n1ccc(Cc2cc(N)cc(C3CCC(CCC)CN3)n2)c1,1,0.11965811965811966,0.5099221111121424,4.290287168954313,0,444.6270000000003,5.017140000000004,1,0,11.189823150634766
diffusion,C=[PH](Cc1c(C)ccnc1C)c1cc(Cc2cc(C)cc(C3CCC(CCC)CN3)c2)co1,1,0.09322033898305085,0.38824421171167306,4.536649151230291,0,462.6180000000003,6.5031600000000065,0,0,11.185317993164062
diffusion,C=C(Cc1c(C)cccc1C)c1cn(Cc2cc(C3CCC(NCN)CN3)cc(C)n2)cn1,1,0.16071428571428573,0.460550510060256,4.145640524109796,1,444.6270000000002,3.8064600000000004,0,1,11.178274154663086
diffusion,C=C(Cc1c(C)cccc1N)c1ccn(Cc2cc(C3CCN(CCC)CC3)cc(C)n2)c1,1,0.18518518518518517,0.4368702282505197,3.0681814709300355,0,442.6510000000003,5.975740000000005,0,0,11.175073623657227
diffusion,C=C(NN1C(C)=NC=NP1O)c1cn(Cc2cc(N)cc(N3CNP(OCC)CO3)c2)cn1,1,0.112,0.32426031968466906,5.596618756515689,0,491.4330000000003,2.575000000000001,0,0,11.17247486114502
diffusion,C=C(Cc1c(C)ccnc1C)n1ccc(CC2=NC(C)=CN(C3CCC(CCN)CC3)O2)c1,1,0.11206896551724138,0.6060537009887591,3.8909022565274167,0,447.6270000000003,5.170440000000005,1,0,11.16840648651123
diffusion,C=C(Cc1c(C)cccc1C)c1ccn(Cc2cc(O)nc(C3CCC(CCO)CC3)c2)c1,1,0.17142857142857143,0.4369913443128561,3.185574760619069,0,444.61900000000026,6.165940000000008,1,0,11.164679527282715
diffusion,C=C(Cc1c(C)cccc1N)c1ccn(Cc2cc(C)nc(N3CCC(CCC)NC3)c2)c1,1,0.1875,0.4631928405014802,3.742203690785564,0,443.63900000000024,5.3122400000000045,0,0,11.153741836547852
diffusion,CNCC1CCC(c2cc(C)cc(Cc3ccn(C(=N)Nc4c(C)cccc4C)c3)c2)CC1,1,0.17647058823529413,0.305852000211332,3.003649556036418,0,442.6510000000002,6.3923300000000065,0,0,11.144433975219727
diffusion,C=C(Cc1c(C)ccnc1C)N1C=CN(Cc2nc(C)cc(N3CCC(CCN)OO3)n2)O1,1,0.1391304347826087,0.6003268350356757,4.709478322536791,1,453.5470000000003,2.7793600000000005,0,1,11.137504577636719
diffusion,C=C(Nc1c(C)cccc1C)c1nc(Cc2cc(C3CCC(CCC)NC3)cc(C)n2)no1,1,0.19444444444444445,0.4632102134662496,3.8745151558610242,0,445.6110000000003,5.699160000000005,1,0,11.133951187133789
diffusion,C=C(Cc1c(C)cncc1N)n1ccc(Cc2cc(C)cc(N3CCC(CCC)ON3)c2)c1,1,0.1271186440677966,0.4986790275468057,4.180789451833027,0,445.6110000000002,5.2013400000000045,1,0,11.102928161621094
diffusion,Cc1cc(C2CCC(CNN)CC2)cc(Cc2cn(C(=O)Cc3c(C)cccc3N)cn2)n1,1,0.19811320754716982,0.289896564011764,3.2305055298498386,1,446.5990000000002,3.687940000000002,0,1,11.094609260559082
diffusion,C=C(Cc1c(C)ccnc1C)c1ccc(Oc2nc(N)cc(C3CCC(CCC)CC3)n2)o1,1,0.11206896551724138,0.40996455982409674,3.3535094578367453,0,446.5950000000003,6.785740000000006,1,0,11.078520774841309
diffusion,C=C(Cc1c(C)cccc1Cl)c1ccc(CC2=CN(C)OC(C3CCC(CCC)CC3)=C2)o1,1,0.17272727272727273,0.3916993355678834,3.5465174774766792,0,466.06500000000034,8.291120000000005,1,0,11.072976112365723
diffusion,C=C(Cc1c(C)cccc1C)n1ccc(Nc2cc(C)cc(N3CCN(CNC)OC3)c2)c1,1,0.1792452830188679,0.5075374938291178,3.5470860535814257,0,445.6110000000003,5.058360000000004,1,0,11.071379661560059
diffusion,C=C(Cc1c(C)ccnc1C)c1ccn(Cc2cc(C)cc(C3CCC(CNC)CC3)c2)c1,1,0.12389380530973451,0.4263676295362817,3.0937585576730795,0,441.66300000000024,6.605760000000006,1,0,11.070860862731934
diffusion,C=C(Cc1c(C)ccnc1C)n1ccc(Cc2cc(C)nc(C3NCC(COC)CN3)c2)c1,1,0.12280701754385964,0.5495054596999028,3.7369713236305255,1,445.61100000000016,3.961560000000002,1,1,11.064059257507324
diffusion,CCOC1CNC(c2cc(N)cc(Nn3ccc(C(=N)Cc4c(C)cccc4C)c3)c2)NC1,1,0.13513513513513514,0.2679215452009407,3.6129687049725883,1,446.5990000000002,3.7694100000000024,0,1,11.053996086120605
diffusion,C=C(Cc1c(C)cccc1N)c1cn(Cc2cc(C)nc(C3CCC(CCC)CC3)c2)cn1,1,0.15315315315315314,0.38788768707736265,3.1237016018629316,0,442.6510000000003,6.855240000000007,0,0,11.04559326171875
diffusion,C=C(Cc1c(C)cccc1C)c1ccn(Cc2cc(C)nc(C3CNC(CCN)CO3)c2)c1,1,0.14912280701754385,0.5372607627157298,4.121518756515688,1,444.6230000000002,4.490860000000002,1,1,11.04384708404541
diffusion,C=C(Cc1c(C)ccnc1C)c1ccn(Cc2cc(C)cc(C3CCC(CCC)CN3)c2)c1,1,0.11016949152542373,0.40963435127630327,3.9123505077431844,0,441.66300000000024,6.953360000000007,1,0,11.031999588012695
diffusion,C=C(CN1C(C)=CC=CN1C)c1ccn(Cc2cc(C)cc(C3CCC(CCC)NC3)c2)c1,1,0.1,0.5341619951454196,4.308559673045967,0,444.66700000000026,6.073620000000006,1,0,11.030165672302246
diffusion,CCNN1CCC(c2cc(C)cc(Nc3ccn(C(=O)Cc4c(C)cccc4C)c3)c2)CN1,1,0.17592592592592593,0.4849133152661794,3.817357373273288,1,445.6110000000002,4.858260000000004,1,1,11.007946014404297
diffusion,CCC[SH]1CCC(c2nc(C)cc(Cn3cnc(C(=N)Cc4c(C)cccc4C)c3)n2)CO1,1,0.1592920353982301,0.3589370572058207,4.674432504469861,0,465.66700000000026,5.087330000000005,0,0,10.985931396484375
diffusion,C=C(Cc1c(C)ncnc1C)c1ccc(Nc2cc(F)cc(C3CNC(CCC)CN3)c2)o1,1,0.11206896551724138,0.4373959520434169,4.204393879265279,0,449.57400000000024,5.2276400000000045,1,0,10.970300674438477
diffusion,C=C(Nc1c(C)ncnc1C)n1ccc(Cc2cc(C)cc(C3CNC(CCC)CN3)c2)c1,1,0.13392857142857142,0.46841001283700695,4.237285859625345,1,444.62700000000024,4.737060000000004,1,1,10.949841499328613
diffusion,CNCC1CCN(c2cc(C)cc(Cn3cnc(C(=N)Cc4c(C)cccc4C)c3)n2)CC1,1,0.22330097087378642,0.5084661207421256,3.0840515200298704,1,444.62700000000024,4.298030000000004,0,1,10.92827320098877
diffusion,CC1=C(CC(=N)n2cnc(Cc3cc(C)cc(C4CCC(COO)CC4)n3)c2)N(C)OC=C1,1,0.12280701754385964,0.27111711208405925,3.9977798342688233,1,451.57100000000025,4.820890000000004,0,1,10.91108512878418
diffusion,C=C(Cc1c(C)ccnc1C)C1=CN(CC2=CC(C)=NN(C3CCC(CCC)CC3)O2)OO1,1,0.11206896551724138,0.47285091973454757,4.183587853908759,0,452.59900000000033,5.683240000000006,0,0,10.906846046447754
diffusion,C=C(Cc1c(C)cncc1C)c1ccn(Cc2nc(C)cc(C3CNC(CCC)NN3)n2)c1,1,0.12173913043478261,0.48988050934634225,4.5083611460410555,1,445.6150000000001,3.767260000000001,1,1,10.883962631225586
diffusion,Cc1cc(Cn2cnc(C(=O)Oc3c(C)cccc3C)n2)cc(N2CC[SH](CCO)OC2)c1,1,0.2169811320754717,0.3114265403640966,4.092592397823207,1,470.5950000000003,3.1734600000000013,0,1,10.83422565460205
diffusion,C=C(Cc1c(C)cccc1C)c1ccn(CS2=CC(C3CCC(CCN)OC3)=PC(C)=N2)c1,1,0.11965811965811966,0.3714159821952066,5.097100215060077,0,481.6460000000003,5.999040000000006,0,0,10.810423851013184
diffusion,C=C(Cc1c(O)ccnc1C)n1cnc(Cc2cc(C)cc(N3CCC(CCC)CO3)c2)c1,1,0.11864406779661017,0.4975712213646628,4.029611546759377,0,446.5950000000003,5.4627400000000055,1,0,10.806873321533203
diffusion,C=C(Cc1c(C)cccc1C)c1ccn(CS2=CC(C3CCC(CCN)OC3)=IC(C)=N2)c1,1,0.11965811965811966,0.3081954332684457,5.149827547302303,0,577.5760000000001,6.023540000000006,0,0,10.804411888122559
diffusion,CCCC1CCN(c2cc(C)cc(Cn3ccc(C(=N)Cc4c(C)cccc4C)c3)c2)CO1,1,0.14545454545454545,0.4078961960524605,3.579389124500784,0,443.6350000000002,6.4251300000000064,0,0,10.77474308013916
diffusion,Cc1cc(Cn2cnc(C(=O)Oc3c(C)cccc3C)n2)cc(N2CCN(CCO)OC2)c1,1,0.24271844660194175,0.43267627154890326,3.161237935741819,1,451.5270000000003,2.474260000000001,0,1,10.772348403930664
diffusion,C=C(Cc1c(C)ccnc1C)n1ccc(Cc2cc(O)cc(C3OCC(CCC)OO3)c2)c1,1,0.11206896551724138,0.45086650566311404,4.292293388266915,0,448.5630000000002,5.655440000000006,0,0,10.743839263916016
diffusion,CC1=CC=CC(C)=S1CC(=O)n1cnc(Nc2cc(C)cc(C3CCC(CCO)CC3)c2)n1,1,0.15178571428571427,0.5222307133984943,4.108752626955777,0,466.65100000000035,5.5613200000000065,0,0,10.721145629882812
diffusion,Cc1cc(Cn2ccc(C(=N)Cc3c(N)cccc3O)c2)cc(N2CCC(NCO)CC2)c1,1,0.15178571428571427,0.20682772850235825,3.1694439913883006,1,447.58300000000025,3.2513900000000016,0,1,10.711007118225098
diffusion,COOC1CNN(c2cc(C)cc(Cn3ccc(C(=O)Cc4c(C)cccc4C)c3)c2)CO1,1,0.1415929203539823,0.3175131605509416,3.88505917360062,1,449.5510000000003,4.089860000000003,0,1,10.710777282714844
diffusion,C=C(Cc1c(O)ccnc1C)n1cnc(Cc2cc(C)cc(N3CCC(CCC)CS3)c2)c1,1,0.1271186440677966,0.4052163694627106,4.107496162143992,0,462.6630000000003,6.179340000000006,0,0,10.661438941955566
diffusion,Cc1cc(Cn2ccc(C(=N)Cc3c(N)cccc3O)c2)cc(N2CCC(OCO)CC2)c1,1,0.1415929203539823,0.23887963028149425,3.1777148588187423,1,448.5670000000003,3.678390000000003,0,1,10.639412879943848
diffusion,C=C(Cc1c(C)ccnc1N)c1ncc(Cc2cc(C)nc(N3CCN(CCC)CO3)c2)o1,1,0.17699115044247787,0.5539936441559096,3.7125962008809354,1,448.5710000000003,3.931440000000003,1,1,10.603601455688477
diffusion,COOC1CN[SH](c2cc(C)cc(Cn3ccc(C(=O)Cc4c(C)cccc4C)c3)c2)CO1,1,0.17117117117117117,0.21823245064750085,4.579310900541874,1,468.6190000000003,4.643560000000004,0,1,10.597585678100586
fragment_swap,NCc1nc(Nc2nccs2)cc(N2CCN(CCO)CC2)n1,1,0.3950617283950617,0.6901504392176829,2.6630479245237773,1,335.4370000000002,0.24969999999999964,1,1,12.395262718200684
fragment_swap,Cc1nc(Nc2ncc(C(=O)Nc3ccccc3C)s2)cc(N2CCN(CCO)CC2CCN)n1,1,0.5813953488372093,0.35233835905429295,3.2884206721702247,1,496.64100000000036,2.3775399999999998,1,1,11.913816452026367
fragment_swap,Cc1cccc(Cl)c1NC(=O)c1cnc(Nc2cc(N3CCN(C)CC3)nc(CN)n2)s1,1,0.7105263157894737,0.50133197856052,2.744960558963985,1,473.00600000000037,3.1013200000000003,1,1,11.880960464477539
fragment_swap,Cc1nc(Nc2ncc(C(=O)Nc3ccccc3C)s2)cc(N2CCN(CC(C)O)CC2)n1,1,0.620253164556962,0.48684868447991214,3.019739369999966,1,467.5990000000003,3.0486400000000016,1,1,11.745566368103027
fragment_swap,Cc1nc(Nc2ncc(C(=O)Nc3c(C)cccc3Cl)s2)cc(N2CCNCC2CN)n1,1,0.6385542168674698,0.4317764424085309,3.356125675530004,1,473.00600000000026,2.93614,1,1,11.665529251098633
fragment_swap,NCc1nc(Nc2ncc(C=O)s2)cc(N2CCN(CCO)CC2)n1,1,0.4625,0.5864502774111254,2.893547390022798,1,363.44700000000023,0.062199999999999644,0,1,11.646321296691895
fragment_swap,Cc1nc(Nc2ncc(C(=O)Nc3ccccc3Cl)s2)cc(N2CCN(CCO)CC2c2ccccc2)n1,1,0.611764705882353,0.2890822991107918,3.1776913454984896,0,550.0880000000003,4.746420000000003,1,0,11.628555297851562
fragment_swap,Cc1nc(Nc2ncc(C(=O)Nc3ccccc3CN)s2)cc(N2CCN(CCO)CC2)n1,1,0.6883116883116883,0.3905753041238348,2.6551686567341513,1,468.58700000000033,1.8104199999999997,1,1,11.594344139099121
fragment_swap,Cc1nc(Nc2ncc(C(=O)Nc3c(C)cccc3Cl)s2)cc(N2CCN(C)CC2CCN)n1,1,0.6585365853658537,0.45017772882228724,3.3589110864192984,0,501.06000000000034,3.6684400000000013,1,0,11.558218955993652
fragment_swap,Cc1nc(Nc2ncc(C(=O)Nc3ccccc3C)s2)cc(N2CCN(C(N)CO)CC2)n1,1,0.5925925925925926,0.4105249059958745,3.2284038544516847,1,468.5870000000003,1.9449399999999997,1,1,11.536368370056152
fragment_swap,Cc1nc(Nc2ncc(C(=O)Nc3c(C)cccc3Cl)s2)cc(N2CCNC(N)C2)n1,1,0.6835443037974683,0.4601777977993634,3.408038243053225,1,458.9790000000002,2.8936399999999995,1,1,11.521980285644531
fragment_swap,Cc1nc(Nc2ncc(C(=O)Nc3c(C)cccc3Cl)s2)cc(-c2ccccc2)n1,1,0.6216216216216216,0.4096681677371146,2.37974272683479,0,435.9400000000001,5.866240000000004,1,0,11.493353843688965
fragment_swap,Cc1cc(Nc2ncc(C(=O)Nc3c(C)cccc3Cl)s2)nc(C)n1,1,0.6666666666666666,0.7029734651545442,2.4358855218909277,1,373.8690000000001,4.507660000000002,1,1,11.484647750854492
fragment_swap,CCN1CCN(c2cc(Nc3ncc(C(=O)Nc4c(Cl)cccc4CN)s3)nc(C)n2)CC1,1,0.7142857142857143,0.4648933676269668,2.7804068391788075,1,487.0330000000003,3.4914200000000015,1,1,11.477694511413574
fragment_swap,Cc1nc(Nc2ncc(C(=O)Nc3ccccc3C)s2)cc(N2CCN(CCO)CC2CN)n1,1,0.5882352941176471,0.3803503703465272,3.2483430055311144,1,482.6140000000003,1.9874399999999997,1,1,11.47719955444336
fragment_swap,CCc1ccccc1NC(=O)c1cnc(Nc2cc(N3CCN(CCO)CC3)nc(C)n2)s1,1,0.7066666666666667,0.4643487455671972,2.588249466450751,1,467.59900000000033,2.9141200000000014,1,1,11.476624488830566
fragment_swap,Cc1nccc(Nc2nc(N)c(C(=O)Nc3c(C)cccc3Cl)s2)n1,1,0.43209876543209874,0.6412378622256901,2.52034508233049,1,374.857,3.781440000000001,1,1,11.46391487121582
fragment_swap,Cc1nc(Nc2ncc(C(=O)Nc3ccccc3C)s2)cc(N2CCN(CCO)C(O)C2)n1,1,0.6097560975609756,0.41071565664904686,3.3024866695089674,1,469.57100000000025,1.9785399999999997,1,1,11.449966430664062
fragment_swap,Cc1ccc(C)c(NC(=O)c2cnc(Nc3cc(N4CCN(CCO)CC4)nc(C)n3)s2)c1,1,0.7162162162162162,0.4869840954644289,2.5863986558727508,1,467.59900000000033,2.968560000000001,1,1,11.447755813598633
fragment_swap,Cc1nc(Nc2ncc(C(=O)Nc3ccccc3Cl)s2)cc(N2CCN(CCO)C(N)C2)n1,1,0.6265060240963856,0.3949686730050705,3.325400581129262,1,489.0050000000003,2.2899200000000004,1,1,11.434478759765625
fragment_swap,Cc1nccc(N(O)c2ncc(C(=O)Nc3c(C)cccc3Cl)s2)n1,1,0.43209876543209874,0.6699364851473383,2.8451264010118074,1,375.84100000000007,3.982940000000002,0,1,11.408380508422852
fragment_swap,NCc1cccc(Cl)c1NC(=O)c1cnc(Nc2cc(N3CCN(CCO)CC3)ncn2)s1,1,0.6582278481012658,0.3760899182943116,2.7958514097705898,1,489.00500000000034,2.1554,1,1,11.40213394165039
fragment_swap,Cc1ncc(O)c(Nc2ncc(C(=O)Nc3c(C)cccc3Cl)s2)n1,1,0.5333333333333333,0.6389491448929875,2.6489956317810393,1,375.84100000000007,3.904840000000001,1,1,11.386579513549805
fragment_swap,Cc1nc(Nc2ncc(C(=O)Nc3c(C)cccc3Cl)s2)cc(N2CCN(CCN)CC2)n1,1,0.8714285714285714,0.46608940185860454,2.683778361273733,1,487.03300000000036,3.2799400000000007,1,1,11.382749557495117
fragment_swap,CCc1nccc(Nc2ncc(C(=O)Nc3c(C)cccc3Cl)s2)n1,1,0.5526315789473685,0.6900404782166466,2.5044241505861766,1,373.86899999999997,4.453220000000003,1,1,11.381173133850098
fragment_swap,Cc1nc(Nc2ncc(C(=O)Nc3ccccc3Cl)s2)cc(N2CCN(CCO)C(C)C2)n1,1,0.6341463414634146,0.465298828652022,3.152638879001602,1,488.0170000000003,3.393620000000002,1,1,11.3750638961792
fragment_swap,Cc1nccc(Nc2ncc(C(=O)Nc3c(Cl)ccc(O)c3C)s2)n1,1,0.45569620253164556,0.6389491448929876,2.681251236176644,1,375.84100000000007,3.904840000000001,1,1,11.340025901794434
fragment_swap,Cc1nc(Nc2nc(N)cs2)cc(N2CCN(CCO)CC2)n1,1,0.49333333333333335,0.7328802061610533,2.6497943184283805,1,335.4370000000002,0.6816199999999999,1,1,11.328224182128906
fragment_swap,Cc1nc(Nc2nccs2)cc(N2CCN(CC(C)O)CC2)n1,1,0.3950617283950617,0.8575337203436189,2.983721165571515,1,334.44900000000007,1.4879199999999997,1,1,11.319332122802734
fragment_swap,Cc1nc(Nc2nc(N)c(C(=O)Nc3c(C)cccc3Cl)s2)cc(N2CCNCC2)n1,1,0.5679012345679012,0.45960594786897185,2.7411958364695312,1,458.9790000000002,3.191040000000001,1,1,11.317496299743652
fragment_swap,CCN1CCN(c2cc(Nc3ncc(C(=O)Nc4c(C)cccc4Cl)s3)nc(C)n2)C(CN)C1,1,0.6707317073170732,0.45017772882228724,3.3221957018039134,0,501.0600000000003,3.6684400000000013,1,0,11.316291809082031
fragment_swap,Cc1nc(Nc2ncc(C(=O)Nc3c(C)cccc3Cl)s2)cc(N2CCN(C(C)N)CC2)n1,1,0.7567567567567568,0.4838928751602291,3.2103227763671054,1,487.0330000000003,3.625940000000001,1,1,11.260159492492676
fragment_swap,Cc1nc(N)cc(N2CCN(CCO)CC2CCl)n1,1,0.2857142857142857,0.763582012341845,3.264308182803818,1,285.77899999999994,0.08892000000000033,0,1,11.251425743103027
fragment_swap,Cc1nc(Nc2ncc(C(=O)Nc3ccccc3C)s2)cc(N2CCN(CC(O)O)CC2)n1,1,0.6363636363636364,0.38420821616327994,2.690110767165713,1,469.57100000000025,1.9785399999999997,0,1,11.251218795776367
fragment_swap,Cc1nc(Nc2ncc(C(=O)Nc3c(C)cccc3Cl)s2)cc(N2CCN(CO)CC2)n1,1,0.8823529411764706,0.5004836353923493,2.7300386654728594,1,473.9900000000003,3.271040000000001,1,1,11.243175506591797
fragment_swap,Cc1nc(Nc2ncc(C(=O)Nc3ccccc3Cl)s2)cc(N2CCN(CC(O)O)CC2)n1,1,0.6623376623376623,0.36957883243912365,2.7133133858236516,1,489.98900000000026,2.3235200000000003,0,1,11.239616394042969
fragment_swap,Cc1nc(Nc2ncc(C(=O)Nc3c(C)cccc3Cl)s2)cc(N2CCNC(C)C2)n1,1,0.7012987012987013,0.5325935056716435,3.2087385927035745,1,457.9910000000002,3.997340000000002,1,1,11.230081558227539
fragment_swap,Cc1nc(N)cc(N2CCN(CCO)CC2C)n1,1,0.2804878048780488,0.7789336581811073,3.0292541892189657,1,251.33399999999997,-0.12997999999999998,1,1,11.224737167358398
fragment_swap,CNc1ncc(C(=O)Nc2c(C)cccc2Cl)s1,1,0.5217391304347826,0.9065212823439884,2.2450606567611455,1,281.768,3.3989200000000013,1,1,11.1991548538208
fragment_swap,OCCN1CCN(c2cc(Nc3nccs3)nc(CO)n2)CC1,1,0.4050632911392405,0.692143871900175,2.65951818858807,1,336.42100000000016,0.28329999999999933,1,1,11.194934844970703
fragment_swap,Cc1nc(N)cc(N2CCN(CCO)C(N)C2)n1,1,0.2804878048780488,0.6181362577512218,3.3536335738343492,1,252.32199999999997,-1.2336799999999977,1,1,11.185140609741211
fragment_swap,Cc1nc(Nc2ncc(C=O)s2)cc(N2CCN(CCO)C(C)C2)n1,1,0.4578313253012048,0.7428288957456816,3.368647048157756,1,362.4590000000001,1.30042,0,1,11.157886505126953
fragment_swap,Cc1nc(Nc2ncc(C(=O)Nc3c(C)ccc(C)c3Cl)s2)cc(N2CCNCC2)n1,1,0.631578947368421,0.5340638809549806,2.8112447875184827,1,457.99100000000016,3.9172600000000024,1,1,11.155170440673828
fragment_swap,Cc1nc(N)cc(N2CCN(C(C)CO)CC2)n1,1,0.2625,0.7789336581811073,2.8960957276805033,1,251.33399999999997,-0.12997999999999998,1,1,11.15240478515625
fragment_swap,Cc1nc(N2CCN(CCO)CC2)cc(N(O)c2ncc(C(=O)Nc3ccccc3C)s2)n1,1,0.5421686746987951,0.44846658569531933,2.857661012664895,1,469.57100000000014,2.44384,0,1,11.151680946350098
fragment_swap,Cc1nc(Nc2ncc(C(=O)Nc3ccccc3CO)s2)cc(N2CCN(CCO)CC2)n1,1,0.7066666666666667,0.3907916135750027,2.641133029203788,1,469.5710000000003,1.8440199999999998,1,1,11.150506973266602
fragment_swap,Cc1nc(Nc2ncc(C=O)s2)cc(N2CCN(CCO)CC2N)n1,1,0.4523809523809524,0.6178561404959235,3.5744574490244947,1,363.4470000000001,0.1967199999999999,0,1,11.114340782165527
fragment_swap,Cc1nc(N)cc(N2CCN(CC(O)O)CC2)n1,1,0.2987012987012987,0.5818626403585178,2.569703118299607,1,253.30599999999998,-1.2000799999999996,0,1,11.112234115600586
fragment_swap,Cc1cccc(Cl)c1NC(=O)c1cnc(Nc2cc(N3CCN(CC(O)O)CC3)ncn2)s1,1,0.6883116883116883,0.36957883243912365,2.7829124038269253,1,489.9890000000003,2.3235200000000003,0,1,11.105353355407715
fragment_swap,Cc1nc(Nc2ncc(C(=O)Nc3c(C)cccc3N)s2)cc(N2CCN(CCO)CC2)n1,1,0.8309859154929577,0.3853568430695692,2.719334989751639,1,468.58700000000033,2.2423400000000004,0,1,11.096049308776855
fragment_swap,CCC1CN(CC)CCN1c1cc(Nc2ncc(C(=O)Nc3c(C)cccc3Cl)s2)nc(C)n1,1,0.6875,0.4661998527280594,3.274515894111606,0,500.07200000000023,5.119740000000004,1,0,11.083198547363281
fragment_swap,Cc1nc(Nc2ncc(C=O)s2)cc(N2CCN(CC(O)O)CC2)n1,1,0.47435897435897434,0.4892714065448069,2.9220280509112033,1,364.4310000000001,0.23031999999999997,0,1,11.064065933227539
fragment_swap,Cc1nc(Nc2ncc(C=O)s2)cc(N2CCN(CCO)C(N)C2)n1,1,0.4523809523809524,0.6178561404959234,3.5973738087211364,1,363.4470000000001,0.1967199999999999,0,1,11.062851905822754
fragment_swap,CCCC1CN(CCO)CCN1c1cc(Nc2ncc(C(N)=O)s2)nc(C)n1,1,0.49411764705882355,0.6021229542804984,3.3665063312587504,1,405.5280000000002,1.3670199999999992,1,1,11.059313774108887
fragment_swap,Cc1nc(Nc2ncc(C(=O)Nc3c(N)cccc3Cl)s2)cc(N2CCN(CCO)CC2)n1,1,0.8591549295774648,0.37013031193919965,2.73843089809861,1,489.0050000000003,2.587320000000001,0,1,11.05774974822998
fragment_swap,Cc1nc(Nc2nccs2)cc(N2CCN(CCO)C(N)C2)n1,1,0.38823529411764707,0.7206450909666545,3.3860106760610256,1,335.43700000000007,0.38421999999999995,1,1,11.049429893493652
fragment_swap,Cc1nc(Nc2ncc(C(N)=O)s2)cc(N2CCN(CCO)CC2CCO)n1,1,0.5060240963855421,0.47376769156693976,3.3976391452801735,1,407.5000000000002,-0.05068,1,1,11.046128273010254
fragment_swap,Cc1cccc(Cl)c1NC(=O)c1cnc(Nc2cc(N3CCNCC3)nc(CO)n2)s1,1,0.6883116883116883,0.4445000492097065,2.813780108096781,1,459.9630000000003,2.7927200000000005,1,1,11.042980194091797
fragment_swap,Cc1nc(Nc2ncc(C(=O)Nc3c(C)cccc3Cl)s2)cc(N2CCN(C)C(N)C2)n1,1,0.7466666666666667,0.5184409096972158,3.328021736392219,1,473.00600000000026,3.2358400000000005,1,1,11.033452987670898
fragment_swap,CCN1CCN(c2cc(Nc3ncc(C(=O)Nc4c(C)cccc4Cl)s3)nc(C)n2)C(C)C1,1,0.6962025316455697,0.5215401536505281,3.2049540418757907,1,486.04500000000024,4.729640000000003,1,1,11.026297569274902
fragment_swap,Cc1nc(Nc2nccs2)cc(N2CCN(C(N)CO)CC2)n1,1,0.37349397590361444,0.7206450909666544,3.2809099767603254,1,335.4370000000001,0.3842199999999995,1,1,11.006710052490234
fragment_swap,Cc1nc(Nc2ncc(C(=O)N(N)c3ccccc3Cl)s2)cc(N2CCN(CCO)CC2)n1,1,0.7012987012987013,0.2607474999398828,2.908601601862932,1,489.0050000000003,2.27332,0,1,10.992908477783203
fragment_swap,Cc1nc(Nc2ncc(C=O)s2)cc(N2CCN(C(N)CO)CC2)n1,1,0.43902439024390244,0.6178561404959235,3.4996745671176708,1,363.4470000000001,0.19671999999999995,0,1,10.984251976013184
fragment_swap,Cc1nc(Nc2nccs2)cc(N2CCN(CCO)CC2CS)n1,1,0.38372093023255816,0.667158789119378,3.410520490293992,1,366.5160000000001,1.3978199999999996,0,1,10.956615447998047
fragment_swap,Cc1nc(Nc2ncc(C(=O)Nc3c(C)cccc3Cl)s2)cc(N2CCNCC2O)n1,1,0.65,0.46003786328404933,3.371547333962316,1,459.9630000000002,2.9272400000000007,1,1,10.952016830444336
fragment_swap,Cc1nc(N2CCN(C)CC2)cc(N(O)c2ncc(C(=O)Nc3c(C)cccc3Cl)s2)n1,1,0.5875,0.5407307023217425,2.9384094347036296,1,473.9900000000002,3.7347400000000013,0,1,10.951010704040527
fragment_swap,Cc1nc(CS)cc(Nc2ncc(C(=O)Nc3c(C)cccc3Cl)s2)n1,1,0.6438356164383562,0.5391092489909447,2.7524143155964325,1,405.9360000000001,4.629040000000001,0,1,10.940743446350098
fragment_swap,CCN1CCN(c2cc(Nc3nc(O)c(C(=O)Nc4c(C)cccc4Cl)s3)nc(C)n2)CC1,1,0.6410256410256411,0.47783721969134707,2.746475288574299,1,488.0170000000003,4.046740000000002,1,1,10.940255165100098
fragment_swap,CCN1CCN(c2cc(Nc3ncc(C(=O)Nc4c(Cl)ccc(C)c4C)s3)nc(C)n2)CC1,1,0.7066666666666667,0.5251302292372773,2.7222579188472515,1,486.0450000000003,4.649560000000003,1,1,10.93582820892334
fragment_swap,CCN1CCN(c2nc(C)nc(Nc3ncc(C(=O)Nc4c(C)cccc4Cl)s3)c2O)CC1,1,0.620253164556962,0.47783721969134707,2.80938298088199,1,488.0170000000003,4.0467400000000024,1,1,10.889979362487793
fragment_swap,CCN1CCN(c2cc(Nc3ncc(C(=O)Nc4c(Cl)ccc(N)c4C)s3)nc(C)n2)CC1,1,0.6666666666666666,0.4491953925232369,2.799638564008541,1,487.0330000000003,3.9233400000000023,0,1,10.8875093460083
fragment_swap,Cc1nc(Nc2ncc(C(=O)Nc3c(C)cccc3Cl)s2)cc(N2CCN(C)CC2O)n1,1,0.6794871794871795,0.5180414609894025,3.3658586594691426,1,473.99000000000024,3.2694400000000017,1,1,10.876641273498535
fragment_swap,Cc1nc(Nc2ncc(C(N)=O)s2)cc(N2CCN(CCO)CC2CN)n1,1,0.5060240963855421,0.49059583355783637,3.410169316158191,1,392.4890000000002,-0.47437999999999864,1,1,10.856280326843262
fragment_swap,Cc1nc(N2CCN(CCO)CC2)cc(N(C)c2ncc(C=O)s2)n1,1,0.39759036144578314,0.7600384092505857,2.9414321679209543,1,362.45900000000006,0.9362199999999994,0,1,10.84984302520752
fragment_swap,Cc1nc(Nc2ncc(C(N)=O)s2)cc(N2CCN(CCO)CC2CO)n1,1,0.5121951219512195,0.4924394129508076,3.391369518587341,1,393.4730000000002,-0.44077999999999967,1,1,10.843548774719238
fragment_swap,Cc1cccc(Cl)c1NC(=O)c1cnc(Nc2cc(N3CCN(CCO)CC3CO)ncn2)s1,1,0.6585365853658537,0.3660667039203022,3.327034837410575,0,504.01600000000036,2.3660200000000007,1,0,10.775572776794434
fragment_swap,CCc1nc(Nc2ncc(C(=O)Nc3c(C)cccc3Cl)s2)cc(N2CCN(C)CC2)n1,1,0.72,0.5565753321260527,2.671367490493992,1,472.0180000000003,4.205020000000004,1,1,10.75559139251709
fragment_swap,Cc1nc(N)c(C)c(N2CCN(CCO)CC2)n1,1,0.30666666666666664,0.7737276832846107,2.3905532721457607,1,251.33399999999995,-0.2100599999999997,1,1,10.745081901550293
fragment_swap,CCN1CCN(c2cc(Nc3ncc(C(=O)Nc4c(C)ccc(N)c4Cl)s3)nc(C)n2)CC1,1,0.6666666666666666,0.4491953925232369,2.844946752594149,1,487.03300000000024,3.9233400000000023,0,1,10.738024711608887
fragment_swap,Cc1nc(N2CCN(CCO)CC2)cc(N(N)c2ncc(C(N)=O)s2)n1,1,0.43902439024390244,0.4469679825857155,3.030016423077992,1,378.4620000000001,-0.5334799999999984,0,1,10.732118606567383
fragment_swap,CCN1CCN(c2cc(Nc3nc(C)c(C(=O)Nc4c(C)cccc4Cl)s3)nc(C)n2)CC1,1,0.6493506493506493,0.5251302292372771,2.571654941179755,1,486.0450000000003,4.649560000000003,1,1,10.724630355834961
fragment_swap,Cc1nc(Nc2ncc(C(N)=O)s2)c(O)c(N2CCN(CCO)CC2)n1,1,0.475,0.5413820429416056,2.8913196896744093,1,379.44600000000025,-0.09608000000000039,1,1,10.700140953063965
fragment_swap,CCc1cccc(Cl)c1NC(=O)c1cnc(Nc2cc(N3CCN(C)CC3)nc(C)n2)s1,1,0.7297297297297297,0.5565753321260527,2.670641708583597,1,472.0180000000003,4.205020000000003,1,1,10.684041023254395
fragment_swap,Cc1nccc(Nc2ncc(C(=O)Nc3c(Cl)cccc3CO)s2)n1,1,0.5324675324675324,0.6316986338424981,2.6069461440856365,1,375.84100000000007,3.3831200000000012,1,1,10.683455467224121
fragment_swap,Cc1c(O)ccc(Cl)c1NC(=O)c1cnc(N)s1,1,0.3291139240506329,0.7904030154326563,2.546496116729749,1,283.73999999999995,2.6450199999999997,1,1,10.669903755187988
fragment_swap,CCc1nc(Nc2ncc(C(N)=O)s2)cc(N2CCN(CCO)CC2)n1,1,0.5454545454545454,0.6360896461621882,2.720864000898173,1,377.4740000000003,0.45229999999999954,1,1,10.616799354553223
fragment_swap,CCc1nc(Nc2ncc(C=O)s2)cc(N2CCN(CCO)CC2)n1,1,0.4810126582278481,0.7089691060159419,2.8005339284843362,1,362.45900000000023,1.1658999999999997,0,1,10.598210334777832
fragment_swap,Cc1ccc(O)c(Cl)c1NC(=O)c1cnc(N)s1,1,0.3291139240506329,0.7904030154326563,2.56788136005785,1,283.74,2.6450199999999997,1,1,10.522616386413574
fragment_swap,Cc1nc(Nc2ncc(C(=O)Nc3c(C)cccc3Cl)s2)cc(N2CCNCC2C#N)n1,1,0.6265060240963856,0.5201744053075962,3.469017476037191,1,468.9740000000002,3.5010200000000014,1,1,10.515789985656738
fragment_swap,CCN1CCN(c2cc(Nc3ncc(C(=O)N(C)c4c(C)cccc4Cl)s3)nc(C)n2)CC1,1,0.6329113924050633,0.5551817643213408,2.8022336012293856,1,486.0450000000003,4.365440000000003,1,1,10.51413631439209
fragment_swap,Cc1nc(Nc2ncc(C(=O)Nc3ccccc3Cl)s2)cc(N2CCN(CCO)CC2C#N)n1,1,0.611764705882353,0.4496188825454323,3.3949595003764763,1,499.0000000000003,2.8973000000000013,1,1,10.479605674743652
fragment_swap,Cc1ccc(Cl)c(NC(=O)c2cnc(N)s2)c1C,1,0.35064935064935066,0.8877536485837152,2.402515896949529,1,281.76800000000003,3.247840000000001,1,1,10.464077949523926
fragment_swap,Cc1cccc(Cl)c1NC(=O)c1cnc(NN)s1,1,0.5142857142857142,0.5971287312688742,2.3534151182996084,1,282.75600000000003,2.6428199999999995,0,1,10.43962287902832
fragment_swap,Cc1nc(Nc2ncc(C=O)s2)cc(N2CCN(CCO)CC2C#N)n1,1,0.4418604651162791,0.7088197587377622,3.6558820406325,1,373.4420000000001,0.8040999999999998,0,1,10.427136421203613
fragment_swap,NC(=O)c1cnc(Nc2cc(N3CCN(CCO)CC3)nc(CO)n2)s1,1,0.5394736842105263,0.4952085705398459,2.808167743101915,1,379.44600000000014,-0.6178000000000006,1,1,10.414074897766113
fragment_swap,NCc1cccc(Cl)c1NC(=O)c1cnc(N)s1,1,0.358974358974359,0.8032974197599179,2.509369887530376,1,282.756,2.0897,1,1,10.372396469116211
fragment_swap,Cc1ccc(CCN)c(Cl)c1NC(=O)c1cnc(N)s1,1,0.3253012048192771,0.8081317962423492,2.6159258653215076,1,310.81000000000006,2.44062,1,1,10.363412857055664
fragment_swap,CCCc1ccc(C)c(NC(=O)c2cnc(N)s2)c1Cl,1,0.3253012048192771,0.8998971428065573,2.518934816370459,1,309.822,3.8919200000000025,1,1,10.321880340576172
fragment_swap,Cc1ccc(CF)c(Cl)c1NC(=O)c1cnc(N)s1,1,0.32926829268292684,0.9123439545258216,2.7561391802109068,1,299.75800000000004,3.408920000000001,1,1,10.295031547546387
fragment_swap,Cc1cccc(Cl)c1NC(=O)c1sc(N)nc1N,1,0.3684210526315789,0.7887151417354745,2.316768644202277,1,282.75600000000003,2.5216199999999995,1,1,10.256694793701172
random_edit,Cc1cccc(Cl)c1NC(=O)c1cnc(Nc2cc(N3CCN(CCO)CC3)nc(N)n2)s1,1,0.8591549295774648,0.3956664842618062,2.6787068391788065,1,489.0050000000004,2.58732,1,1,12.362678527832031
random_edit,Cc1cccc(Cl)c1NC(=O)c1cnc(Nc2cc(N3CCN(CCO)CC3)nc(O)n2)s1,1,0.8714285714285714,0.39579806144195584,2.824932534759821,1,489.9890000000004,2.7107200000000016,1,1,11.903279304504395
random_edit,Cc1nc(Cc2ncc(C(=O)Nc3c(C)cccc3Cl)s2)cc(N2CCN(CCO)CC2)n1,1,0.7432432432432432,0.529319984127348,2.7241516836959914,1,487.0290000000003,3.1607400000000014,1,1,11.526501655578613
random_edit,Cc1nc(Nc2ncc(C(=O)Nc3c(C)cccc3Cl)s2)cc(N2CCN(CNO)CC2)n1,1,0.8309859154929577,0.3713578228915942,2.9010245151198877,1,489.0050000000003,3.2575400000000005,0,1,11.455717086791992
random_edit,Cc1nc(Nc2ncc(C(=O)Nc3c(O)cccc3Cl)s2)cc(N2CCN(CCO)CC2)n1,1,0.8714285714285714,0.3702533971755542,2.769595055218087,1,489.9890000000003,2.710720000000001,0,1,11.399724960327148
random_edit,Cc1nc(Nc2ncc(C(=O)Nc3c(C)cccc3Cl)s2)cc(N2CCN(CCN)CC2)n1,1,0.8714285714285714,0.46608940185860454,2.683778361273733,1,487.03300000000036,3.2799400000000007,1,1,11.382749557495117
random_edit,Cc1nc(Nc2ncc(C(=O)Nc3c(Cl)cccc3Br)s2)cc(N2CCN(CCO)CC2)n1,1,0.8591549295774648,0.40677325219134614,2.7585034021902644,0,552.8860000000001,3.7676200000000026,1,0,11.35810661315918
random_edit,Cc1nc(Nc2ncc(C(=O)Nc3c(S)cccc3Cl)s2)cc(N2CCN(CCO)CC2)n1,1,0.8591549295774648,0.36236147194899093,2.890554466020051,0,506.0570000000003,3.293820000000002,0,0,11.34755802154541
random_edit,Cc1nc(Oc2ncc(C(=O)Nc3c(C)cccc3Cl)s2)cc(N2CCN(CCO)CC2)n1,1,0.7236842105263158,0.521437264365794,2.7692238604554014,1,489.0010000000003,3.3622400000000026,1,1,11.327529907226562
random_edit,Cc1nc(Nc2ncc(C(=O)Nc3c(C)cccc3Br)s2)cc(N2CCN(CCO)CC2)n1,1,0.8309859154929577,0.4253036351177006,2.7330898179022114,0,532.4680000000002,3.422640000000002,1,0,11.323786735534668
random_edit,Cc1nc(Nc2ncc(C(=O)Nc3c(C)cccc3Cl)s2)cc(N2CCN(CCS)CC2)n1,1,0.8714285714285714,0.4153405886646188,2.7923984922066314,0,504.0850000000003,4.251040000000002,0,0,11.299344062805176
random_edit,Cc1nc(Nc2ncc(C(=O)Nc3c(C)cccc3Cl)s2)cc(N2CCN(CSO)CC2)n1,1,0.8309859154929577,0.4002716661137997,2.956466577313014,0,506.0570000000003,4.484940000000003,0,0,11.26343822479248
random_edit,Cc1nc(Nc2ncc(C(=O)Nc3c(C)cccc3F)s2)cc(N2CCN(CCO)CC2)n1,1,0.8309859154929577,0.4830809559641501,2.7045962008809354,1,471.5620000000003,2.79924,1,1,11.260902404785156
random_edit,Cc1nc(Sc2ncc(C(=O)Nc3c(C)cccc3Cl)s2)cc(N2CCN(CCO)CC2)n1,1,0.7236842105263158,0.4700208488956895,2.793460521666532,0,505.06900000000036,3.721140000000003,1,0,11.254429817199707
random_edit,Cc1nc(Nc2ncc(C(=O)Nc3c(F)cccc3Cl)s2)cc(N2CCN(CCO)CC2)n1,1,0.8591549295774648,0.4625459384233941,2.7024132221575297,1,491.9800000000003,3.1442200000000016,1,1,11.250537872314453
random_edit,Cc1nc(Nc2ncc(C(=O)Nc3c(C)cccc3Cl)s2)cc(N2CCN(NCO)CC2)n1,1,0.8055555555555556,0.3720336638334797,2.976798328540509,1,489.0050000000003,2.77564,0,1,11.233649253845215
random_edit,Cc1nc(Nc2ncc(C(=O)Nc3c(Cl)cccc3Cl)s2)cc(N2CCN(CCO)CC2)n1,1,0.9242424242424242,0.44425151329491336,2.6661333530904265,0,508.43500000000034,3.658520000000003,1,0,11.213103294372559
random_edit,Cc1nc(Nc2ncc(C(=O)Nc3c(C)cccc3O)s2)cc(N2CCN(CCO)CC2)n1,1,0.8428571428571429,0.385738193452081,2.7327407180658767,1,469.5710000000003,2.3657399999999997,0,1,11.184073448181152
random_edit,Cc1cccc(Cl)c1NC(=O)c1cnc(Nc2cc(N3CCN(CCO)CC3)nc(F)n2)s1,1,0.8714285714285714,0.43269339022806635,2.7607173138105594,1,491.98000000000036,3.1442200000000016,1,1,11.177139282226562
random_edit,Cc1nc(Nc2ncc(C(=O)Cc3c(C)cccc3Cl)s2)cc(N2CCN(CCO)CC2)n1,1,0.7567567567567568,0.46716257557077256,2.794940881731998,1,487.0290000000003,3.486640000000002,1,1,11.15432071685791
random_edit,Cc1nc(Nc2ncc(C(=O)Nc3c(C)cccc3S)s2)cc(N2CCN(CCO)CC2)n1,1,0.8309859154929577,0.37868182090810076,2.871001929195174,1,485.6390000000003,2.9488400000000015,0,1,11.153807640075684
random_edit,Cc1nc(Nc2ncc(C(=O)Nc3c(C)cccc3Cl)s2)cc(N2CCN(OCO)CC2)n1,1,0.8194444444444444,0.42997749959679016,2.9956261517810994,1,489.9890000000003,3.2026400000000006,0,1,11.12556266784668
random_edit,Cc1nc(Nc2ncc(C(=O)Nc3c(C)cccc3Cl)s2)cc(N2CCN(COO)CC2)n1,1,0.8194444444444444,0.3365584605202667,2.8878868719120305,1,489.9890000000003,3.768340000000001,0,1,11.117986679077148
random_edit,Cc1nc(Nc2ncc(C(=O)Nc3c(C)cccc3C)s2)cc(N2CCN(CCO)CC2)n1,1,0.8939393939393939,0.4869840954644289,2.6186543023539297,1,467.59900000000033,2.968560000000001,1,1,11.11449146270752
random_edit,Cc1cccc(Cl)c1NC(=O)c1cnc(Nc2cc(N3CCN(CCO)CC3)nc(S)n2)s1,1,0.8591549295774648,0.286130514963762,2.8982405543997576,0,506.05700000000036,3.2938200000000015,0,0,11.113058090209961
random_edit,Cc1nc(Nc2ncc(C(=S)Nc3c(C)cccc3Cl)s2)cc(N2CCN(CCO)CC2)n1,1,0.8309859154929577,0.4157554270272371,2.895385889915305,0,504.0850000000003,3.8488400000000027,0,0,11.105809211730957
random_edit,Cc1nc(Nc2ncc(C(=O)Nc3c(C)cccc3N)s2)cc(N2CCN(CCO)CC2)n1,1,0.8309859154929577,0.3853568430695692,2.719334989751639,1,468.58700000000033,2.2423400000000004,0,1,11.096049308776855
random_edit,C=C(Nc1c(C)cccc1Cl)c1cnc(Nc2cc(N3CCN(CCO)CC3)nc(C)n2)s1,1,0.8428571428571429,0.43829478091803586,2.9113958735486936,1,486.04500000000036,4.144040000000003,1,1,11.064972877502441
random_edit,Cc1nc(Nc2ncc(C(=O)Nc3c(N)cccc3Cl)s2)cc(N2CCN(CCO)CC2)n1,1,0.8591549295774648,0.3701303119391999,2.73843089809861,1,489.0050000000003,2.587320000000001,0,1,11.05774974822998
random_edit,Cc1nc(Nc2ncc(C(=O)Oc3c(C)cccc3Cl)s2)cc(N2CCN(CCO)CC2)n1,1,0.7466666666666667,0.3826356344704066,2.749027624776188,1,489.00100000000026,3.2804400000000022,0,1,11.007977485656738
random_edit,Cc1nc(Nc2ncc(C(=O)Nc3c(C)cccc3Cl)s2)cc(N2CCN(SCO)CC2)n1,1,0.8055555555555556,0.3250480705582025,3.096817968475044,0,506.0570000000003,3.919240000000002,0,0,10.996729850769043
random_edit,Cc1cccc(Cl)c1NC(=O)c1cnc(Nc2cc(N3CCN(CCO)CC3)nc(Br)n2)s1,1,0.8591549295774648,0.3805202530687012,2.8327541386878075,0,552.8860000000003,3.7676200000000017,1,0,10.992088317871094
random_edit,Cc1nc(Nc2ncc(C(=N)Nc3c(C)cccc3Cl)s2)cc(N2CCN(CCO)CC2)n1,1,0.8309859154929577,0.2962478685792699,2.957686217247547,1,487.0330000000003,3.4987100000000018,0,1,10.959406852722168
random_edit,Cc1nc(Nc2ncc(C(=O)Nc3c(C)cccc3Cl)s2)cc(N2CCN(CCCl)CC2)n1,1,0.8840579710144928,0.4546614553502057,2.706069195970951,0,506.46300000000036,4.560040000000003,0,0,10.951826095581055
random_edit,Cc1cccc(Cl)c1NC(=O)c1cnc(Nc2cc(N3CCN(CCO)CC3)nc(Cl)n2)s1,1,0.8840579710144928,0.41557968070529466,2.694461994661623,0,508.43500000000034,3.658520000000002,1,0,10.9429292678833
random_edit,Cc1nc(Nc2ncc(S(=O)Nc3c(C)cccc3Cl)s2)cc(N2CCN(CCO)CC2)n1,1,0.7236842105263158,0.4265303222455954,3.515646734975417,0,508.0730000000004,3.195940000000002,1,0,10.92949390411377
random_edit,Cc1nc(Nc2ncc(C(=O)Nc3c(C)cccc3Cl)s2)cc(N2CCN(CCF)CC2)n1,1,0.8714285714285714,0.511591944681237,2.7447441550544216,1,490.0080000000003,4.290740000000003,1,1,10.912233352661133
random_edit,Cc1nc(Nc2ncc(C(=O)Nc3c(C)cccc3Cl)s2)cc(N2CCN(CCBr)CC2)n1,1,0.8714285714285714,0.411899048642097,2.7524066755126864,0,550.9140000000001,4.716140000000004,0,0,10.900341033935547
random_edit,Cc1nc(Nc2ncc(C(=O)Sc3c(C)cccc3Cl)s2)cc(N2CCN(CCO)CC2)n1,1,0.7466666666666667,0.462787635245336,2.989635480750003,0,505.06900000000036,3.9937400000000034,0,0,10.899299621582031
random_edit,CCCN1CCN(c2cc(Nc3ncc(C(=O)Nc4c(C)cccc4Cl)s3)nc(C)n2)CC1,1,0.8840579710144928,0.49981843388327873,2.6114616673293796,1,486.0450000000003,4.731240000000003,1,1,10.732306480407715
