pdb_id,protein,binding_mode,residue_index,residue_label,attention,attention_z,contact
6YOJ,FAK1,I,0,D1,0.0039033503,0.011404323,0
6YOJ,FAK1,I,1,Y2,0.0029534705,-0.2444073,0
6YOJ,FAK1,I,2,E3,0.0033957332,-0.12530176,0
6YOJ,FAK1,I,3,I4,0.003056458,-0.2166718,0
6YOJ,FAK1,I,4,Q5,0.0039124293,0.013849383,0
6YOJ,FAK1,I,5,R6,0.0025413118,-0.35540554,0
6YOJ,FAK1,I,6,E7,0.0033799687,-0.1295473,0
6YOJ,FAK1,I,7,R8,0.0032331855,-0.1690774,0
6YOJ,FAK1,I,8,I9,0.0042169318,0.09585477,0
6YOJ,FAK1,I,9,E10,0.00394135,0.021638034,0
6YOJ,FAK1,I,10,L11,0.0025624894,-0.3497022,0
6YOJ,FAK1,I,11,G12,0.0033131605,-0.14753938,0
6YOJ,FAK1,I,12,R13,0.0027353966,-0.30313665,1
6YOJ,FAK1,I,13,C14,0.0019451899,-0.5159468,0
6YOJ,FAK1,I,14,I15,0.0042174757,0.096001245,1
6YOJ,FAK1,I,15,G16,0.0022946657,-0.42182967,0
6YOJ,FAK1,I,16,E17,0.0039228722,0.01666176,0
6YOJ,FAK1,I,17,G18,0.0063616196,0.67343944,0
6YOJ,FAK1,I,18,Q19,0.0033992112,-0.124365106,0
6YOJ,FAK1,I,19,F20,0.0042205993,0.096842475,0
6YOJ,FAK1,I,20,G21,0.0034046709,-0.12289477,0
6YOJ,FAK1,I,21,D22,0.0041408427,0.07536326,0
6YOJ,FAK1,I,22,V23,0.0064774607,0.7046366,1
6YOJ,FAK1,I,23,H24,0.003270848,-0.15893455,0
6YOJ,FAK1,I,24,Q25,0.005158955,0.34955058,1
6YOJ,FAK1,I,25,G26,0.0020399722,-0.490421,0
6YOJ,FAK1,I,26,I27,0.0030695316,-0.21315093,0
6YOJ,FAK1,I,27,Y28,0.0025907403,-0.34209394,0
6YOJ,FAK1,I,28,M29,0.0037752446,-0.023095766,0
6YOJ,FAK1,I,29,S30,0.0039034376,0.0114278365,0
6YOJ,FAK1,I,30,P31,0.0040509636,0.051157963,0
6YOJ,FAK1,I,31,E32,0.004087624,0.061031003,0
6YOJ,FAK1,I,32,N33,0.004156971,0.079706736,0
6YOJ,FAK1,I,33,P34,0.004159804,0.08046971,0
6YOJ,FAK1,I,34,A35,0.004104494,0.06557424,0
6YOJ,FAK1,I,35,L36,0.0040996424,0.06426763,0
6YOJ,FAK1,I,36,A37,0.0040245866,0.044054408,0
6YOJ,FAK1,I,37,V38,0.0038542647,-0.0018148898,0
6YOJ,FAK1,I,38,A39,0.0014895375,-0.6386583,1
6YOJ,FAK1,I,39,I40,0.005823686,0.5285688,0
6YOJ,FAK1,I,40,K41,0.0022060266,-0.445701,1
6YOJ,FAK1,I,41,T42,0.0017856533,-0.55891144,0
6YOJ,FAK1,I,42,C43,0.0032826508,-0.1557559,0
6YOJ,FAK1,I,43,K44,0.0039364784,0.020326028,0
6YOJ,FAK1,I,44,N45,0.0036086715,-0.06795547,0
6YOJ,FAK1,I,45,C46,0.0024802596,-0.37184745,0
6YOJ,FAK1,I,46,T47,0.0029801044,-0.23723452,0
6YOJ,FAK1,I,47,S48,0.0036836516,-0.04776263,0
6YOJ,FAK1,I,48,D49,0.0037083533,-0.04111023,0
6YOJ,FAK1,I,49,S50,0.0032305904,-0.16977629,0
6YOJ,FAK1,I,50,V51,0.0025376473,-0.3563924,0
6YOJ,FAK1,I,51,R52,0.0024164214,-0.38903967,0
6YOJ,FAK1,I,52,E53,0.002933689,-0.24973466,0
6YOJ,FAK1,I,53,K54,0.0041200877,0.06977375,0
6YOJ,FAK1,I,54,F55,0.0018153331,-0.5509184,0
6YOJ,FAK1,I,55,L56,0.0019274091,-0.5207353,0
6YOJ,FAK1,I,56,Q57,0.0024085762,-0.39115247,0
6YOJ,FAK1,I,57,E58,0.0027040069,-0.3115902,0
6YOJ,FAK1,I,58,A59,0.004207623,0.09334788,0
6YOJ,FAK1,I,59,L60,0.002141809,-0.46299538,0
6YOJ,FAK1,I,60,T61,0.002466905,-0.375444,0
6YOJ,FAK1,I,61,M62,0.003510816,-0.094308876,0
6YOJ,FAK1,I,62,R63,0.0016831692,-0.58651143,0
6YOJ,FAK1,I,63,Q64,0.002141469,-0.463087,0
6YOJ,FAK1,I,64,F65,0.0027456824,-0.3003666,0
6YOJ,FAK1,I,65,D66,0.0030292554,-0.2239977,0
6YOJ,FAK1,I,66,H67,0.0018745452,-0.534972,0
6YOJ,FAK1,I,67,P68,0.0034790337,-0.102868155,0
6YOJ,FAK1,I,68,H69,0.0071839835,0.8949098,0
6YOJ,FAK1,I,69,I70,0.004136334,0.07414907,0
6YOJ,FAK1,I,70,V71,0.00298675,-0.23544478,1
6YOJ,FAK1,I,71,K72,0.0026882722,-0.3158277,0
6YOJ,FAK1,I,72,L73,0.010725472,1.8486662,0
6YOJ,FAK1,I,73,I74,0.001935969,-0.51843005,0
6YOJ,FAK1,I,74,G75,0.0028431478,-0.2741182,0
6YOJ,FAK1,I,75,V76,0.0057162936,0.49964708,0
6YOJ,FAK1,I,76,I77,0.0031434179,-0.19325267,0
6YOJ,FAK1,I,77,T78,0.0025406617,-0.3555806,0
6YOJ,FAK1,I,78,E79,0.0039807754,0.032255616,0
6YOJ,FAK1,I,79,N80,0.0037942103,-0.017988127,0
6YOJ,FAK1,I,80,P81,0.0040374696,0.047523916,0
6YOJ,FAK1,I,81,V82,0.002097813,-0.47484395,0
6YOJ,FAK1,I,82,W83,0.0029194052,-0.25358137,0
6YOJ,FAK1,I,83,I84,0.0015954401,-0.6101377,0
6YOJ,FAK1,I,84,I85,0.007461548,0.9696605,0
6YOJ,FAK1,I,85,M86,0.015667541,3.1796122,1
6YOJ,FAK1,I,86,E87,0.0027145715,-0.30874503,1
6YOJ,FAK1,I,87,L88,0.0023706493,-0.40136656,1
6YOJ,FAK1,I,88,C89,0.0021036814,-0.4732635,1
6YOJ,FAK1,I,89,T90,0.0020201858,-0.49574968,1
6YOJ,FAK1,I,90,L91,0.0060710465,0.5951854,0
6YOJ,FAK1,I,91,G92,0.0017890031,-0.5580093,1
6YOJ,FAK1,I,92,E93,0.0016798893,-0.5873948,1
6YOJ,FAK1,I,93,L94,0.003065263,-0.21430053,0
6YOJ,FAK1,I,94,R95,0.0018917918,-0.5303274,0
6YOJ,FAK1,I,95,S96,0.001598723,-0.6092536,0
6YOJ,FAK1,I,96,F97,0.00355139,-0.08338191,0
6YOJ,FAK1,I,97,L98,0.0033794863,-0.12967722,0
6YOJ,FAK1,I,98,Q99,0.004144964,0.07647312,0
6YOJ,FAK1,I,99,V100,0.010967856,1.9139426,0
6YOJ,FAK1,I,100,R101,0.010167587,1.6984224,0
6YOJ,FAK1,I,101,K102,0.0023384024,-0.41005093,0
6YOJ,FAK1,I,102,Y103,0.0034109866,-0.12119387,0
6YOJ,FAK1,I,103,S104,0.0030646343,-0.21446984,0
6YOJ,FAK1,I,104,L105,0.0030578487,-0.21629727,0
6YOJ,FAK1,I,105,D106,0.004128855,0.07213491,0
6YOJ,FAK1,I,106,L107,0.004225928,0.0982775,0
6YOJ,FAK1,I,107,A108,0.0033868572,-0.12769215,0
6YOJ,FAK1,I,108,S109,0.0033350964,-0.14163183,0
6YOJ,FAK1,I,109,L110,0.002402126,-0.39288956,0
6YOJ,FAK1,I,110,I111,0.0025902512,-0.3422257,0
6YOJ,FAK1,I,111,L112,0.002327384,-0.41301832,0
6YOJ,FAK1,I,112,Y113,0.005923129,0.5553498,0
6YOJ,FAK1,I,113,A114,0.0041692187,0.08300519,0
6YOJ,FAK1,I,114,Y115,0.0028088111,-0.28336543,0
6YOJ,FAK1,I,115,Q116,0.0020180254,-0.4963315,0
6YOJ,FAK1,I,116,L117,0.0027780333,-0.2916542,0
6YOJ,FAK1,I,117,S118,0.0022604319,-0.43104914,0
6YOJ,FAK1,I,118,T119,0.0027467627,-0.30007565,0
6YOJ,FAK1,I,119,A120,0.0030812444,-0.20999657,0
6YOJ,FAK1,I,120,L121,0.002172656,-0.45468804,0
6YOJ,FAK1,I,121,A122,0.0039023552,0.011136329,0
6YOJ,FAK1,I,122,Y123,0.00175364,-0.56753296,0
6YOJ,FAK1,I,123,L124,0.0040307296,0.045708776,0
6YOJ,FAK1,I,124,E125,0.0033053134,-0.14965267,0
6YOJ,FAK1,I,125,S126,0.0032686777,-0.159519,0
6YOJ,FAK1,I,126,K127,0.0029060012,-0.25719124,0
6YOJ,FAK1,I,127,R128,0.0028629843,-0.2687761,0
6YOJ,FAK1,I,128,F129,0.0021995616,-0.44744208,0
6YOJ,FAK1,I,129,V130,0.0021289173,-0.46646726,0
6YOJ,FAK1,I,130,H131,0.021607319,4.77925,0
6YOJ,FAK1,I,131,R132,0.049977794,12.419688,0
6YOJ,FAK1,I,132,D133,0.010083493,1.6757752,0
6YOJ,FAK1,I,133,I134,0.0016957221,-0.58313084,0
6YOJ,FAK1,I,134,A135,0.009185605,1.4339654,0
6YOJ,FAK1,I,135,A136,0.005307266,0.3894921,0
6YOJ,FAK1,I,136,R137,0.0033814376,-0.1291517,1
6YOJ,FAK1,I,137,N138,0.004427558,0.15257835,1
6YOJ,FAK1,I,138,V139,0.0015105908,-0.63298845,1
6YOJ,FAK1,I,139,L140,0.0040443563,0.049378563,1
6YOJ,FAK1,I,140,V141,0.0027823928,-0.29048014,0
6YOJ,FAK1,I,141,S142,0.0021457516,-0.4619336,0
6YOJ,FAK1,I,142,S143,0.0019500256,-0.5146445,0
6YOJ,FAK1,I,143,N144,0.0034879257,-0.10047344,0
6YOJ,FAK1,I,144,D145,0.0042420095,0.102608435,0
6YOJ,FAK1,I,145,C146,0.002987833,-0.23515314,0
6YOJ,FAK1,I,146,V147,0.0037758315,-0.02293769,0
6YOJ,FAK1,I,147,K148,0.0016606722,-0.59257007,0
6YOJ,FAK1,I,148,L149,0.0031873737,-0.18141493,0
6YOJ,FAK1,I,149,G150,0.011982104,2.187089,1
6YOJ,FAK1,I,150,D151,0.0058343555,0.5314423,1
6YOJ,FAK1,I,151,F152,0.0023938725,-0.39511234,0
6YOJ,FAK1,I,152,G153,0.0026368352,-0.32968017,0
6YOJ,FAK1,I,153,L154,0.0046702283,0.21793182,1
6YOJ,FAK1,I,154,S155,0.002516685,-0.36203775,1
6YOJ,FAK1,I,155,R156,0.0029670773,-0.24074285,0
6YOJ,FAK1,I,156,L157,0.0036395113,-0.05965002,0
6YOJ,FAK1,I,157,P158,0.0033096727,-0.14847867,0
6YOJ,FAK1,I,158,I159,0.0018912582,-0.5304711,0
6YOJ,FAK1,I,159,K160,0.0020668348,-0.48318666,0
6YOJ,FAK1,I,160,W161,0.0072626667,0.91609997,0
6YOJ,FAK1,I,161,M162,0.0031670614,-0.18688525,0
6YOJ,FAK1,I,162,A163,0.0028095744,-0.28315988,0
6YOJ,FAK1,I,163,P164,0.0031826904,-0.18267621,0
6YOJ,FAK1,I,164,E165,0.0039442102,0.022408284,0
6YOJ,FAK1,I,165,S166,0.0036371152,-0.060295302,0
6YOJ,FAK1,I,166,I167,0.0017357232,-0.57235813,0
6YOJ,FAK1,I,167,N168,0.013273112,2.5347695,0
6YOJ,FAK1,I,168,F169,0.0026948382,-0.3140594,0
6YOJ,FAK1,I,169,R170,0.001965848,-0.51038337,0
6YOJ,FAK1,I,170,R171,0.0037246575,-0.036719352,0
6YOJ,FAK1,I,171,F172,0.0033372531,-0.14105101,0
6YOJ,FAK1,I,172,T173,0.0013073871,-0.6877131,0
6YOJ,FAK1,I,173,S174,0.0035901598,-0.07294084,0
6YOJ,FAK1,I,174,A175,0.0024620788,-0.3767437,0
6YOJ,FAK1,I,175,S176,0.00538467,0.41033775,0
6YOJ,FAK1,I,176,D177,0.0044402606,0.15599933,0
6YOJ,FAK1,I,177,V178,0.0045700497,0.19095276,0
6YOJ,FAK1,I,178,W179,0.012498866,2.326258,0
6YOJ,FAK1,I,179,M180,0.0054958453,0.4402783,0
6YOJ,FAK1,I,180,F181,0.00271157,-0.3095534,0
6YOJ,FAK1,I,181,G182,0.0023093044,-0.4178873,0
6YOJ,FAK1,I,182,V183,0.0048347455,0.26223785,0
6YOJ,FAK1,I,183,C184,0.005736428,0.50506943,0
6YOJ,FAK1,I,184,M185,0.0031516,-0.19104914,0
6YOJ,FAK1,I,185,W186,0.0038534491,-0.0020345403,0
6YOJ,FAK1,I,186,E187,0.0037289804,-0.03555514,0
6YOJ,FAK1,I,187,I188,0.0028994456,-0.2589567,0
6YOJ,FAK1,I,188,L189,0.0020872063,-0.4777004,0
6YOJ,FAK1,I,189,M190,0.007761141,1.0503438,0
6YOJ,FAK1,I,190,H191,0.0021205456,-0.46872184,0
6YOJ,FAK1,I,191,G192,0.0031146873,-0.20099008,0
6YOJ,FAK1,I,192,V193,0.0019995668,-0.5013026,0
6YOJ,FAK1,I,193,K194,0.0029466727,-0.246238,0
6YOJ,FAK1,I,194,P195,0.0016376005,-0.5987835,0
6YOJ,FAK1,I,195,F196,0.008136941,1.1515504,0
6YOJ,FAK1,I,196,Q197,0.0019107073,-0.52523327,0
6YOJ,FAK1,I,197,G198,0.0018507555,-0.5413788,0
6YOJ,FAK1,I,198,V199,0.0038562298,-0.0012856724,0
6YOJ,FAK1,I,199,K200,0.0017551238,-0.5671334,0
6YOJ,FAK1,I,200,N201,0.0044312514,0.15357308,0
6YOJ,FAK1,I,201,N202,0.0021725432,-0.45471838,0
6YOJ,FAK1,I,202,D203,0.0026035851,-0.33863473,0
6YOJ,FAK1,I,203,V204,0.003850968,-0.0027027086,0
6YOJ,FAK1,I,204,I205,0.0023848675,-0.39753744,0
6YOJ,FAK1,I,205,G206,0.0030486959,-0.2187622,0
6YOJ,FAK1,I,206,R207,0.0026502954,-0.3260552,0
6YOJ,FAK1,I,207,I208,0.0064339526,0.69291943,0
6YOJ,FAK1,I,208,E209,0.0035439066,-0.085397266,0
6YOJ,FAK1,I,209,N210,0.0029079346,-0.25667053,0
6YOJ,FAK1,I,210,G211,0.0016243878,-0.6023418,0
6YOJ,FAK1,I,211,E212,0.0028990442,-0.25906482,0
6YOJ,FAK1,I,212,R213,0.004283246,0.11371385,0
6YOJ,FAK1,I,213,L214,0.0022317602,-0.4387707,0
6YOJ,FAK1,I,214,P215,0.0036106692,-0.06741748,0
6YOJ,FAK1,I,215,M216,0.0023595816,-0.40434718,0
6YOJ,FAK1,I,216,P217,0.0015238601,-0.6294149,0
6YOJ,FAK1,I,217,P218,0.003160837,-0.1885615,0
6YOJ,FAK1,I,218,N219,0.0030325335,-0.2231149,0
6YOJ,FAK1,I,219,C220,0.005108167,0.33587283,0
6YOJ,FAK1,I,220,P221,0.0036874607,-0.0467368,0
6YOJ,FAK1,I,221,P222,0.003862856,0.0004988063,0
6YOJ,FAK1,I,222,T223,0.0142812235,2.8062637,0
6YOJ,FAK1,I,223,L224,0.0021571987,-0.4588508,0
6YOJ,FAK1,I,224,Y225,0.0027324653,-0.30392608,0
6YOJ,FAK1,I,225,S226,0.0032907296,-0.15358023,0
6YOJ,FAK1,I,226,L227,0.0021505628,-0.46063793,0
6YOJ,FAK1,I,227,M228,0.0024317696,-0.38490626,0
6YOJ,FAK1,I,228,T229,0.004032774,0.046259314,0
6YOJ,FAK1,I,229,K230,0.0029116143,-0.25567958,0
6YOJ,FAK1,I,230,C231,0.002899995,-0.25880873,0
6YOJ,FAK1,I,231,W232,0.0027771457,-0.2918932,0
6YOJ,FAK1,I,232,A233,0.0038247386,-0.00976657,0
6YOJ,FAK1,I,233,Y234,0.003107798,-0.20284542,0
6YOJ,FAK1,I,234,D235,0.0030249904,-0.2251463,0
6YOJ,FAK1,I,235,P236,0.0016306862,-0.6006456,0
6YOJ,FAK1,I,236,S237,0.0033757372,-0.13068686,0
6YOJ,FAK1,I,237,R238,0.001771461,-0.56273365,0
6YOJ,FAK1,I,238,R239,0.0021135726,-0.47059974,0
6YOJ,FAK1,I,239,P240,0.0038250461,-0.009683739,0
6YOJ,FAK1,I,240,R241,0.0034316257,-0.11563559,0
6YOJ,FAK1,I,241,F242,0.0026659223,-0.32184675,0
6YOJ,FAK1,I,242,T243,0.0032573934,-0.16255799,0
6YOJ,FAK1,I,243,E244,0.0036541126,-0.05571776,0
6YOJ,FAK1,I,244,L245,0.0028776582,-0.26482424,0
6YOJ,FAK1,I,245,K246,0.0031115331,-0.20183954,0
6YOJ,FAK1,I,246,A247,0.0041605285,0.08066484,0
6YOJ,FAK1,I,247,Q248,0.0041373624,0.07442597,0
6YOJ,FAK1,I,248,L249,0.0025920328,-0.34174588,0
6YOJ,FAK1,I,249,S250,0.0039775884,0.03139733,0
6YOJ,FAK1,I,250,T251,0.0041269213,0.071614094,0
6YOJ,FAK1,I,251,I252,0.0035897582,-0.073049,0
6YOJ,FAK1,I,252,L253,0.0038856438,0.006635785,0
6YOJ,FAK1,I,253,E254,0.0039020418,0.01105193,0
6YOJ,FAK1,I,254,E255,0.004293541,0.11648635,0
6YOJ,FAK1,I,255,E256,0.0038924853,0.008478264,0
6YOJ,FAK1,I,256,K257,0.003236539,-0.16817428,0
6YOJ,FAK1,I,257,A258,0.0037458371,-0.031015467,0
6YOJ,FAK1,I,258,Q259,0.0036818946,-0.04823579,0
4WKQ,EGFR,I,0,A1,0.010602647,1.8259726,0
4WKQ,EGFR,I,1,M2,0.006622129,0.8198753,0
4WKQ,EGFR,I,2,G3,0.041478675,9.630053,0
4WKQ,EGFR,I,3,E4,0.0064404486,0.7739546,0
4WKQ,EGFR,I,4,A5,0.010134508,1.7076478,0
4WKQ,EGFR,I,5,P6,0.0046320474,0.3168715,0
4WKQ,EGFR,I,6,N7,0.0025116997,-0.21905768,0
4WKQ,EGFR,I,7,Q8,0.0016629467,-0.43358454,0
4WKQ,EGFR,I,8,A9,0.0015729052,-0.456343,0
4WKQ,EGFR,I,9,L10,0.0020296872,-0.34088892,0
4WKQ,EGFR,I,10,L11,0.0023882373,-0.25026348,0
4WKQ,EGFR,I,11,R12,0.0015739943,-0.45606774,0
4WKQ,EGFR,I,12,I13,0.0027422071,-0.16079569,0
4WKQ,EGFR,I,13,L14,0.0021322907,-0.31495532,0
4WKQ,EGFR,I,14,K15,0.0030651009,-0.07918258,0
4WKQ,EGFR,I,15,E16,0.00435066,0.24574932,0
4WKQ,EGFR,I,16,T17,0.0018705169,-0.38112006,0
4WKQ,EGFR,I,17,E18,0.00190131,-0.3733369,0
4WKQ,EGFR,I,18,F19,0.0021457667,-0.3115492,0
4WKQ,EGFR,I,19,K20,0.004250538,0.220443,0
4WKQ,EGFR,I,20,K21,0.0068187206,0.86956483,0
4WKQ,EGFR,I,21,I22,0.0028192406,-0.14132509,0
4WKQ,EGFR,I,22,K23,0.017339109,3.528649,0
4WKQ,EGFR,I,23,V24,0.0031354004,-0.06141401,0
4WKQ,EGFR,I,24,L25,0.002657641,-0.18217026,1
4WKQ,EGFR,I,25,G26,0.0026241317,-0.19063988,0
4WKQ,EGFR,I,26,S27,0.0037182549,0.085905574,0
4WKQ,EGFR,I,27,G28,0.0016367648,-0.44020215,0
4WKQ,EGFR,I,28,T29,0.0031130214,-0.06707042,0
4WKQ,EGFR,I,29,V30,0.001729452,-0.41677496,1
4WKQ,EGFR,I,30,Y31,0.0032623655,-0.029322902,0
4WKQ,EGFR,I,31,K32,0.0021816462,-0.30248046,0
4WKQ,EGFR,I,32,G33,0.0015204508,-0.46960112,0
4WKQ,EGFR,I,33,L34,0.0029123628,-0.11778794,0
4WKQ,EGFR,I,34,W35,0.001871185,-0.3809512,0
4WKQ,EGFR,I,35,I36,0.0022014263,-0.29748094,0
4WKQ,EGFR,I,36,P37,0.0019535664,-0.36012885,0
4WKQ,EGFR,I,37,E38,0.004472322,0.27650002,0
4WKQ,EGFR,I,38,G39,0.0013597697,-0.5102141,0
4WKQ,EGFR,I,39,E40,0.0014940999,-0.47626147,0
4WKQ,EGFR,I,40,K41,0.0017879341,-0.4019933,0
4WKQ,EGFR,I,41,V42,0.0017765163,-0.4048792,0
4WKQ,EGFR,I,42,K43,0.0020466226,-0.3366084,0
4WKQ,EGFR,I,43,I44,0.0015719187,-0.45659235,0
4WKQ,EGFR,I,44,P45,0.0015761381,-0.45552588,0
4WKQ,EGFR,I,45,V46,0.0022747878,-0.27893844,0
4WKQ,EGFR,I,46,A47,0.0021332058,-0.31472406,1
4WKQ,EGFR,I,47,I48,0.0021459968,-0.31149104,0
4WKQ,EGFR,I,48,K49,0.0017082377,-0.422137,1
4WKQ,EGFR,I,49,E50,0.0037331933,0.089681335,0
4WKQ,EGFR,I,50,S51,0.002838497,-0.1364579,0
4WKQ,EGFR,I,51,P52,0.0023544135,-0.2588126,0
4WKQ,EGFR,I,52,K53,0.0034525383,0.01874429,0
4WKQ,EGFR,I,53,A54,0.003443421,0.016439874,0
4WKQ,EGFR,I,54,N55,0.0027075524,-0.16955487,0
4WKQ,EGFR,I,55,K56,0.0031129236,-0.06709514,0
4WKQ,EGFR,I,56,E57,0.0021267624,-0.31635264,0
4WKQ,EGFR,I,57,I58,0.0015953793,-0.45066255,0
4WKQ,EGFR,I,58,L59,0.0022707183,-0.279967,0
4WKQ,EGFR,I,59,D60,0.0021848085,-0.3016812,0
4WKQ,EGFR,I,60,E61,0.0020163343,-0.3442639,1
4WKQ,EGFR,I,61,A62,0.0021889152,-0.3006432,0
4WKQ,EGFR,I,62,Y63,0.0014353035,-0.49112257,0
4WKQ,EGFR,I,63,V64,0.0021732794,-0.3045952,0
4WKQ,EGFR,I,64,M65,0.0025122229,-0.21892545,1
4WKQ,EGFR,I,65,A66,0.0015801765,-0.45450515,0
4WKQ,EGFR,I,66,S67,0.0016425743,-0.43873376,0
4WKQ,EGFR,I,67,V68,0.002330758,-0.2647917,0
4WKQ,EGFR,I,68,D69,0.0017561199,-0.4100345,0
4WKQ,EGFR,I,69,N70,0.0018749456,-0.38000068,0
4WKQ,EGFR,I,70,P71,0.0017601746,-0.40900967,0
4WKQ,EGFR,I,71,H72,0.0017417722,-0.41366097,0
4WKQ,EGFR,I,72,V73,0.002575002,-0.2030577,0
4WKQ,EGFR,I,73,C74,0.002867787,-0.12905474,0
4WKQ,EGFR,I,74,R75,0.0016460442,-0.43785673,0
4WKQ,EGFR,I,75,L76,0.0022329001,-0.28952578,0
4WKQ,EGFR,I,76,L77,0.0018524529,-0.38568583,0
4WKQ,EGFR,I,77,G78,0.0017869893,-0.4022321,0
4WKQ,EGFR,I,78,I79,0.0024115208,-0.24437843,0
4WKQ,EGFR,I,79,C80,0.0020013035,-0.34806305,0
4WKQ,EGFR,I,80,L81,0.0013689919,-0.5078832,0
4WKQ,EGFR,I,81,T82,0.0014845805,-0.47866756,0
4WKQ,EGFR,I,82,S83,0.0013648917,-0.50891954,0
4WKQ,EGFR,I,83,T84,0.005256254,0.4746431,0
4WKQ,EGFR,I,84,V85,0.0015413209,-0.46432608,0
4WKQ,EGFR,I,85,Q86,0.0017557685,-0.41012332,0
4WKQ,EGFR,I,86,L87,0.0017385044,-0.4144869,1
4WKQ,EGFR,I,87,I88,0.0021073362,-0.32126272,1
4WKQ,EGFR,I,88,T89,0.00214234,-0.31241533,1
4WKQ,EGFR,I,89,Q90,0.0014916122,-0.47689024,1
4WKQ,EGFR,I,90,L91,0.0021617096,-0.30751956,1
4WKQ,EGFR,I,91,M92,0.0019333985,-0.3652264,1
4WKQ,EGFR,I,92,P93,0.0015397368,-0.4647265,1
4WKQ,EGFR,I,93,F94,0.0016772036,-0.42998102,0
4WKQ,EGFR,I,94,G95,0.001617578,-0.44505173,1
4WKQ,EGFR,I,95,L96,0.002339734,-0.26252294,0
4WKQ,EGFR,I,96,L97,0.0015528684,-0.46140742,0
4WKQ,EGFR,I,97,D98,0.0016455492,-0.43798184,1
4WKQ,EGFR,I,98,Y99,0.0014500383,-0.48739827,0
4WKQ,EGFR,I,99,V100,0.0031649447,-0.05394652,0
4WKQ,EGFR,I,100,R101,0.0021737253,-0.30448252,0
4WKQ,EGFR,I,101,E102,0.001921449,-0.3682467,0
4WKQ,EGFR,I,102,H103,0.0016778944,-0.4298064,0
4WKQ,EGFR,I,103,K104,0.0018144018,-0.39530343,0
4WKQ,EGFR,I,104,D105,0.0018723387,-0.38065958,0
4WKQ,EGFR,I,105,N106,0.0016517002,-0.43642715,0
4WKQ,EGFR,I,106,I107,0.0022861394,-0.27606925,0
4WKQ,EGFR,I,107,G108,0.0019324715,-0.3654607,0
4WKQ,EGFR,I,108,S109,0.0025374596,-0.21254674,0
4WKQ,EGFR,I,109,Q110,0.0015522566,-0.46156204,0
4WKQ,EGFR,I,110,Y111,0.0014084823,-0.4979018,0
4WKQ,EGFR,I,111,L112,0.0016476155,-0.4374596,0
4WKQ,EGFR,I,112,L113,0.0018797264,-0.3787923,0
4WKQ,EGFR,I,113,N114,0.0017532029,-0.41077182,0
4WKQ,EGFR,I,114,W115,0.0013895115,-0.5026967,0
4WKQ,EGFR,I,115,C116,0.0023935419,-0.2489227,0
4WKQ,EGFR,I,116,V117,0.0026112187,-0.19390371,0
4WKQ,EGFR,I,117,Q118,0.0016482177,-0.43730736,0
4WKQ,EGFR,I,118,I119,0.003077176,-0.07613055,0
4WKQ,EGFR,I,119,A120,0.0022291804,-0.29046595,0
4WKQ,EGFR,I,120,K121,0.0021065448,-0.32146275,0
4WKQ,EGFR,I,121,G122,0.0031087762,-0.06814342,0
4WKQ,EGFR,I,122,M123,0.0037314012,0.08922838,0
4WKQ,EGFR,I,123,N124,0.0012984708,-0.5257078,0
4WKQ,EGFR,I,124,Y125,0.0018784291,-0.3791202,0
4WKQ,EGFR,I,125,L126,0.0040108487,0.15986022,0
4WKQ,EGFR,I,126,E127,0.0020805225,-0.32804003,0
4WKQ,EGFR,I,127,D128,0.0018543281,-0.38521186,0
4WKQ,EGFR,I,128,R129,0.0035912015,0.05379216,0
4WKQ,EGFR,I,129,R130,0.0015118305,-0.47177997,0
4WKQ,EGFR,I,130,L131,0.0036468697,0.067862585,0
4WKQ,EGFR,I,131,V132,0.0048194574,0.3642404,0
4WKQ,EGFR,I,132,H133,0.034356505,7.829887,0
4WKQ,EGFR,I,133,R134,0.016143374,3.2264209,0
4WKQ,EGFR,I,134,D135,0.014015483,2.688585,0
4WKQ,EGFR,I,135,L136,0.008627091,1.32664,0
4WKQ,EGFR,I,136,A137,0.011857326,2.1430993,0
4WKQ,EGFR,I,137,A138,0.006385877,0.7601613,0
4WKQ,EGFR,I,138,R139,0.0070130974,0.9186946,0
4WKQ,EGFR,I,139,N140,0.010992686,1.924557,0
4WKQ,EGFR,I,140,V141,0.004705262,0.33537686,0
4WKQ,EGFR,I,141,L142,0.0029857405,-0.09924133,1
4WKQ,EGFR,I,142,V143,0.0041201757,0.18749322,0
4WKQ,EGFR,I,143,K144,0.0016262319,-0.4428644,0
4WKQ,EGFR,I,144,T145,0.0020266047,-0.34166804,0
4WKQ,EGFR,I,145,P146,0.0017118371,-0.42122722,0
4WKQ,EGFR,I,146,Q147,0.0014704937,-0.48222804,0
4WKQ,EGFR,I,147,H148,0.0016949112,-0.42550534,0
4WKQ,EGFR,I,148,V149,0.0040147253,0.16084006,0
4WKQ,EGFR,I,149,K150,0.0023020299,-0.27205285,0
4WKQ,EGFR,I,150,I151,0.0039055112,0.13323562,0
4WKQ,EGFR,I,151,T152,0.009458504,1.5367842,1
4WKQ,EGFR,I,152,D153,0.0058171847,0.6164213,1
4WKQ,EGFR,I,153,F154,0.014605867,2.8378077,0
4WKQ,EGFR,I,154,G155,0.0038080409,0.10859947,0
4WKQ,EGFR,I,155,L156,0.0049700695,0.4023084,0
4WKQ,EGFR,I,156,A157,0.0038312103,0.11445567,0
4WKQ,EGFR,I,157,K158,0.0019902405,-0.35085925,0
4WKQ,EGFR,I,158,L159,0.0018281605,-0.39182585,0
4WKQ,EGFR,I,159,L160,0.001940587,-0.3634095,0
4WKQ,EGFR,I,160,G161,0.0016060756,-0.447959,0
4WKQ,EGFR,I,161,A162,0.0016415922,-0.43898198,0
4WKQ,EGFR,I,162,E163,0.0016665799,-0.43266624,0
4WKQ,EGFR,I,163,E164,0.0020549146,-0.33451256,0
4WKQ,EGFR,I,164,K165,0.0014356426,-0.49103686,0
4WKQ,EGFR,I,165,E166,0.001679367,-0.4294342,0
4WKQ,EGFR,I,166,Y167,0.0017328791,-0.41590875,0
4WKQ,EGFR,I,167,H168,0.0016040717,-0.4484655,0
4WKQ,EGFR,I,168,A169,0.0023753257,-0.25352696,0
4WKQ,EGFR,I,169,E170,0.0018941168,-0.37515506,0
4WKQ,EGFR,I,170,G171,0.0022144793,-0.29418173,0
4WKQ,EGFR,I,171,G172,0.0019107858,-0.37094188,0
4WKQ,EGFR,I,172,K173,0.0036730052,0.07446847,0
4WKQ,EGFR,I,173,V174,0.0042916653,0.23083812,0
4WKQ,EGFR,I,174,P175,0.0028071897,-0.144371,0
4WKQ,EGFR,I,175,I176,0.0045170155,0.2877966,0
4WKQ,EGFR,I,176,K177,0.0025524045,-0.20876932,0
4WKQ,EGFR,I,177,W178,0.004202826,0.2083835,0
4WKQ,EGFR,I,178,M179,0.004644239,0.31995296,0
4WKQ,EGFR,I,179,A180,0.0039454782,0.14333749,0
4WKQ,EGFR,I,180,L181,0.0042415676,0.21817565,0
4WKQ,EGFR,I,181,E182,0.0030743799,-0.076837264,0
4WKQ,EGFR,I,182,S183,0.003027791,-0.08861287,0
4WKQ,EGFR,I,183,I184,0.0024385285,-0.2375521,0
4WKQ,EGFR,I,184,L185,0.001364965,-0.508901,0
4WKQ,EGFR,I,185,H186,0.0012874827,-0.52848506,0
4WKQ,EGFR,I,186,R187,0.0012535966,-0.5370499,0
4WKQ,EGFR,I,187,I188,0.0014266692,-0.49330494,0
4WKQ,EGFR,I,188,Y189,0.0023223392,-0.26691955,0
4WKQ,EGFR,I,189,T190,0.0025608751,-0.20662832,0
4WKQ,EGFR,I,190,H191,0.005549401,0.5487375,0
4WKQ,EGFR,I,191,Q192,0.0021147758,-0.3193823,0
4WKQ,EGFR,I,192,S193,0.006440472,0.7739605,0
4WKQ,EGFR,I,193,D194,0.01891283,3.9264154,0
4WKQ,EGFR,I,194,V195,0.004701498,0.3344255,0
4WKQ,EGFR,I,195,W196,0.012167551,2.2215102,0
4WKQ,EGFR,I,196,S197,0.005562047,0.5519339,0
4WKQ,EGFR,I,197,Y198,0.0027916206,-0.14830619,0
4WKQ,EGFR,I,198,G199,0.0043039215,0.23393594,0
4WKQ,EGFR,I,199,V200,0.0077287485,1.0995792,0
4WKQ,EGFR,I,200,T201,0.003332754,-0.011531851,0
4WKQ,EGFR,I,201,V202,0.0022029136,-0.297105,0
4WKQ,EGFR,I,202,W203,0.0024112111,-0.2444567,0
4WKQ,EGFR,I,203,E204,0.0023709377,-0.25463602,0
4WKQ,EGFR,I,204,L205,0.0025361443,-0.21287917,0
4WKQ,EGFR,I,205,M206,0.0023917514,-0.24937525,0
4WKQ,EGFR,I,206,T207,0.0019145742,-0.36998433,0
4WKQ,EGFR,I,207,F208,0.0018342192,-0.3902945,0
4WKQ,EGFR,I,208,G209,0.0031820338,-0.049627166,0
4WKQ,EGFR,I,209,S210,0.0021408056,-0.31280315,0
4WKQ,EGFR,I,210,K211,0.0026455105,-0.18523629,0
4WKQ,EGFR,I,211,P212,0.003734285,0.08995728,0
4WKQ,EGFR,I,212,Y213,0.0047641774,0.35026807,0
4WKQ,EGFR,I,213,D214,0.0019980757,-0.3488789,0
4WKQ,EGFR,I,214,G215,0.0020295347,-0.34092748,0
4WKQ,EGFR,I,215,I216,0.0019653947,-0.35713917,0
4WKQ,EGFR,I,216,P217,0.0013349385,-0.51649034,0
4WKQ,EGFR,I,217,A218,0.0018229214,-0.39315006,0
4WKQ,EGFR,I,218,S219,0.0015756856,-0.45564026,0
4WKQ,EGFR,I,219,E220,0.0019082146,-0.37159175,0
4WKQ,EGFR,I,220,I221,0.0024605042,-0.23199762,0
4WKQ,EGFR,I,221,S222,0.0014773025,-0.48050708,0
4WKQ,EGFR,I,222,S223,0.001413909,-0.49653015,0
4WKQ,EGFR,I,223,I224,0.0018525902,-0.3856511,0
4WKQ,EGFR,I,224,L225,0.0026659635,-0.18006669,0
4WKQ,EGFR,I,225,E226,0.0020319668,-0.34031272,0
4WKQ,EGFR,I,226,K227,0.0020105918,-0.34571537,0
4WKQ,EGFR,I,227,G228,0.0023024497,-0.27194676,0
4WKQ,EGFR,I,228,E229,0.0020831854,-0.32736698,0
4WKQ,EGFR,I,229,R230,0.0026389158,-0.18690313,0
4WKQ,EGFR,I,230,L231,0.0015173513,-0.47038457,0
4WKQ,EGFR,I,231,P232,0.0021821104,-0.30236313,0
4WKQ,EGFR,I,232,Q233,0.0028465851,-0.1344136,0
4WKQ,EGFR,I,233,P234,0.0028883705,-0.12385212,0
4WKQ,EGFR,I,234,P235,0.0015436783,-0.46373025,0
4WKQ,EGFR,I,235,I236,0.0022331958,-0.28945103,0
4WKQ,EGFR,I,236,C237,0.0024008672,-0.24707119,0
4WKQ,EGFR,I,237,T238,0.0019945782,-0.34976292,0
4WKQ,EGFR,I,238,I239,0.0015844767,-0.45341825,0
4WKQ,EGFR,I,239,D240,0.0026434662,-0.18575299,0
4WKQ,EGFR,I,240,V241,0.002781533,-0.15085588,0
4WKQ,EGFR,I,241,Y242,0.0023666904,-0.25570956,0
4WKQ,EGFR,I,242,M243,0.0016097018,-0.44704247,0
4WKQ,EGFR,I,243,I244,0.0015761384,-0.4555258,0
4WKQ,EGFR,I,244,M245,0.0015581377,-0.46007556,0
4WKQ,EGFR,I,245,V246,0.003703938,0.08228694,0
4WKQ,EGFR,I,246,K247,0.0027084548,-0.16932677,0
4WKQ,EGFR,I,247,C248,0.0020578909,-0.3337603,0
4WKQ,EGFR,I,248,W249,0.0029670552,-0.10396415,0
4WKQ,EGFR,I,249,M250,0.002835314,-0.13726243,0
4WKQ,EGFR,I,250,I251,0.0015284616,-0.46757635,0
4WKQ,EGFR,I,251,D252,0.0018333409,-0.3905165,0
4WKQ,EGFR,I,252,A253,0.002384966,-0.2510903,0
4WKQ,EGFR,I,253,D254,0.0017317206,-0.41620156,0
4WKQ,EGFR,I,254,S255,0.0031004662,-0.070243806,0
4WKQ,EGFR,I,255,R256,0.004841407,0.36978823,0
4WKQ,EGFR,I,256,P257,0.002349406,-0.26007828,0
4WKQ,EGFR,I,257,K258,0.0014581875,-0.4853385,0
4WKQ,EGFR,I,258,F259,0.0018011167,-0.39866132,0
4WKQ,EGFR,I,259,R260,0.0015969239,-0.45027214,0
4WKQ,EGFR,I,260,E261,0.0018903246,-0.37611353,0
4WKQ,EGFR,I,261,L262,0.0019259497,-0.36710912,0
4WKQ,EGFR,I,262,I263,0.0017896114,-0.40156934,0
4WKQ,EGFR,I,263,I264,0.0016521818,-0.4363054,0
4WKQ,EGFR,I,264,E265,0.0019843348,-0.35235196,0
4WKQ,EGFR,I,265,F266,0.0013312578,-0.51742065,0
4WKQ,EGFR,I,266,S267,0.00169564,-0.4253211,0
4WKQ,EGFR,I,267,K268,0.0020800224,-0.32816643,0
4WKQ,EGFR,I,268,M269,0.0015699277,-0.4570956,0
4WKQ,EGFR,I,269,A270,0.0020253528,-0.34198445,0
4WKQ,EGFR,I,270,R271,0.0025148704,-0.21825628,0
4WKQ,EGFR,I,271,D272,0.0017202975,-0.4190888,0
4WKQ,EGFR,I,272,P273,0.0017411674,-0.41381383,0
4WKQ,EGFR,I,273,Q274,0.0018248421,-0.3926646,0
4WKQ,EGFR,I,274,R275,0.0023185308,-0.26788214,0
4WKQ,EGFR,I,275,Y276,0.0015061961,-0.47320408,0
4WKQ,EGFR,I,276,L277,0.0022229543,-0.29203963,0
4WKQ,EGFR,I,277,V278,0.0023795883,-0.25244954,0
4WKQ,EGFR,I,278,I279,0.0016319982,-0.44140694,0
4WKQ,EGFR,I,279,Q280,0.001579376,-0.45470744,0
4WKQ,EGFR,I,280,G281,0.0017050469,-0.4229435,0
4WKQ,EGFR,I,281,D282,0.0030231688,-0.08978114,0
4WKQ,EGFR,I,282,M283,0.0019601367,-0.35846817,0
4WKQ,EGFR,I,283,D284,0.0056247464,0.5677815,0
4WKQ,EGFR,I,284,D285,0.011030636,1.9341489,0
4WKQ,EGFR,I,285,V286,0.012690253,2.353626,0
4WKQ,EGFR,I,286,V287,0.016825264,3.3987722,0
4WKQ,EGFR,I,287,D288,0.005722717,0.5925441,0
4WKQ,EGFR,I,288,A289,0.0049135704,0.38802794,0
4WKQ,EGFR,I,289,D290,0.008222653,1.2244163,0
4WKQ,EGFR,I,290,E291,0.004758535,0.3488419,0
4WKQ,EGFR,I,291,Y292,0.003807326,0.1084188,0
4WKQ,EGFR,I,292,L293,0.0060709156,0.68055314,0
4WKQ,EGFR,I,293,I294,0.006648596,0.8265649,0
4WKQ,EGFR,I,294,P295,0.007934983,1.1517061,0
4WKQ,EGFR,I,295,Q296,0.007504352,1.0428617,0
2HYY,ABL1,II,0,W1,0.0014339421,-0.29365447,0
2HYY,ABL1,II,1,E2,0.0012718666,-0.31375048,0
2HYY,ABL1,II,2,M3,0.0013173259,-0.3081139,0
2HYY,ABL1,II,3,E4,0.020798465,2.1073864,0
2HYY,ABL1,II,4,R5,0.0016064391,-0.27226627,0
2HYY,ABL1,II,5,T6,0.0011629636,-0.32725358,0
2HYY,ABL1,II,6,D7,0.0012669576,-0.31435916,0
2HYY,ABL1,II,7,I8,0.0018865458,-0.23753536,0
2HYY,ABL1,II,8,T9,0.073292166,8.616171,0
2HYY,ABL1,II,9,M10,0.0015545103,-0.278705,0
2HYY,ABL1,II,10,K11,0.0015374294,-0.2808229,0
2HYY,ABL1,II,11,H12,0.001326824,-0.30693623,0
2HYY,ABL1,II,12,K13,0.0015103664,-0.2841785,0
2HYY,ABL1,II,13,L14,0.0024318818,-0.1699182,1
2HYY,ABL1,II,14,G15,0.0020194121,-0.22106104,0
2HYY,ABL1,II,15,G16,0.0012428578,-0.31734735,0
2HYY,ABL1,II,16,G17,0.0073327003,0.43774274,0
2HYY,ABL1,II,17,Q18,0.00211379,-0.20935896,0
2HYY,ABL1,II,18,Y19,0.0031471855,-0.08122646,1
2HYY,ABL1,II,19,G20,0.0019260093,-0.2326422,0
2HYY,ABL1,II,20,E21,0.00153659,-0.28092697,0
2HYY,ABL1,II,21,V22,0.0069546625,0.3908692,1
2HYY,ABL1,II,22,Y23,0.001314142,-0.3085087,0
2HYY,ABL1,II,23,E24,0.001639876,-0.26812038,0
2HYY,ABL1,II,24,G25,0.0017365661,-0.25613162,0
2HYY,ABL1,II,25,V26,0.0014915135,-0.2865161,0
2HYY,ABL1,II,26,W27,0.0016047527,-0.2724754,0
2HYY,ABL1,II,27,K28,0.0015379448,-0.280759,0
2HYY,ABL1,II,28,K29,0.0012912122,-0.3113518,0
2HYY,ABL1,II,29,Y30,0.0021046894,-0.21048737,0
2HYY,ABL1,II,30,S31,0.0013456502,-0.30460194,0
2HYY,ABL1,II,31,L32,0.0014904065,-0.28665337,0
2HYY,ABL1,II,32,T33,0.0013560649,-0.3033106,0
2HYY,ABL1,II,33,V34,0.0025563533,-0.15448476,0
2HYY,ABL1,II,34,A35,0.0025643022,-0.15349917,1
2HYY,ABL1,II,35,V36,0.0020198964,-0.22100098,1
2HYY,ABL1,II,36,K37,0.0038315428,0.0036281785,1
2HYY,ABL1,II,37,T38,0.0014323508,-0.29385176,0
2HYY,ABL1,II,38,L39,0.0014623862,-0.29012764,0
2HYY,ABL1,II,39,K40,0.0014854745,-0.28726488,0
2HYY,ABL1,II,40,D41,0.0013167982,-0.30817935,0
2HYY,ABL1,II,41,T42,0.001421585,-0.29518664,0
2HYY,ABL1,II,42,M43,0.0014946123,-0.28613186,0
2HYY,ABL1,II,43,E44,0.0011292308,-0.33143613,0
2HYY,ABL1,II,44,V45,0.0011169743,-0.33295587,0
2HYY,ABL1,II,45,E46,0.0012902623,-0.31146958,0
2HYY,ABL1,II,46,E47,0.0013778588,-0.30060837,0
2HYY,ABL1,II,47,F48,0.0015702241,-0.27675664,0
2HYY,ABL1,II,48,L49,0.0014287884,-0.29429346,0
2HYY,ABL1,II,49,K50,0.0012126885,-0.32108808,0
2HYY,ABL1,II,50,E51,0.003371564,-0.05340539,1
2HYY,ABL1,II,51,A52,0.0015115063,-0.28403714,0
2HYY,ABL1,II,52,A53,0.0012393398,-0.31778353,0
2HYY,ABL1,II,53,V54,0.001369506,-0.301644,1
2HYY,ABL1,II,54,M55,0.003118165,-0.084824756,1
2HYY,ABL1,II,55,K56,0.0014827318,-0.28760496,0
2HYY,ABL1,II,56,E57,0.0015099527,-0.2842298,0
2HYY,ABL1,II,57,I58,0.0016753004,-0.26372805,1
2HYY,ABL1,II,58,K59,0.0015366579,-0.28091854,0
2HYY,ABL1,II,59,H60,0.002659223,-0.14172977,0
2HYY,ABL1,II,60,P61,0.0014104737,-0.29656437,0
2HYY,ABL1,II,61,N62,0.0043707667,0.070487484,0
2HYY,ABL1,II,62,L63,0.006321731,0.31239092,0
2HYY,ABL1,II,63,V64,0.006754816,0.36608988,1
2HYY,ABL1,II,64,Q65,0.0019170416,-0.23375413,0
2HYY,ABL1,II,65,L66,0.006056225,0.27947035,0
2HYY,ABL1,II,66,L67,0.004127027,0.040265776,0
2HYY,ABL1,II,67,G68,0.002201078,-0.19853596,0
2HYY,ABL1,II,68,V69,0.0053569637,0.19276775,0
2HYY,ABL1,II,69,C70,0.0025806662,-0.15147017,0
2HYY,ABL1,II,70,T71,0.001481316,-0.2877805,0
2HYY,ABL1,II,71,R72,0.001803944,-0.24777731,0
2HYY,ABL1,II,72,E73,0.0013184675,-0.30797237,0
2HYY,ABL1,II,73,P74,0.0016923974,-0.26160815,0
2HYY,ABL1,II,74,P75,0.0015748345,-0.276185,0
2HYY,ABL1,II,75,F76,0.0015232149,-0.28258538,0
2HYY,ABL1,II,76,Y77,0.0023761475,-0.17682879,0
2HYY,ABL1,II,77,I78,0.0019160161,-0.23388128,1
2HYY,ABL1,II,78,I79,0.0020427362,-0.21816905,0
2HYY,ABL1,II,79,T80,0.0016328823,-0.26898754,1
2HYY,ABL1,II,80,E81,0.0025173267,-0.15932374,1
2HYY,ABL1,II,81,F82,0.0035106458,-0.03616039,1
2HYY,ABL1,II,82,M83,0.0022306968,-0.19486347,1
2HYY,ABL1,II,83,T84,0.0013983136,-0.29807213,0
2HYY,ABL1,II,84,Y85,0.002707598,-0.13573167,0
2HYY,ABL1,II,85,G86,0.0030456062,-0.09382146,1
2HYY,ABL1,II,86,N87,0.0023017726,-0.18605067,0
2HYY,ABL1,II,87,L88,0.0030974753,-0.087390125,0
2HYY,ABL1,II,88,L89,0.0034707629,-0.04110555,0
2HYY,ABL1,II,89,D90,0.0030247956,-0.0964018,0
2HYY,ABL1,II,90,Y91,0.0031772484,-0.07749891,0
2HYY,ABL1,II,91,L92,0.005612589,0.22446316,0
2HYY,ABL1,II,92,R93,0.0027622534,-0.12895486,0
2HYY,ABL1,II,93,E94,0.0012987943,-0.3104117,0
2HYY,ABL1,II,94,C95,0.00166405,-0.265123,0
2HYY,ABL1,II,95,N96,0.0013849315,-0.29973137,0
2HYY,ABL1,II,96,R97,0.0017220315,-0.25793377,0
2HYY,ABL1,II,97,Q98,0.0012419159,-0.31746414,0
2HYY,ABL1,II,98,E99,0.0012798653,-0.3127587,0
2HYY,ABL1,II,99,V100,0.0017916085,-0.2493068,0
2HYY,ABL1,II,100,N101,0.00160818,-0.27205044,0
2HYY,ABL1,II,101,A102,0.0014487337,-0.29182044,0
2HYY,ABL1,II,102,V103,0.0015273821,-0.2820687,0
2HYY,ABL1,II,103,V104,0.0024534557,-0.16724323,0
2HYY,ABL1,II,104,L105,0.002626095,-0.14583738,0
2HYY,ABL1,II,105,L106,0.0018063204,-0.24748264,0
2HYY,ABL1,II,106,Y107,0.002169951,-0.20239544,0
2HYY,ABL1,II,107,M108,0.0030998439,-0.08709644,0
2HYY,ABL1,II,108,A109,0.0018074322,-0.24734479,0
2HYY,ABL1,II,109,T110,0.0015697933,-0.27681005,0
2HYY,ABL1,II,110,Q111,0.0051158997,0.16287781,0
2HYY,ABL1,II,111,I112,0.0055005327,0.21056911,0
2HYY,ABL1,II,112,S113,0.001661462,-0.2654439,0
2HYY,ABL1,II,113,S114,0.0015301841,-0.2817213,0
2HYY,ABL1,II,114,A115,0.0038680462,0.008154301,0
2HYY,ABL1,II,115,M116,0.0025451044,-0.15587954,0
2HYY,ABL1,II,116,E117,0.0014072107,-0.29696894,0
2HYY,ABL1,II,117,Y118,0.0017218479,-0.25795653,0
2HYY,ABL1,II,118,L119,0.0043057287,0.062423307,0
2HYY,ABL1,II,119,E120,0.001963685,-0.22797073,0
2HYY,ABL1,II,120,K121,0.0014053852,-0.2971953,0
2HYY,ABL1,II,121,K122,0.0034962913,-0.037940226,0
2HYY,ABL1,II,122,N123,0.0062683607,0.30577344,0
2HYY,ABL1,II,123,F124,0.003515144,-0.03560264,1
2HYY,ABL1,II,124,I125,0.0032639173,-0.06675269,1
2HYY,ABL1,II,125,H126,0.02354227,2.4475954,1
2HYY,ABL1,II,126,R127,0.008976999,0.6416221,1
2HYY,ABL1,II,127,D128,0.012315866,1.0556141,0
2HYY,ABL1,II,128,L129,0.006079347,0.28233728,0
2HYY,ABL1,II,129,A130,0.007843328,0.5010563,0
2HYY,ABL1,II,130,A131,0.005864658,0.25571764,0
2HYY,ABL1,II,131,R132,0.012902292,1.128326,0
2HYY,ABL1,II,132,N133,0.010510072,0.8317106,0
2HYY,ABL1,II,133,C134,0.002918203,-0.10961841,0
2HYY,ABL1,II,134,L135,0.0061233966,0.2877991,1
2HYY,ABL1,II,135,V136,0.008268557,0.55378115,0
2HYY,ABL1,II,136,G137,0.0018037003,-0.2478075,0
2HYY,ABL1,II,137,E138,0.0016202603,-0.27055255,0
2HYY,ABL1,II,138,N139,0.0021277603,-0.20762676,0
2HYY,ABL1,II,139,H140,0.0025827105,-0.1512167,0
2HYY,ABL1,II,140,L141,0.0019269453,-0.23252615,0
2HYY,ABL1,II,141,V142,0.005627126,0.22626564,0
2HYY,ABL1,II,142,K143,0.0034953658,-0.03805498,0
2HYY,ABL1,II,143,V144,0.0047766063,0.12080824,0
2HYY,ABL1,II,144,A145,0.00862095,0.5974751,1
2HYY,ABL1,II,145,D146,0.009846623,0.74944836,1
2HYY,ABL1,II,146,F147,0.008396878,0.56969196,1
2HYY,ABL1,II,147,G148,0.0084166415,0.5721425,0
2HYY,ABL1,II,148,L149,0.005049827,0.15468535,0
2HYY,ABL1,II,149,S150,0.002325236,-0.1831414,0
2HYY,ABL1,II,150,R151,0.0033900952,-0.05110767,0
2HYY,ABL1,II,151,L152,0.0034441368,-0.044406958,0
2HYY,ABL1,II,152,M153,0.0023952909,-0.17445518,0
2HYY,ABL1,II,153,T154,0.0015043493,-0.28492457,0
2HYY,ABL1,II,154,G155,0.0017132004,-0.25902873,0
2HYY,ABL1,II,155,D156,0.002152355,-0.20457722,0
2HYY,ABL1,II,156,T157,0.0023430504,-0.18093257,0
2HYY,ABL1,II,157,Y158,0.0029336184,-0.10770702,0
2HYY,ABL1,II,158,T159,0.0021032423,-0.21066678,0
2HYY,ABL1,II,159,A160,0.0033940573,-0.050616406,0
2HYY,ABL1,II,160,H161,0.0051335124,0.16506164,0
2HYY,ABL1,II,161,A162,0.0023703235,-0.17755093,0
2HYY,ABL1,II,162,G163,0.0018185065,-0.24597166,0
2HYY,ABL1,II,163,A164,0.003078281,-0.08977006,0
2HYY,ABL1,II,164,K165,0.004838477,0.12847967,0
2HYY,ABL1,II,165,F166,0.0042012227,0.049465425,0
2HYY,ABL1,II,166,P167,0.004161857,0.044584416,0
2HYY,ABL1,II,167,I168,0.0087127695,0.6088599,0
2HYY,ABL1,II,168,K169,0.0070389975,0.40132603,0
2HYY,ABL1,II,169,W170,0.0051570274,0.1679773,0
2HYY,ABL1,II,170,T171,0.00437668,0.071220696,0
2HYY,ABL1,II,171,A172,0.007148584,0.41491383,0
2HYY,ABL1,II,172,P173,0.003812376,0.0012516476,0
2HYY,ABL1,II,173,E174,0.004521995,0.089238524,0
2HYY,ABL1,II,174,S175,0.00345762,-0.04273515,0
2HYY,ABL1,II,175,L176,0.0031933319,-0.0755047,0
2HYY,ABL1,II,176,A177,0.0027118844,-0.13520019,0
2HYY,ABL1,II,177,Y178,0.0024011005,-0.17373483,0
2HYY,ABL1,II,178,N179,0.0024666851,-0.16560288,0
2HYY,ABL1,II,179,K180,0.00146935,-0.2892642,0
2HYY,ABL1,II,180,F181,0.0019755184,-0.22650349,0
2HYY,ABL1,II,181,S182,0.001965231,-0.22777905,0
2HYY,ABL1,II,182,I183,0.0025134867,-0.15979987,0
2HYY,ABL1,II,183,K184,0.0013778153,-0.30061373,0
2HYY,ABL1,II,184,S185,0.0035323706,-0.033466704,0
2HYY,ABL1,II,185,D186,0.008080205,0.53042716,0
2HYY,ABL1,II,186,V187,0.0020468452,-0.21765956,0
2HYY,ABL1,II,187,W188,0.007990773,0.5193383,0
2HYY,ABL1,II,188,A189,0.004347988,0.0676631,0
2HYY,ABL1,II,189,F190,0.0023144633,-0.18447714,0
2HYY,ABL1,II,190,G191,0.0024239805,-0.1708979,0
2HYY,ABL1,II,191,V192,0.0073672784,0.44203016,0
2HYY,ABL1,II,192,L193,0.0031340534,-0.08285473,0
2HYY,ABL1,II,193,L194,0.0024360155,-0.16940565,0
2HYY,ABL1,II,194,W195,0.0018110577,-0.24689525,0
2HYY,ABL1,II,195,E196,0.004444913,0.07968101,0
2HYY,ABL1,II,196,I197,0.0023130546,-0.18465179,0
2HYY,ABL1,II,197,A198,0.0019202423,-0.23335727,0
2HYY,ABL1,II,198,T199,0.004735115,0.115663655,0
2HYY,ABL1,II,199,Y200,0.00477271,0.12032514,0
2HYY,ABL1,II,200,G201,0.004609854,0.100132324,0
2HYY,ABL1,II,201,M202,0.007961322,0.5156866,0
2HYY,ABL1,II,202,S203,0.0040210946,0.02713104,0
2HYY,ABL1,II,203,P204,0.0045655593,0.09464016,0
2HYY,ABL1,II,204,Y205,0.00744869,0.4521245,0
2HYY,ABL1,II,205,P206,0.0041213315,0.03955958,0
2HYY,ABL1,II,206,G207,0.0019315304,-0.23195764,0
2HYY,ABL1,II,207,I208,0.0038773683,0.009310161,0
2HYY,ABL1,II,208,D209,0.001467836,-0.2894519,0
2HYY,ABL1,II,209,L210,0.0021074265,-0.21014798,0
2HYY,ABL1,II,210,S211,0.0027569693,-0.12961005,0
2HYY,ABL1,II,211,Q212,0.0017178025,-0.2584581,0
2HYY,ABL1,II,212,V213,0.004710387,0.112597585,0
2HYY,ABL1,II,213,Y214,0.0026379053,-0.144373,0
2HYY,ABL1,II,214,E215,0.001956556,-0.22885467,0
2HYY,ABL1,II,215,L216,0.0036812606,-0.015005567,0
2HYY,ABL1,II,216,L217,0.005364065,0.19364826,0
2HYY,ABL1,II,217,E218,0.0019227063,-0.23305176,0
2HYY,ABL1,II,218,K219,0.0018039217,-0.24778008,0
2HYY,ABL1,II,219,D220,0.0020329426,-0.21938336,0
2HYY,ABL1,II,220,Y221,0.0032519023,-0.068242446,0
2HYY,ABL1,II,221,R222,0.0023889923,-0.17523615,0
2HYY,ABL1,II,222,M223,0.0025187985,-0.15914126,0
2HYY,ABL1,II,223,E224,0.0016231585,-0.27019322,0
2HYY,ABL1,II,224,R225,0.0015561586,-0.27850065,0
2HYY,ABL1,II,225,P226,0.0017043554,-0.2601255,0
2HYY,ABL1,II,226,E227,0.0011632809,-0.3272142,0
2HYY,ABL1,II,227,G228,0.0012729074,-0.31362143,0
2HYY,ABL1,II,228,C229,0.0023911633,-0.17496696,0
2HYY,ABL1,II,229,P230,0.0011556094,-0.32816544,0
2HYY,ABL1,II,230,E231,0.009425933,0.69728625,0
2HYY,ABL1,II,231,K232,0.0012382739,-0.3179157,0
2HYY,ABL1,II,232,V233,0.0018114796,-0.24684294,0
2HYY,ABL1,II,233,Y234,0.0014278024,-0.29441577,0
2HYY,ABL1,II,234,E235,0.0015594561,-0.2780918,0
2HYY,ABL1,II,235,L236,0.0016215255,-0.2703957,0
2HYY,ABL1,II,236,M237,0.002420129,-0.17137545,0
2HYY,ABL1,II,237,R238,0.0016692311,-0.2644806,0
2HYY,ABL1,II,238,A239,0.0011782859,-0.3253537,0
2HYY,ABL1,II,239,C240,0.001471175,-0.2890379,0
2HYY,ABL1,II,240,W241,0.0034679074,-0.041459598,0
2HYY,ABL1,II,241,Q242,0.0012530589,-0.3160825,0
2HYY,ABL1,II,242,W243,0.0016813063,-0.26298335,0
2HYY,ABL1,II,243,N244,0.0011548308,-0.32826197,0
2HYY,ABL1,II,244,P245,0.0015137515,-0.28375876,0
2HYY,ABL1,II,245,S246,0.0013133873,-0.30860224,0
2HYY,ABL1,II,246,D247,0.0012395264,-0.31776038,0
2HYY,ABL1,II,247,R248,0.002838726,-0.1194729,0
2HYY,ABL1,II,248,P249,0.00112326,-0.33217648,0
2HYY,ABL1,II,249,S250,0.0010647122,-0.33943594,0
2HYY,ABL1,II,250,F251,0.0013929621,-0.29873568,0
2HYY,ABL1,II,251,A252,0.0011289242,-0.33147418,0
2HYY,ABL1,II,252,E253,0.0012816618,-0.31253594,0
2HYY,ABL1,II,253,I254,0.0015350926,-0.28111267,0
2HYY,ABL1,II,254,H255,0.001454674,-0.29108387,0
2HYY,ABL1,II,255,Q256,0.10336251,12.344645,0
2HYY,ABL1,II,256,A257,0.01945809,1.941191,0
2HYY,ABL1,II,257,F258,0.0017880979,-0.24974209,0
2HYY,ABL1,II,258,E259,0.0012717749,-0.31376186,0
2HYY,ABL1,II,259,T260,0.0024169988,-0.17176357,0
2HYY,ABL1,II,260,M261,0.0015342417,-0.28121814,0
2HYY,ABL1,II,261,F262,0.0018315662,-0.24435237,0
2HYY,ABL1,II,262,Q263,0.0012840742,-0.31223688,0
1KE6,CDK2,I,0,M1,0.0024425653,-0.2247385,0
1KE6,CDK2,I,1,E2,0.0066600135,0.61488765,0
1KE6,CDK2,I,2,N3,0.0042497516,0.13504325,0
1KE6,CDK2,I,3,F4,0.0015882975,-0.39480945,0
1KE6,CDK2,I,4,Q5,0.0017130802,-0.36996725,0
1KE6,CDK2,I,5,K6,0.0017398379,-0.3646402,0
1KE6,CDK2,I,6,V7,0.0017346719,-0.36566868,0
1KE6,CDK2,I,7,E8,0.0018973412,-0.33328384,0
1KE6,CDK2,I,8,K9,0.004065767,0.09841486,0
1KE6,CDK2,I,9,I10,0.0037780076,0.0411266,1
1KE6,CDK2,I,10,G11,0.0037437922,0.034314867,0
1KE6,CDK2,I,11,E12,0.002914987,-0.13068691,0
1KE6,CDK2,I,12,G13,0.0056123245,0.4063096,0
1KE6,CDK2,I,13,T14,0.006642491,0.61139923,0
1KE6,CDK2,I,14,Y15,0.018731652,3.0181568,0
1KE6,CDK2,I,15,G16,0.0030208786,-0.109605595,0
1KE6,CDK2,I,16,V17,0.0048902463,0.26255545,0
1KE6,CDK2,I,17,V18,0.004549687,0.19475552,1
1KE6,CDK2,I,18,Y19,0.0026352708,-0.18637392,0
1KE6,CDK2,I,19,K20,0.0019919449,-0.3144498,0
1KE6,CDK2,I,20,A21,0.0022164113,-0.26976213,0
1KE6,CDK2,I,21,R22,0.0016827696,-0.3760016,0
1KE6,CDK2,I,22,N23,0.0022599492,-0.26109442,0
1KE6,CDK2,I,23,K24,0.0016316421,-0.38618025,0
1KE6,CDK2,I,24,L25,0.00418156,0.12146743,0
1KE6,CDK2,I,25,T26,0.00163726,-0.38506183,0
1KE6,CDK2,I,26,G27,0.002444622,-0.22432901,0
1KE6,CDK2,I,27,E28,0.0030713498,-0.0995576,0
1KE6,CDK2,I,28,V29,0.0016631236,-0.3799128,0
1KE6,CDK2,I,29,V30,0.0017134176,-0.36990008,0
1KE6,CDK2,I,30,A31,0.002392103,-0.23478472,1
1KE6,CDK2,I,31,L32,0.0015968517,-0.39310646,0
1KE6,CDK2,I,32,K33,0.002132473,-0.28647286,1
1KE6,CDK2,I,33,K34,0.0017722518,-0.35818714,0
1KE6,CDK2,I,34,I35,0.0024143266,-0.23036034,0
1KE6,CDK2,I,35,R36,0.0020767543,-0.29756558,0
1KE6,CDK2,I,36,V37,0.011539855,1.5863856,0
1KE6,CDK2,I,37,P38,0.011160082,1.510779,0
1KE6,CDK2,I,38,S39,0.0070504546,0.6926182,0
1KE6,CDK2,I,39,T40,0.0076401085,0.8100088,0
1KE6,CDK2,I,40,A41,0.0016352949,-0.38545305,0
1KE6,CDK2,I,41,I42,0.0019836063,-0.31610987,0
1KE6,CDK2,I,42,R43,0.0017893793,-0.35477734,0
1KE6,CDK2,I,43,E44,0.0019319617,-0.32639146,0
1KE6,CDK2,I,44,I45,0.0026003143,-0.1933332,0
1KE6,CDK2,I,45,S46,0.0017500288,-0.36261138,0
1KE6,CDK2,I,46,L47,0.0027904594,-0.15547836,0
1KE6,CDK2,I,47,L48,0.0019564661,-0.32151303,0
1KE6,CDK2,I,48,K49,0.0016047755,-0.391529,0
1KE6,CDK2,I,49,E50,0.0017006831,-0.3724353,0
1KE6,CDK2,I,50,L51,0.0020563938,-0.30161902,0
1KE6,CDK2,I,51,N52,0.007461649,0.77448034,0
1KE6,CDK2,I,52,H53,0.0016474877,-0.38302565,0
1KE6,CDK2,I,53,P54,0.0046540108,0.21552475,0
1KE6,CDK2,I,54,N55,0.0015186131,-0.4086825,0
1KE6,CDK2,I,55,I56,0.0017268452,-0.36722687,0
1KE6,CDK2,I,56,V57,0.0021284749,-0.28726885,1
1KE6,CDK2,I,57,K58,0.0012972832,-0.45274574,0
1KE6,CDK2,I,58,L59,0.002465142,-0.22024384,0
1KE6,CDK2,I,59,L60,0.0022456439,-0.2639424,0
1KE6,CDK2,I,60,D61,0.001789177,-0.3548176,0
1KE6,CDK2,I,61,V62,0.0029992552,-0.113910474,0
1KE6,CDK2,I,62,I63,0.0016338126,-0.38574815,0
1KE6,CDK2,I,63,H64,0.0018623928,-0.34024152,0
1KE6,CDK2,I,64,T65,0.0015660392,-0.39924076,0
1KE6,CDK2,I,65,E66,0.0017016283,-0.37224713,0
1KE6,CDK2,I,66,N67,0.0015205294,-0.40830103,0
1KE6,CDK2,I,67,K68,0.001446992,-0.4229411,0
1KE6,CDK2,I,68,L69,0.0018422701,-0.3442476,0
1KE6,CDK2,I,69,Y70,0.0022235243,-0.26834604,0
1KE6,CDK2,I,70,L71,0.0017386829,-0.36487016,0
1KE6,CDK2,I,71,V72,0.0020599407,-0.3009129,0
1KE6,CDK2,I,72,F73,0.0067159887,0.6260314,1
1KE6,CDK2,I,73,E74,0.0017213068,-0.36832947,1
1KE6,CDK2,I,74,F75,0.0018770336,-0.33732677,1
1KE6,CDK2,I,75,L76,0.002526844,-0.20795996,1
1KE6,CDK2,I,76,H77,0.0017689989,-0.3588347,1
1KE6,CDK2,I,77,Q78,0.0019626336,-0.32028517,1
1KE6,CDK2,I,78,D79,0.0021803125,-0.2769488,1
1KE6,CDK2,I,79,L80,0.001985653,-0.31570238,0
1KE6,CDK2,I,80,K81,0.0022637092,-0.26034585,0
1KE6,CDK2,I,81,K82,0.0026326433,-0.18689701,1
1KE6,CDK2,I,82,F83,0.0020621226,-0.30047852,0
1KE6,CDK2,I,83,M84,0.003022847,-0.10921373,0
1KE6,CDK2,I,84,D85,0.002391175,-0.2349695,0
1KE6,CDK2,I,85,A86,0.0016577013,-0.3809923,0
1KE6,CDK2,I,86,S87,0.0017668821,-0.35925615,0
1KE6,CDK2,I,87,A88,0.0017345184,-0.36569923,0
1KE6,CDK2,I,88,L89,0.001778063,-0.3570302,0
1KE6,CDK2,I,89,T90,0.0018928519,-0.33417758,0
1KE6,CDK2,I,90,G91,0.001958241,-0.32115966,0
1KE6,CDK2,I,91,I92,0.001626794,-0.38714543,0
1KE6,CDK2,I,92,P93,0.0038032702,0.046155978,0
1KE6,CDK2,I,93,L94,0.0017619652,-0.36023504,0
1KE6,CDK2,I,94,P95,0.0018192821,-0.34882414,0
1KE6,CDK2,I,95,L96,0.0019743454,-0.31795353,0
1KE6,CDK2,I,96,I97,0.0016478389,-0.38295576,0
1KE6,CDK2,I,97,K98,0.0014851979,-0.41533497,0
1KE6,CDK2,I,98,S99,0.00157004,-0.39844427,0
1KE6,CDK2,I,99,Y100,0.0017845026,-0.35574818,0
1KE6,CDK2,I,100,L101,0.0015171843,-0.40896696,0
1KE6,CDK2,I,101,F102,0.0018803306,-0.33667037,0
1KE6,CDK2,I,102,Q103,0.0016625181,-0.38003334,0
1KE6,CDK2,I,103,L104,0.0019430183,-0.32419026,0
1KE6,CDK2,I,104,L105,0.0018866479,-0.3354127,0
1KE6,CDK2,I,105,Q106,0.0015776302,-0.39693317,0
1KE6,CDK2,I,106,G107,0.0018118593,-0.35030192,0
1KE6,CDK2,I,107,L108,0.0018873074,-0.3352814,0
1KE6,CDK2,I,108,A109,0.0013851444,-0.43525398,0
1KE6,CDK2,I,109,F110,0.0014894222,-0.41449395,0
1KE6,CDK2,I,110,C111,0.002145234,-0.28393236,0
1KE6,CDK2,I,111,H112,0.0027624946,-0.1610457,0
1KE6,CDK2,I,112,S113,0.0015035054,-0.41169024,0
1KE6,CDK2,I,113,H114,0.0024442102,-0.22441101,0
1KE6,CDK2,I,114,R115,0.0019979852,-0.31324723,0
1KE6,CDK2,I,115,V116,0.007588994,0.79983276,0
1KE6,CDK2,I,116,L117,0.014272001,2.130312,0
1KE6,CDK2,I,117,H118,0.013656242,2.0077243,0
1KE6,CDK2,I,118,R119,0.0061084004,0.5050703,0
1KE6,CDK2,I,119,D120,0.0051276837,0.30982542,0
1KE6,CDK2,I,120,L121,0.004127944,0.11079329,0
1KE6,CDK2,I,121,K122,0.007912076,0.8641532,0
1KE6,CDK2,I,122,P123,0.0029984412,-0.114072524,0
1KE6,CDK2,I,123,Q124,0.0054548504,0.37495905,0
1KE6,CDK2,I,124,N125,0.0038577328,0.056998603,0
1KE6,CDK2,I,125,L126,0.0022614445,-0.26079673,0
1KE6,CDK2,I,126,L127,0.001971573,-0.31850547,1
1KE6,CDK2,I,127,I128,0.0018617128,-0.34037688,0
1KE6,CDK2,I,128,N129,0.0017441385,-0.36378402,0
1KE6,CDK2,I,129,T130,0.0015527646,-0.4018835,0
1KE6,CDK2,I,130,E131,0.0019459757,-0.32360148,0
1KE6,CDK2,I,131,G132,0.0016815977,-0.37623492,0
1KE6,CDK2,I,132,A133,0.001732405,-0.36611998,0
1KE6,CDK2,I,133,I134,0.0020445555,-0.30397585,0
1KE6,CDK2,I,134,K135,0.0016986751,-0.37283507,0
1KE6,CDK2,I,135,L136,0.002683364,-0.17679933,0
1KE6,CDK2,I,136,A137,0.016568553,2.5875185,1
1KE6,CDK2,I,137,D138,0.0043586567,0.15672451,1
1KE6,CDK2,I,138,F139,0.0059598675,0.47549984,0
1KE6,CDK2,I,139,G140,0.0030448837,-0.10482657,0
1KE6,CDK2,I,140,L141,0.0026083214,-0.19173911,0
1KE6,CDK2,I,141,A142,0.0025831372,-0.19675288,0
1KE6,CDK2,I,142,R143,0.0021460457,-0.28377077,0
1KE6,CDK2,I,143,A144,0.0042001,0.12515841,0
1KE6,CDK2,I,144,F145,0.001982313,-0.3163673,0
1KE6,CDK2,I,145,V146,0.0019448926,-0.32381713,0
1KE6,CDK2,I,146,T147,0.0023825022,-0.23669608,0
1KE6,CDK2,I,147,L148,0.0021120335,-0.29054204,0
1KE6,CDK2,I,148,W149,0.0028231086,-0.14897844,0
1KE6,CDK2,I,149,Y150,0.0043285824,0.15073721,0
1KE6,CDK2,I,150,R151,0.0031003624,-0.093781665,0
1KE6,CDK2,I,151,A152,0.0036615974,0.017951204,0
1KE6,CDK2,I,152,P153,0.0028235316,-0.14889422,0
1KE6,CDK2,I,153,E154,0.0025203514,-0.20925252,0
1KE6,CDK2,I,154,I155,0.004357573,0.15650879,0
1KE6,CDK2,I,155,L156,0.002479366,-0.21741205,0
1KE6,CDK2,I,156,L157,0.0024384116,-0.22556542,0
1KE6,CDK2,I,157,G158,0.0023981049,-0.23358984,0
1KE6,CDK2,I,158,C159,0.0029201666,-0.12965575,0
1KE6,CDK2,I,159,K160,0.0027609763,-0.16134797,0
1KE6,CDK2,I,160,Y161,0.002003858,-0.31207803,0
1KE6,CDK2,I,161,Y162,0.0043456103,0.15412718,0
1KE6,CDK2,I,162,S163,0.002202466,-0.27253842,0
1KE6,CDK2,I,163,T164,0.0017403326,-0.36454174,0
1KE6,CDK2,I,164,A165,0.0017213889,-0.3683131,0
1KE6,CDK2,I,165,V166,0.006786441,0.6400573,0
1KE6,CDK2,I,166,D167,0.0028798296,-0.1376862,0
1KE6,CDK2,I,167,I168,0.0015852966,-0.3954069,0
1KE6,CDK2,I,168,W169,0.0030042885,-0.11290842,0
1KE6,CDK2,I,169,S170,0.0031923593,-0.07546654,0
1KE6,CDK2,I,170,L171,0.0016146369,-0.38956577,0
1KE6,CDK2,I,171,G172,0.0018345074,-0.34579304,0
1KE6,CDK2,I,172,C173,0.0037261124,0.03079511,0
1KE6,CDK2,I,173,I174,0.002388397,-0.23552252,0
1KE6,CDK2,I,174,F175,0.0016333781,-0.38583466,0
1KE6,CDK2,I,175,A176,0.0015140938,-0.4095822,0
1KE6,CDK2,I,176,E177,0.002261691,-0.26074764,0
1KE6,CDK2,I,177,M178,0.0016128281,-0.3899258,0
1KE6,CDK2,I,178,V179,0.001670254,-0.37849325,0
1KE6,CDK2,I,179,T180,0.0015284879,-0.4067166,0
1KE6,CDK2,I,180,R181,0.0018355503,-0.3455854,0
1KE6,CDK2,I,181,R182,0.0016881964,-0.3749212,0
1KE6,CDK2,I,182,A183,0.0019772877,-0.3173678,0
1KE6,CDK2,I,183,L184,0.0015531562,-0.40180555,0
1KE6,CDK2,I,184,F185,0.0018411847,-0.3444637,0
1KE6,CDK2,I,185,P186,0.0019115307,-0.33045894,0
1KE6,CDK2,I,186,G187,0.0024444968,-0.22435395,0
1KE6,CDK2,I,187,D188,0.002199359,-0.27315694,0
1KE6,CDK2,I,188,S189,0.0033518244,-0.043719627,0
1KE6,CDK2,I,189,E190,0.003543039,-0.005651848,0
1KE6,CDK2,I,190,I191,0.0027727361,-0.15900679,0
1KE6,CDK2,I,191,D192,0.002619196,-0.18957417,0
1KE6,CDK2,I,192,Q193,0.003387769,-0.036563627,0
1KE6,CDK2,I,193,L194,0.0020193756,-0.30898875,0
1KE6,CDK2,I,194,F195,0.003626052,0.010874701,0
1KE6,CDK2,I,195,R196,0.0021608954,-0.28081444,0
1KE6,CDK2,I,196,I197,0.0018761097,-0.33751068,0
1KE6,CDK2,I,197,F198,0.0023559162,-0.24198893,0
1KE6,CDK2,I,198,R199,0.0023742646,-0.23833606,0
1KE6,CDK2,I,199,T200,0.0018946448,-0.33382064,0
1KE6,CDK2,I,200,L201,0.0016473846,-0.38304618,0
1KE6,CDK2,I,201,G202,0.0018561294,-0.34148845,0
1KE6,CDK2,I,202,T203,0.001731651,-0.3662701,0
1KE6,CDK2,I,203,P204,0.0016557038,-0.38138998,0
1KE6,CDK2,I,204,D205,0.0050907563,0.30247378,0
1KE6,CDK2,I,205,E206,0.006212889,0.5258724,0
1KE6,CDK2,I,206,V207,0.0042100474,0.1271388,0
1KE6,CDK2,I,207,V208,0.0019571935,-0.32136822,0
1KE6,CDK2,I,208,W209,0.0016907116,-0.37442046,0
1KE6,CDK2,I,209,P210,0.006289393,0.5411031,0
1KE6,CDK2,I,210,G211,0.0019325702,-0.3262703,0
1KE6,CDK2,I,211,V212,0.0022894365,-0.25522396,0
1KE6,CDK2,I,212,T213,0.0018178478,-0.34910968,0
1KE6,CDK2,I,213,S214,0.0016205712,-0.38838428,0
1KE6,CDK2,I,214,M215,0.0020503546,-0.30282134,0
1KE6,CDK2,I,215,P216,0.0016181568,-0.388865,0
1KE6,CDK2,I,216,D217,0.0021598917,-0.28101426,0
1KE6,CDK2,I,217,Y218,0.0017018454,-0.37220392,0
1KE6,CDK2,I,218,K219,0.0019553995,-0.32172537,0
1KE6,CDK2,I,219,P220,0.001677794,-0.37699217,0
1KE6,CDK2,I,220,S221,0.0018786455,-0.33700585,0
1KE6,CDK2,I,221,F222,0.001770103,-0.35861492,0
1KE6,CDK2,I,222,P223,0.0076758144,0.8171173,0
1KE6,CDK2,I,223,K224,0.0020680306,-0.2993023,0
1KE6,CDK2,I,224,W225,0.0019072053,-0.33132005,0
1KE6,CDK2,I,225,A226,0.010767876,1.432697,0
1KE6,CDK2,I,226,R227,0.0042604893,0.13718094,0
1KE6,CDK2,I,227,Q228,0.0024028448,-0.2326462,0
1KE6,CDK2,I,228,D229,0.0031608387,-0.081741795,0
1KE6,CDK2,I,229,F230,0.0073764035,0.7575094,0
1KE6,CDK2,I,230,S231,0.004214531,0.12803136,0
1KE6,CDK2,I,231,K232,0.0017410383,-0.36440125,0
1KE6,CDK2,I,232,V233,0.0020806673,-0.29678658,0
1KE6,CDK2,I,233,V234,0.0018569314,-0.3413288,0
1KE6,CDK2,I,234,P235,0.0063322037,0.549626,0
1KE6,CDK2,I,235,P236,0.0016242191,-0.38765806,0
1KE6,CDK2,I,236,L237,0.0017869959,-0.35525182,0
1KE6,CDK2,I,237,D238,0.0023026583,-0.25259173,0
1KE6,CDK2,I,238,E239,0.040967986,7.4450536,0
1KE6,CDK2,I,239,D240,0.008006056,0.88286304,0
1KE6,CDK2,I,240,G241,0.0018670189,-0.33932054,0
1KE6,CDK2,I,241,R242,0.0016680779,-0.3789265,0
1KE6,CDK2,I,242,S243,0.0027453874,-0.16445148,0
1KE6,CDK2,I,243,L244,0.0016858467,-0.37538898,0
1KE6,CDK2,I,244,L245,0.0017548024,-0.36166102,0
1KE6,CDK2,I,245,S246,0.002884717,-0.1367132,0
1KE6,CDK2,I,246,Q247,0.0033900272,-0.036114052,0
1KE6,CDK2,I,247,M248,0.0017972543,-0.35320953,0
1KE6,CDK2,I,248,L249,0.0016543505,-0.38165936,0
1KE6,CDK2,I,249,H250,0.0015874124,-0.3949857,0
1KE6,CDK2,I,250,Y251,0.0032060728,-0.07273641,0
1KE6,CDK2,I,251,D252,0.0019016683,-0.3324224,0
1KE6,CDK2,I,252,P253,0.0018119544,-0.35028297,0
1KE6,CDK2,I,253,N254,0.0017632254,-0.35998413,0
1KE6,CDK2,I,254,K255,0.0018288443,-0.34692046,0
1KE6,CDK2,I,255,R256,0.0024503586,-0.22318697,0
1KE6,CDK2,I,256,I257,0.0018111502,-0.35044307,0
1KE6,CDK2,I,257,S258,0.001707614,-0.37105545,0
1KE6,CDK2,I,258,A259,0.0017872766,-0.35519594,0
1KE6,CDK2,I,259,K260,0.0017660921,-0.35941342,0
1KE6,CDK2,I,260,A261,0.0018807232,-0.33659223,0
1KE6,CDK2,I,261,A262,0.006395132,0.56215394,0
1KE6,CDK2,I,262,L263,0.0018372193,-0.34525314,0
1KE6,CDK2,I,263,A264,0.0053990185,0.36384383,0
1KE6,CDK2,I,264,H265,0.0016826416,-0.37602708,0
1KE6,CDK2,I,265,P266,0.0045984816,0.20446979,0
1KE6,CDK2,I,266,F267,0.0014413701,-0.42406034,0
1KE6,CDK2,I,267,F268,0.0017991406,-0.35283402,0
1KE6,CDK2,I,268,Q269,0.005393603,0.36276567,0
1KE6,CDK2,I,269,D270,0.00463505,0.21174996,0
1KE6,CDK2,I,270,V271,0.002401264,-0.23296092,0
1KE6,CDK2,I,271,T272,0.0039742338,0.08019208,0
1KE6,CDK2,I,272,K273,0.015710078,2.41661,0
1KE6,CDK2,I,273,P274,0.020882504,3.4463568,0
1KE6,CDK2,I,274,V275,0.0036174324,0.009158672,0
1KE6,CDK2,I,275,P276,0.013871495,2.0505776,0
1KE6,CDK2,I,276,H277,0.053317428,9.903628,0
1KE6,CDK2,I,277,L278,0.004596149,0.20400542,0
1KE6,CDK2,I,278,R279,0.03326582,5.9116764,0
1KE6,CDK2,I,279,L280,0.015943963,2.4631727,0
4RJ3,VEGFR2,II,0,M1,0.0011899828,-0.38703787,0
4RJ3,VEGFR2,II,1,E2,0.0026108865,-0.14734189,0
4RJ3,VEGFR2,II,2,N3,0.0021151917,-0.23096196,0
4RJ3,VEGFR2,II,3,F4,0.0013092658,-0.3669157,0
4RJ3,VEGFR2,II,4,Q5,0.0013628644,-0.35787404,0
4RJ3,VEGFR2,II,5,K6,0.0017379633,-0.2945976,0
4RJ3,VEGFR2,II,6,V7,0.0017435236,-0.29365963,0
4RJ3,VEGFR2,II,7,E8,0.0017139477,-0.29864886,0
4RJ3,VEGFR2,II,8,K9,0.003495526,0.0018902752,0
4RJ3,VEGFR2,II,9,I10,0.004104277,0.10458209,1
4RJ3,VEGFR2,II,10,G11,0.0035298069,0.007673197,1
4RJ3,VEGFR2,II,11,E12,0.0030699032,-0.069909155,1
4RJ3,VEGFR2,II,12,G13,0.0055777524,0.35314652,1
4RJ3,VEGFR2,II,13,T14,0.006422949,0.49572495,0
4RJ3,VEGFR2,II,14,Y15,0.015547462,2.034963,0
4RJ3,VEGFR2,II,15,G16,0.0031960276,-0.048632905,0
4RJ3,VEGFR2,II,16,V17,0.0056448844,0.3644712,0
4RJ3,VEGFR2,II,17,V18,0.0047532413,0.21405756,1
4RJ3,VEGFR2,II,18,Y19,0.0021534117,-0.22451451,0
4RJ3,VEGFR2,II,19,K20,0.0018712651,-0.27211058,0
4RJ3,VEGFR2,II,20,A21,0.0021295047,-0.22854745,0
4RJ3,VEGFR2,II,21,R22,0.0016982337,-0.3012997,0
4RJ3,VEGFR2,II,22,N23,0.0011030762,-0.40169838,0
4RJ3,VEGFR2,II,23,K24,0.0011316257,-0.3968823,0
4RJ3,VEGFR2,II,24,L25,0.0034474724,-0.006216027,0
4RJ3,VEGFR2,II,25,T26,0.0012843995,-0.37111047,0
4RJ3,VEGFR2,II,26,G27,0.0012310052,-0.3801177,0
4RJ3,VEGFR2,II,27,E28,0.002151199,-0.2248878,0
4RJ3,VEGFR2,II,28,V29,0.0014425685,-0.3444285,0
4RJ3,VEGFR2,II,29,V30,0.001196118,-0.38600293,0
4RJ3,VEGFR2,II,30,A31,0.001691911,-0.3023663,1
4RJ3,VEGFR2,II,31,L32,0.0009239192,-0.43192083,0
4RJ3,VEGFR2,II,32,K33,0.0027779094,-0.11916636,0
4RJ3,VEGFR2,II,33,I34,0.036848344,5.628265,0
4RJ3,VEGFR2,II,34,R35,0.037606742,5.7562013,0
4RJ3,VEGFR2,II,35,L36,0.059915733,9.519564,0
4RJ3,VEGFR2,II,36,P37,0.034054946,5.157039,0
4RJ3,VEGFR2,II,37,S38,0.004688101,0.20306887,0
4RJ3,VEGFR2,II,38,T39,0.0011287335,-0.3973702,0
4RJ3,VEGFR2,II,39,A40,0.0014147761,-0.3491169,0
4RJ3,VEGFR2,II,40,I41,0.0016518617,-0.3091223,0
4RJ3,VEGFR2,II,41,R42,0.0018597676,-0.27405012,0
4RJ3,VEGFR2,II,42,E43,0.0018396025,-0.2774518,0
4RJ3,VEGFR2,II,43,I44,0.0029870071,-0.08389311,0
4RJ3,VEGFR2,II,44,S45,0.0018953707,-0.26804414,0
4RJ3,VEGFR2,II,45,L46,0.004054569,0.09619673,0
4RJ3,VEGFR2,II,46,L47,0.0016284508,-0.31307155,0
4RJ3,VEGFR2,II,47,K48,0.0016902838,-0.3026408,0
4RJ3,VEGFR2,II,48,E49,0.0016924487,-0.30227557,0
4RJ3,VEGFR2,II,49,L50,0.0017521818,-0.29219905,0
4RJ3,VEGFR2,II,50,N51,0.0012124396,-0.38324955,0
4RJ3,VEGFR2,II,51,H52,0.0015437265,-0.3273639,0
4RJ3,VEGFR2,II,52,P53,0.0018758511,-0.27133694,0
4RJ3,VEGFR2,II,53,N54,0.0013400009,-0.36173093,0
4RJ3,VEGFR2,II,54,I55,0.0015575842,-0.32502624,0
4RJ3,VEGFR2,II,55,V56,0.001960442,-0.25706708,1
4RJ3,VEGFR2,II,56,K57,0.001146701,-0.3943392,0
4RJ3,VEGFR2,II,57,L58,0.0023703375,-0.18792073,0
4RJ3,VEGFR2,II,58,L59,0.001974611,-0.25467688,0
4RJ3,VEGFR2,II,59,D60,0.001195669,-0.38607866,0
4RJ3,VEGFR2,II,60,V61,0.0033871918,-0.016384913,0
4RJ3,VEGFR2,II,61,I62,0.0016879382,-0.30303645,0
4RJ3,VEGFR2,II,62,H63,0.0018287094,-0.2792894,0
4RJ3,VEGFR2,II,63,T64,0.0010388918,-0.41252577,0
4RJ3,VEGFR2,II,64,E65,0.0013200986,-0.36508828,0
4RJ3,VEGFR2,II,65,N66,0.0011797727,-0.38876024,0
4RJ3,VEGFR2,II,66,K67,0.0012835227,-0.37125838,0
4RJ3,VEGFR2,II,67,L68,0.0016481772,-0.30974385,0
4RJ3,VEGFR2,II,68,Y69,0.0017954065,-0.28490737,0
4RJ3,VEGFR2,II,69,L70,0.0016898108,-0.30272058,0
4RJ3,VEGFR2,II,70,V71,0.0018515959,-0.27542862,0
4RJ3,VEGFR2,II,71,F72,0.0072371922,0.6330818,1
4RJ3,VEGFR2,II,72,E73,0.001413293,-0.3493671,1
4RJ3,VEGFR2,II,73,F74,0.0019241984,-0.26318112,1
4RJ3,VEGFR2,II,74,L75,0.0026569164,-0.13957699,1
4RJ3,VEGFR2,II,75,H76,0.0016813423,-0.30414915,1
4RJ3,VEGFR2,II,76,Q77,0.0018312008,-0.27886912,1
4RJ3,VEGFR2,II,77,D78,0.0021702815,-0.2216687,1
4RJ3,VEGFR2,II,78,L79,0.0017829237,-0.2870131,0
4RJ3,VEGFR2,II,79,K80,0.0022163813,-0.21389203,0
4RJ3,VEGFR2,II,80,K81,0.0030018496,-0.08138929,0
4RJ3,VEGFR2,II,81,F82,0.0018650396,-0.2731608,0
4RJ3,VEGFR2,II,82,M83,0.0028313159,-0.11015709,0
4RJ3,VEGFR2,II,83,D84,0.002426513,-0.17844434,0
4RJ3,VEGFR2,II,84,A85,0.00151778,-0.33174092,0
4RJ3,VEGFR2,II,85,S86,0.0015044621,-0.33398756,0
4RJ3,VEGFR2,II,86,A87,0.001462982,-0.3409849,0
4RJ3,VEGFR2,II,87,L88,0.0013521772,-0.35967687,0
4RJ3,VEGFR2,II,88,T89,0.0013181756,-0.36541268,0
4RJ3,VEGFR2,II,89,G90,0.0012778317,-0.37221843,0
4RJ3,VEGFR2,II,90,I91,0.0013614978,-0.35810453,0
4RJ3,VEGFR2,II,91,P92,0.0034264445,-0.009763273,0
4RJ3,VEGFR2,II,92,L93,0.001264193,-0.37451917,0
4RJ3,VEGFR2,II,93,P94,0.0011493239,-0.3938967,0
4RJ3,VEGFR2,II,94,L95,0.0018494144,-0.27579662,0
4RJ3,VEGFR2,II,95,I96,0.0010817726,-0.40529212,0
4RJ3,VEGFR2,II,96,K97,0.0011482374,-0.39408,0
4RJ3,VEGFR2,II,97,S98,0.0009862662,-0.42140338,0
4RJ3,VEGFR2,II,98,Y99,0.0017485545,-0.29281095,0
4RJ3,VEGFR2,II,99,L100,0.001258922,-0.37540832,0
4RJ3,VEGFR2,II,100,F101,0.0016200774,-0.3144841,0
4RJ3,VEGFR2,II,101,Q102,0.0014592295,-0.34161794,0
4RJ3,VEGFR2,II,102,L103,0.0018933169,-0.2683906,0
4RJ3,VEGFR2,II,103,L104,0.00160088,-0.31772256,0
4RJ3,VEGFR2,II,104,Q105,0.0013016469,-0.36820096,0
4RJ3,VEGFR2,II,105,G106,0.0016275878,-0.31321713,0
4RJ3,VEGFR2,II,106,L107,0.0018006661,-0.2840201,0
4RJ3,VEGFR2,II,107,A108,0.0012478566,-0.377275,0
4RJ3,VEGFR2,II,108,F109,0.0015677694,-0.32330805,0
4RJ3,VEGFR2,II,109,C110,0.0020725946,-0.23814777,0
4RJ3,VEGFR2,II,110,H111,0.002636708,-0.14298598,0
4RJ3,VEGFR2,II,111,S112,0.0013152137,-0.36591235,0
4RJ3,VEGFR2,II,112,H113,0.0025011604,-0.16585188,0
4RJ3,VEGFR2,II,113,R114,0.002107682,-0.2322288,0
4RJ3,VEGFR2,II,114,V115,0.004932173,0.24424204,0
4RJ3,VEGFR2,II,115,L116,0.0073243277,0.6477809,0
4RJ3,VEGFR2,II,116,H117,0.008550009,0.8545442,0
4RJ3,VEGFR2,II,117,R118,0.0048827333,0.23590192,0
4RJ3,VEGFR2,II,118,D119,0.005168294,0.28407392,0
4RJ3,VEGFR2,II,119,L120,0.005285687,0.3038772,0
4RJ3,VEGFR2,II,120,K121,0.0069867102,0.59082735,0
4RJ3,VEGFR2,II,121,P122,0.003624329,0.023618404,0
4RJ3,VEGFR2,II,122,Q123,0.006744728,0.5500067,1
4RJ3,VEGFR2,II,123,N124,0.00412007,0.10724624,1
4RJ3,VEGFR2,II,124,L125,0.002375662,-0.18702252,0
4RJ3,VEGFR2,II,125,L126,0.001881609,-0.27036563,1
4RJ3,VEGFR2,II,126,I127,0.0017883813,-0.28609246,0
4RJ3,VEGFR2,II,127,N128,0.0013504621,-0.3599662,0
4RJ3,VEGFR2,II,128,T129,0.0012715437,-0.37327912,0
4RJ3,VEGFR2,II,129,E130,0.0013047124,-0.36768383,0
4RJ3,VEGFR2,II,130,G131,0.0015294254,-0.3297764,0
4RJ3,VEGFR2,II,131,A132,0.0010675458,-0.40769207,0
4RJ3,VEGFR2,II,132,I133,0.002035436,-0.24441615,0
4RJ3,VEGFR2,II,133,K134,0.0017061541,-0.2999636,0
4RJ3,VEGFR2,II,134,L135,0.0026164635,-0.1464011,0
4RJ3,VEGFR2,II,135,A136,0.034809265,5.2842875,1
4RJ3,VEGFR2,II,136,D137,0.00480192,0.22226933,1
4RJ3,VEGFR2,II,137,F138,0.011823923,1.4068295,0
4RJ3,VEGFR2,II,138,G139,0.004107513,0.10512797,0
4RJ3,VEGFR2,II,139,L140,0.0039767786,0.08307403,0
4RJ3,VEGFR2,II,140,A141,0.004470158,0.16630349,0
4RJ3,VEGFR2,II,141,R142,0.004023311,0.09092374,0
4RJ3,VEGFR2,II,142,A143,0.003031221,-0.07643457,0
4RJ3,VEGFR2,II,143,F144,0.0038883716,0.06816043,0
4RJ3,VEGFR2,II,144,G145,0.0028172482,-0.112530194,0
4RJ3,VEGFR2,II,145,V146,0.002357708,-0.19005123,0
4RJ3,VEGFR2,II,146,P147,0.0013880469,-0.35362592,0
4RJ3,VEGFR2,II,147,V148,0.0022891604,-0.20161472,0
4RJ3,VEGFR2,II,148,R149,0.002662146,-0.1386948,0
4RJ3,VEGFR2,II,149,T150,0.002421612,-0.17927112,0
4RJ3,VEGFR2,II,150,Y151,0.0029354827,-0.092584915,0
4RJ3,VEGFR2,II,151,T152,0.007685802,0.7087589,0
4RJ3,VEGFR2,II,152,H153,0.015175616,1.9722353,0
4RJ3,VEGFR2,II,153,E154,0.0040365965,0.093164876,0
4RJ3,VEGFR2,II,154,V155,0.00740754,0.6618182,0
4RJ3,VEGFR2,II,155,V156,0.0054776734,0.33626392,0
4RJ3,VEGFR2,II,156,T157,0.01270439,1.5553577,0
4RJ3,VEGFR2,II,157,L158,0.0046032695,0.18875843,0
4RJ3,VEGFR2,II,158,W159,0.0038939565,0.06910256,0
4RJ3,VEGFR2,II,159,Y160,0.0049851104,0.25317216,0
4RJ3,VEGFR2,II,160,R161,0.0050187376,0.25884485,0
4RJ3,VEGFR2,II,161,A162,0.003895492,0.0693616,0
4RJ3,VEGFR2,II,162,P163,0.0031249798,-0.060618144,0
4RJ3,VEGFR2,II,163,E164,0.0024861505,-0.16838394,0
4RJ3,VEGFR2,II,164,I165,0.0037985984,0.053016353,0
4RJ3,VEGFR2,II,165,L166,0.0027062935,-0.13124745,0
4RJ3,VEGFR2,II,166,L167,0.0024345284,-0.1770922,0
4RJ3,VEGFR2,II,167,G168,0.0023581588,-0.18997519,0
4RJ3,VEGFR2,II,168,C169,0.0028509642,-0.106842555,0
4RJ3,VEGFR2,II,169,K170,0.0023682388,-0.18827479,0
4RJ3,VEGFR2,II,170,Y171,0.0019588037,-0.25734344,0
4RJ3,VEGFR2,II,171,Y172,0.0035941598,0.018529072,0
4RJ3,VEGFR2,II,172,S173,0.0021316377,-0.22818764,0
4RJ3,VEGFR2,II,173,T174,0.0025264637,-0.1615834,0
4RJ3,VEGFR2,II,174,A175,0.0015349152,-0.32885033,0
4RJ3,VEGFR2,II,175,V176,0.0042912574,0.13612428,0
4RJ3,VEGFR2,II,176,D177,0.0026798102,-0.13571498,0
4RJ3,VEGFR2,II,177,I178,0.0013897185,-0.35334396,0
4RJ3,VEGFR2,II,178,W179,0.002985754,-0.0841045,0
4RJ3,VEGFR2,II,179,S180,0.0036977213,0.035999123,0
4RJ3,VEGFR2,II,180,L181,0.0016146391,-0.3154015,0
4RJ3,VEGFR2,II,181,G182,0.001722127,-0.29726908,0
4RJ3,VEGFR2,II,182,C183,0.002913947,-0.096217826,0
4RJ3,VEGFR2,II,183,I184,0.0026769084,-0.13620448,0
4RJ3,VEGFR2,II,184,F185,0.0013792105,-0.35511655,0
4RJ3,VEGFR2,II,185,A186,0.0014844075,-0.33737063,0
4RJ3,VEGFR2,II,186,E187,0.0021633238,-0.22284243,0
4RJ3,VEGFR2,II,187,M188,0.0015498935,-0.3263236,0
4RJ3,VEGFR2,II,188,V189,0.0014050914,-0.35075065,0
4RJ3,VEGFR2,II,189,T190,0.001607216,-0.31665373,0
4RJ3,VEGFR2,II,190,R191,0.0018103374,-0.28238863,0
4RJ3,VEGFR2,II,191,R192,0.0014263521,-0.34716415,0
4RJ3,VEGFR2,II,192,A193,0.002098172,-0.23383306,0
4RJ3,VEGFR2,II,193,L194,0.0014891388,-0.33657244,0
4RJ3,VEGFR2,II,194,F195,0.0018032189,-0.28358948,0
4RJ3,VEGFR2,II,195,P196,0.0019309777,-0.2620375,0
4RJ3,VEGFR2,II,196,G197,0.0027887458,-0.117338344,0
4RJ3,VEGFR2,II,197,D198,0.002491253,-0.16752319,0
4RJ3,VEGFR2,II,198,S199,0.0036284286,0.024309952,0
4RJ3,VEGFR2,II,199,E200,0.0049179853,0.24184866,0
4RJ3,VEGFR2,II,200,I201,0.0031517548,-0.05610139,0
4RJ3,VEGFR2,II,201,D202,0.0024412698,-0.17595498,0
4RJ3,VEGFR2,II,202,Q203,0.0034838999,-7.0973205e-05,0
4RJ3,VEGFR2,II,203,L204,0.0019904978,-0.2519969,0
4RJ3,VEGFR2,II,204,F205,0.0029767049,-0.085631035,0
4RJ3,VEGFR2,II,205,R206,0.002089308,-0.23532832,0
4RJ3,VEGFR2,II,206,I207,0.0018749449,-0.27148983,0
4RJ3,VEGFR2,II,207,F208,0.0021352635,-0.22757599,0
4RJ3,VEGFR2,II,208,R209,0.0023756232,-0.18702908,0
4RJ3,VEGFR2,II,209,T210,0.001934644,-0.26141903,0
4RJ3,VEGFR2,II,210,L211,0.001272245,-0.37316084,0
4RJ3,VEGFR2,II,211,G212,0.0015061011,-0.33371106,0
4RJ3,VEGFR2,II,212,T213,0.0017563034,-0.29150376,0
4RJ3,VEGFR2,II,213,P214,0.0014198468,-0.34826154,0
4RJ3,VEGFR2,II,214,D215,0.0041262163,0.10828307,0
4RJ3,VEGFR2,II,215,E216,0.0015484133,-0.32657328,0
4RJ3,VEGFR2,II,216,V217,0.0026128099,-0.14701743,0
4RJ3,VEGFR2,II,217,V218,0.0011602419,-0.39205495,0
4RJ3,VEGFR2,II,218,W219,0.0015390794,-0.32814786,0
4RJ3,VEGFR2,II,219,P220,0.0059022303,0.40788355,0
4RJ3,VEGFR2,II,220,G221,0.0013195043,-0.36518854,0
4RJ3,VEGFR2,II,221,V222,0.0023438416,-0.1923904,0
4RJ3,VEGFR2,II,222,T223,0.0017158223,-0.29833263,0
4RJ3,VEGFR2,II,223,S224,0.0013008702,-0.368332,0
4RJ3,VEGFR2,II,224,M225,0.0019460609,-0.25949308,0
4RJ3,VEGFR2,II,225,P226,0.0013582783,-0.35864764,0
4RJ3,VEGFR2,II,226,D227,0.0019958676,-0.25109106,0
4RJ3,VEGFR2,II,227,Y228,0.001449082,-0.34332973,0
4RJ3,VEGFR2,II,228,K229,0.0016595225,-0.30782998,0
4RJ3,VEGFR2,II,229,P230,0.0015699347,-0.3229428,0
4RJ3,VEGFR2,II,230,S231,0.0016660385,-0.30673078,0
4RJ3,VEGFR2,II,231,F232,0.0016642956,-0.3070248,0
4RJ3,VEGFR2,II,232,P233,0.0013400366,-0.3617249,0
4RJ3,VEGFR2,II,233,K234,0.0018094195,-0.28254348,0
4RJ3,VEGFR2,II,234,W235,0.001409745,-0.3499656,0
4RJ3,VEGFR2,II,235,A236,0.0015503305,-0.32624987,0
4RJ3,VEGFR2,II,236,R237,0.005781949,0.38759297,0
4RJ3,VEGFR2,II,237,Q238,0.001269884,-0.37355915,0
4RJ3,VEGFR2,II,238,D239,0.003312657,-0.028958403,0
4RJ3,VEGFR2,II,239,F240,0.0011550292,-0.39293426,0
4RJ3,VEGFR2,II,240,S241,0.0024439397,-0.1755046,0
4RJ3,VEGFR2,II,241,K242,0.0014219962,-0.34789893,0
4RJ3,VEGFR2,II,242,V243,0.0013275516,-0.363831,0
4RJ3,VEGFR2,II,243,V244,0.0014581255,-0.34180418,0
4RJ3,VEGFR2,II,244,P245,0.004793242,0.2208054,0
4RJ3,VEGFR2,II,245,P246,0.0013291427,-0.3635626,0
4RJ3,VEGFR2,II,246,L247,0.0011294866,-0.39724314,0
4RJ3,VEGFR2,II,247,D248,0.0012888603,-0.37035796,0
4RJ3,VEGFR2,II,248,E249,0.025119372,3.6496737,0
4RJ3,VEGFR2,II,249,D250,0.0028690987,-0.1037834,0
4RJ3,VEGFR2,II,250,G251,0.0011810062,-0.38855216,0
4RJ3,VEGFR2,II,251,R252,0.0012861233,-0.3708197,0
4RJ3,VEGFR2,II,252,S253,0.0011035936,-0.40161106,0
4RJ3,VEGFR2,II,253,L254,0.0011937147,-0.38640836,0
4RJ3,VEGFR2,II,254,L255,0.0012981757,-0.36878654,0
4RJ3,VEGFR2,II,255,S256,0.0028645238,-0.10455515,0
4RJ3,VEGFR2,II,256,Q257,0.0025052386,-0.1651639,0
4RJ3,VEGFR2,II,257,M258,0.0016201006,-0.3144802,0
4RJ3,VEGFR2,II,258,L259,0.0015158156,-0.33207226,0
4RJ3,VEGFR2,II,259,H260,0.0011638694,-0.391443,0
4RJ3,VEGFR2,II,260,Y261,0.0026369619,-0.14294317,0
4RJ3,VEGFR2,II,261,D262,0.0016194477,-0.3145903,0
4RJ3,VEGFR2,II,262,P263,0.0018434643,-0.27680036,0
4RJ3,VEGFR2,II,263,N264,0.0016463893,-0.31004548,0
4RJ3,VEGFR2,II,264,K265,0.0014543489,-0.34244126,0
4RJ3,VEGFR2,II,265,R266,0.0025822711,-0.1521691,0
4RJ3,VEGFR2,II,266,I267,0.00097567897,-0.42318937,0
4RJ3,VEGFR2,II,267,S268,0.0012688087,-0.37374052,0
4RJ3,VEGFR2,II,268,A269,0.0014877726,-0.33680293,0
4RJ3,VEGFR2,II,269,K270,0.0014848941,-0.33728853,0
4RJ3,VEGFR2,II,270,A271,0.0010183895,-0.41598442,0
4RJ3,VEGFR2,II,271,A272,0.0010165136,-0.41630083,0
4RJ3,VEGFR2,II,272,L273,0.0010053072,-0.4181913,0
4RJ3,VEGFR2,II,273,A274,0.0011153795,-0.3996229,0
4RJ3,VEGFR2,II,274,H275,0.0011468007,-0.3943224,0
4RJ3,VEGFR2,II,275,P276,0.001254302,-0.3761877,0
4RJ3,VEGFR2,II,276,F277,0.0012387648,-0.37880868,0
4RJ3,VEGFR2,II,277,F278,0.0016464583,-0.31003383,0
4RJ3,VEGFR2,II,278,Q279,0.0032742787,-0.035432518,0
4RJ3,VEGFR2,II,279,D280,0.001161952,-0.39176646,0
4RJ3,VEGFR2,II,280,V281,0.0010542988,-0.40992677,0
4RJ3,VEGFR2,II,281,T282,0.0055126133,0.34215805,0
4RJ3,VEGFR2,II,282,K283,0.010435888,1.1726781,0
4RJ3,VEGFR2,II,283,P284,0.014724837,1.8961922,0
4RJ3,VEGFR2,II,284,V285,0.0055807033,0.3536443,0
4RJ3,VEGFR2,II,285,P286,0.021879144,3.1030712,0
4RJ3,VEGFR2,II,286,H287,0.022596413,3.2240694,0
